{"type":"FeatureCollection","features":[{"type":"Feature","properties":{"codigo_region":"1","region":"Región de Tarapacá","area_km2":42284.5674},"geometry":{"type":"MultiPolygon","coordinates":[[[[-68.6251,-19.7853],[-68.5993,-19.828],[-68.5282,-19.8453],[-68.5423,-19.89],[-68.5216,-19.9243],[-68.5513,-20.0217],[-68.5662,-20.0501],[-68.6404,-20.0489],[-68.7621,-20.0782],[-68.7738,-20.1297],[-68.7057,-20.1325],[-68.6918,-20.177],[-68.7104,-20.1861],[-68.7119,-20.2052],[-68.6991,-20.2114],[-68.7147,-20.2262],[-68.7129,-20.2487],[-68.6973,-20.2584],[-68.6936,-20.2949],[-68.6604,-20.3195],[-68.6744,-20.3569],[-68.7415,-20.3684],[-68.7387,-20.4569],[-68.6663,-20.5167],[-68.5882,-20.5469],[-68.573,-20.5751],[-68.5356,-20.5694],[-68.5165,-20.6035],[-68.4851,-20.6052],[-68.4392,-20.644],[-68.5023,-20.6701],[-68.5312,-20.7217],[-68.5536,-20.7295],[-68.5394,-20.7936],[-68.5554,-20.8339],[-68.5534,-20.8761],[-68.5161,-20.9344],[-68.4807,-20.9452],[-68.5358,-21.0647],[-68.8608,-21.2851],[-69.3131,-21.3982],[-69.5513,-21.6306],[-69.5786,-21.6058],[-69.5988,-21.5605],[-69.6261,-21.5451],[-69.6393,-21.4997],[-69.667,-21.4621],[-69.7283,-21.4495],[-69.7641,-21.4205],[-69.781,-21.4407],[-69.8307,-21.4424],[-69.9405,-21.423],[-70.008,-21.4387],[-70.0398,-21.4247],[-70.0583,-21.43],[-70.0977,-21.3484],[-70.0667,-21.3116],[-70.0879,-21.2506],[-70.0828,-21.23],[-70.1334,-21.1292],[-70.1216,-21.1122],[-70.1253,-21.0872],[-70.1779,-21.0241],[-70.1278,-20.9447],[-70.1427,-20.9138],[-70.1374,-20.8853],[-70.1617,-20.8487],[-70.2092,-20.8116],[-70.186,-20.7968],[-70.1994,-20.7522],[-70.1838,-20.7369],[-70.1985,-20.7158],[-70.1822,-20.658],[-70.1983,-20.6234],[-70.1907,-20.5774],[-70.2002,-20.5383],[-70.1661,-20.5007],[-70.1693,-20.4731],[-70.1582,-20.4616],[-70.167,-20.4223],[-70.1589,-20.408],[-70.1818,-20.3791],[-70.1822,-20.3594],[-70.1429,-20.3288],[-70.1294,-20.2948],[-70.131,-20.2642],[-70.163,-20.2092],[-70.1407,-20.2011],[-70.1523,-20.1569],[-70.122,-20.0898],[-70.1333,-20.061],[-70.1228,-19.9883],[-70.1471,-19.9029],[-70.1319,-19.8795],[-70.1625,-19.8307],[-70.1468,-19.7854],[-70.1586,-19.7664],[-70.152,-19.7224],[-70.1749,-19.6982],[-70.1635,-19.6817],[-70.1742,-19.6729],[-70.1703,-19.6557],[-70.2079,-19.6285],[-70.2033,-19.6205],[-70.2396,-19.6033],[-70.2067,-19.5911],[-70.2136,-19.5643],[-70.2022,-19.4983],[-70.2272,-19.4397],[-70.2259,-19.4072],[-70.2617,-19.3525],[-70.2566,-19.3291],[-70.2854,-19.3088],[-70.2866,-19.23],[-70.1306,-19.1543],[-70.099,-19.1194],[-69.9531,-19.0511],[-69.8861,-19.0343],[-69.8276,-19.0469],[-69.6429,-19.0209],[-69.4735,-19.0364],[-69.4201,-19.025],[-69.4039,-19.0337],[-69.3962,-19.0613],[-69.3149,-19.1031],[-69.3179,-19.1365],[-69.2349,-19.0945],[-69.2032,-19.11],[-69.1918,-19.0944],[-69.158,-19.1048],[-69.1024,-19.068],[-69.1069,-19.0565],[-69.0751,-19.048],[-69.0722,-19.0272],[-69.0488,-19.032],[-69.0147,-19.0036],[-69.0109,-18.9856],[-69.0276,-18.9743],[-69.0202,-18.9537],[-68.9962,-18.9582],[-68.9503,-18.9369],[-68.8709,-19.0604],[-68.806,-19.0837],[-68.6341,-19.2455],[-68.6199,-19.2764],[-68.5425,-19.2965],[-68.4045,-19.416],[-68.4409,-19.4401],[-68.5722,-19.6053],[-68.6192,-19.6769],[-68.6196,-19.6964],[-68.6813,-19.718],[-68.6961,-19.7393],[-68.6931,-19.7523],[-68.6661,-19.7522],[-68.6511,-19.7719],[-68.6251,-19.7853]]]]}},{"type":"Feature","properties":{"codigo_region":"2","region":"Región de Antofagasta","area_km2":126071.4319},"geometry":{"type":"MultiPolygon","coordinates":[[[[-68.9957,-25.4106],[-69.0359,-25.4423],[-69.0018,-25.4613],[-68.9947,-25.5074],[-69.016,-25.5057],[-69.0286,-25.5323],[-69.0514,-25.5437],[-69.0573,-25.5696],[-69.0848,-25.5841],[-69.0705,-25.5858],[-69.0507,-25.6348],[-69.072,-25.6948],[-69.0958,-25.7216],[-69.0583,-25.7283],[-69.0801,-25.7444],[-69.0982,-25.8018],[-69.2213,-25.8342],[-69.2608,-25.8645],[-69.3488,-25.8668],[-69.3815,-25.8801],[-69.4404,-25.8602],[-69.4509,-25.8932],[-69.5028,-25.9151],[-69.503,-25.9487],[-69.6752,-25.9429],[-69.7566,-25.9174],[-69.8183,-25.9246],[-69.8541,-25.9468],[-69.9077,-25.8946],[-70.023,-25.9199],[-70.0761,-25.9659],[-70.0757,-25.954],[-70.0908,-25.9505],[-70.2001,-25.9417],[-70.2405,-25.9161],[-70.2639,-25.9314],[-70.2729,-25.9071],[-70.3006,-25.8958],[-70.3227,-25.93],[-70.3949,-25.9301],[-70.4201,-25.9534],[-70.4832,-25.9679],[-70.5261,-26.0096],[-70.6052,-26.0041],[-70.6147,-26.0582],[-70.6573,-26.061],[-70.6355,-26.0514],[-70.6292,-25.9887],[-70.6462,-25.95],[-70.6925,-25.9039],[-70.7103,-25.8405],[-70.7369,-25.8249],[-70.7223,-25.8042],[-70.7301,-25.7793],[-70.704,-25.7748],[-70.6842,-25.7445],[-70.6947,-25.711],[-70.6825,-25.6621],[-70.6362,-25.6468],[-70.6462,-25.5323],[-70.6321,-25.5281],[-70.6298,-25.508],[-70.5758,-25.5071],[-70.53,-25.4807],[-70.5164,-25.3957],[-70.4924,-25.4095],[-70.4541,-25.3815],[-70.4454,-25.3412],[-70.4556,-25.2974],[-70.4338,-25.2471],[-70.4414,-25.1814],[-70.4646,-25.1354],[-70.5028,-25.1146],[-70.5082,-25.0968],[-70.4885,-25.0738],[-70.467,-24.9953],[-70.4894,-24.9518],[-70.5287,-24.914],[-70.521,-24.8657],[-70.5438,-24.8426],[-70.5485,-24.7705],[-70.5777,-24.7326],[-70.5654,-24.703],[-70.573,-24.6531],[-70.559,-24.6439],[-70.5498,-24.5896],[-70.5794,-24.5516],[-70.5419,-24.4224],[-70.5563,-24.3741],[-70.5398,-24.3585],[-70.5493,-24.3284],[-70.5334,-24.3101],[-70.5335,-24.2467],[-70.5205,-24.2427],[-70.5108,-24.1988],[-70.5204,-24.184],[-70.5021,-24.1697],[-70.5203,-24.123],[-70.5038,-24.1195],[-70.4975,-24.0815],[-70.5186,-24.0206],[-70.5081,-23.9844],[-70.5166,-23.9253],[-70.4951,-23.9043],[-70.5269,-23.8648],[-70.5036,-23.8506],[-70.5047,-23.7984],[-70.4464,-23.7479],[-70.4042,-23.6643],[-70.3924,-23.5796],[-70.4202,-23.5087],[-70.487,-23.4653],[-70.5135,-23.4674],[-70.5312,-23.5265],[-70.5469,-23.5377],[-70.5994,-23.5062],[-70.6153,-23.5079],[-70.6192,-23.5211],[-70.6289,-23.5158],[-70.6235,-23.4766],[-70.6162,-23.4632],[-70.6051,-23.4728],[-70.5896,-23.4269],[-70.6073,-23.4036],[-70.6067,-23.3596],[-70.5826,-23.3263],[-70.6031,-23.2968],[-70.5981,-23.2226],[-70.57,-23.2087],[-70.5608,-23.1893],[-70.5795,-23.0838],[-70.5246,-23.0457],[-70.5166,-23.0246],[-70.5017,-23.0341],[-70.5016,-23.0712],[-70.4854,-23.0975],[-70.4183,-23.0897],[-70.3469,-23.026],[-70.3251,-22.9712],[-70.3106,-22.9633],[-70.3034,-22.9222],[-70.2893,-22.9136],[-70.3151,-22.8066],[-70.3049,-22.7758],[-70.3126,-22.7658],[-70.292,-22.7493],[-70.2804,-22.7165],[-70.2866,-22.6481],[-70.2626,-22.636],[-70.2843,-22.5717],[-70.2737,-22.5487],[-70.2541,-22.5417],[-70.2389,-22.4979],[-70.2666,-22.4611],[-70.2555,-22.4281],[-70.2629,-22.4133],[-70.2447,-22.3825],[-70.2568,-22.3565],[-70.2372,-22.311],[-70.2476,-22.2853],[-70.2334,-22.269],[-70.2408,-22.25],[-70.2254,-22.2125],[-70.2312,-22.1732],[-70.2144,-22.1304],[-70.2166,-22.0939],[-70.1986,-22.0883],[-70.1889,-22.0589],[-70.1976,-22.0123],[-70.1701,-21.9323],[-70.1914,-21.8995],[-70.1692,-21.8942],[-70.1488,-21.866],[-70.1416,-21.8059],[-70.1593,-21.7624],[-70.1448,-21.7186],[-70.1501,-21.6543],[-70.146,-21.6361],[-70.124,-21.6304],[-70.0929,-21.5887],[-70.0918,-21.5511],[-70.0705,-21.5274],[-70.0811,-21.4862],[-70.0583,-21.43],[-70.0398,-21.4247],[-70.008,-21.4387],[-69.9405,-21.423],[-69.8317,-21.4424],[-69.781,-21.4407],[-69.7641,-21.4205],[-69.7336,-21.4473],[-69.667,-21.4621],[-69.6393,-21.4997],[-69.6261,-21.5451],[-69.5988,-21.5605],[-69.5786,-21.6058],[-69.5513,-21.6306],[-69.3131,-21.3982],[-68.8608,-21.2851],[-68.5358,-21.0647],[-68.4795,-20.9406],[-68.4281,-20.946],[-68.4125,-20.9346],[-68.295,-21.0979],[-68.1792,-21.302],[-68.1808,-21.6043],[-68.0604,-21.7706],[-68.0724,-21.9788],[-68.0074,-22.0396],[-67.9648,-22.0537],[-67.9627,-22.0817],[-67.9392,-22.1075],[-67.9576,-22.1664],[-67.9321,-22.202],[-67.9154,-22.2723],[-67.9373,-22.2732],[-67.9321,-22.3035],[-67.9431,-22.3282],[-67.9306,-22.3429],[-67.9406,-22.3586],[-67.9316,-22.3725],[-67.943,-22.3818],[-67.896,-22.4047],[-67.9048,-22.4181],[-67.8839,-22.4433],[-67.8927,-22.4994],[-67.8693,-22.5324],[-67.8415,-22.5328],[-67.8528,-22.5572],[-67.8324,-22.5809],[-67.8616,-22.5974],[-67.8578,-22.6217],[-67.8846,-22.6277],[-67.8752,-22.6621],[-67.8885,-22.6663],[-67.8685,-22.6813],[-67.8903,-22.7187],[-67.8671,-22.7417],[-67.8825,-22.8337],[-67.827,-22.8449],[-67.83,-22.8563],[-67.799,-22.8813],[-67.5685,-22.8981],[-67.1805,-22.8141],[-66.9909,-22.9996],[-67.3227,-24.0341],[-68.2583,-24.4017],[-68.2676,-24.4353],[-68.2972,-24.4548],[-68.3087,-24.4911],[-68.3874,-24.4846],[-68.4323,-24.5765],[-68.4333,-24.6057],[-68.4505,-24.602],[-68.4678,-24.6227],[-68.4952,-24.6004],[-68.5035,-24.6177],[-68.4863,-24.64],[-68.4919,-24.6637],[-68.5433,-24.7254],[-68.5679,-24.7956],[-68.5396,-24.8162],[-68.5194,-24.8736],[-68.4924,-24.8753],[-68.4825,-24.8971],[-68.4313,-24.906],[-68.439,-24.9191],[-68.4269,-24.9612],[-68.408,-24.9731],[-68.4159,-24.996],[-68.4064,-25.0285],[-68.3896,-25.0392],[-68.3777,-25.0325],[-68.3667,-25.0826],[-68.3436,-25.1108],[-68.4092,-25.145],[-68.4367,-25.1227],[-68.4434,-25.1334],[-68.4592,-25.1266],[-68.4713,-25.1503],[-68.5066,-25.1682],[-68.5055,-25.2178],[-68.55,-25.2614],[-68.5295,-25.2911],[-68.5574,-25.3015],[-68.5789,-25.2858],[-68.5945,-25.3029],[-68.5993,-25.2935],[-68.6362,-25.3133],[-68.6548,-25.3029],[-68.6735,-25.3315],[-68.6732,-25.3618],[-68.6983,-25.3642],[-68.725,-25.3904],[-68.7476,-25.3808],[-68.7827,-25.4029],[-68.8222,-25.3701],[-68.8479,-25.3829],[-68.9168,-25.3757],[-68.9612,-25.3903],[-68.9852,-25.3757],[-68.9901,-25.4048],[-68.9957,-25.4106]]],[[[-70.609,-23.448],[-70.6159,-23.4376],[-70.6013,-23.4385],[-70.609,-23.448]]]]}},{"type":"Feature","properties":{"codigo_region":"3","region":"Región de Atacama","area_km2":75661.2486},"geometry":{"type":"MultiPolygon","coordinates":[[[[-71.5644,-29.0399],[-71.5817,-29.0479],[-71.5884,-29.0284],[-71.573,-29.0213],[-71.563,-29.0348],[-71.5644,-29.0399]]],[[[-71.2307,-29.1832],[-71.2832,-29.1851],[-71.3515,-29.1415],[-71.3703,-29.1448],[-71.3889,-29.1766],[-71.4173,-29.1874],[-71.4903,-29.1802],[-71.504,-29.1451],[-71.4616,-29.1054],[-71.4694,-29.088],[-71.4967,-29.0811],[-71.4788,-29.0599],[-71.5015,-29.0203],[-71.4919,-28.9844],[-71.5244,-28.9871],[-71.5048,-28.952],[-71.5174,-28.9098],[-71.4813,-28.8476],[-71.4573,-28.8458],[-71.3796,-28.7953],[-71.3651,-28.7424],[-71.2961,-28.6806],[-71.2796,-28.6332],[-71.3148,-28.5658],[-71.2965,-28.5676],[-71.258,-28.5409],[-71.2559,-28.5095],[-71.2721,-28.4998],[-71.2508,-28.4844],[-71.2593,-28.4638],[-71.244,-28.472],[-71.2158,-28.4622],[-71.1921,-28.388],[-71.1623,-28.3622],[-71.1634,-28.339],[-71.1977,-28.299],[-71.183,-28.2988],[-71.154,-28.2288],[-71.1695,-28.1701],[-71.1666,-28.1257],[-71.1847,-28.1196],[-71.1834,-28.1095],[-71.1447,-28.0804],[-71.1426,-28.0531],[-71.1534,-28.0433],[-71.1406,-28.0234],[-71.1426,-27.9501],[-71.1047,-27.8933],[-71.1125,-27.8592],[-71.0852,-27.8262],[-71.0865,-27.7896],[-71.0655,-27.7525],[-71.0349,-27.732],[-71.0435,-27.7207],[-71.037,-27.6621],[-70.9966,-27.6893],[-70.972,-27.6609],[-70.9436,-27.6665],[-70.935,-27.6418],[-70.9109,-27.6396],[-70.8981,-27.6199],[-70.9078,-27.5546],[-70.8863,-27.4919],[-70.9268,-27.4416],[-70.9472,-27.3792],[-70.9633,-27.371],[-70.9335,-27.3296],[-70.9319,-27.3078],[-70.9633,-27.2499],[-70.9471,-27.219],[-70.9714,-27.1918],[-70.971,-27.1714],[-70.9352,-27.1096],[-70.8976,-27.1427],[-70.8636,-27.1293],[-70.8524,-27.1074],[-70.8671,-27.1009],[-70.8653,-27.0833],[-70.8468,-27.0912],[-70.8414,-27.0783],[-70.856,-27.0731],[-70.8484,-27.0529],[-70.8261,-27.066],[-70.8098,-27.0584],[-70.8251,-27.0354],[-70.7892,-26.9927],[-70.8111,-26.9601],[-70.7986,-26.9444],[-70.8156,-26.9201],[-70.8134,-26.8973],[-70.8337,-26.8804],[-70.8128,-26.8683],[-70.8193,-26.8516],[-70.798,-26.8364],[-70.7812,-26.777],[-70.737,-26.7536],[-70.758,-26.7095],[-70.7281,-26.6897],[-70.7034,-26.5786],[-70.6833,-26.5722],[-70.6848,-26.5515],[-70.7067,-26.5303],[-70.6857,-26.4481],[-70.6995,-26.3938],[-70.6731,-26.3908],[-70.659,-26.3624],[-70.6276,-26.3467],[-70.6388,-26.3127],[-70.6693,-26.3052],[-70.6756,-26.2907],[-70.6471,-26.2561],[-70.6731,-26.2039],[-70.6563,-26.1838],[-70.6735,-26.1674],[-70.6697,-26.1421],[-70.6528,-26.1314],[-70.6573,-26.061],[-70.6147,-26.0582],[-70.6052,-26.0041],[-70.5245,-26.0088],[-70.4832,-25.9679],[-70.4201,-25.9534],[-70.3932,-25.9288],[-70.3227,-25.93],[-70.3006,-25.8958],[-70.2747,-25.9075],[-70.2639,-25.9314],[-70.2405,-25.9161],[-70.2001,-25.9417],[-70.077,-25.9529],[-70.0761,-25.9659],[-70.023,-25.9199],[-69.9077,-25.8946],[-69.8541,-25.9468],[-69.8183,-25.9246],[-69.7566,-25.9174],[-69.6752,-25.9429],[-69.5249,-25.9513],[-69.503,-25.9487],[-69.5028,-25.9151],[-69.4509,-25.8932],[-69.4404,-25.8602],[-69.3815,-25.8801],[-69.3529,-25.8674],[-69.2525,-25.8625],[-69.2213,-25.8342],[-69.0982,-25.8018],[-69.079,-25.7433],[-69.0598,-25.7306],[-69.0958,-25.7216],[-69.0704,-25.6914],[-69.0508,-25.6364],[-69.0828,-25.5799],[-69.0573,-25.5696],[-69.0514,-25.5437],[-69.0295,-25.5331],[-69.016,-25.5057],[-68.9947,-25.5074],[-69.0018,-25.4613],[-69.0359,-25.4423],[-68.9901,-25.4048],[-68.9852,-25.3757],[-68.9612,-25.3903],[-68.9168,-25.3757],[-68.8479,-25.3829],[-68.8277,-25.3697],[-68.7827,-25.4029],[-68.7492,-25.3811],[-68.7262,-25.3905],[-68.6983,-25.3642],[-68.6751,-25.3622],[-68.659,-25.3044],[-68.6362,-25.3133],[-68.6003,-25.2932],[-68.5892,-25.3007],[-68.5774,-25.286],[-68.5456,-25.2987],[-68.5182,-25.3416],[-68.5239,-25.3787],[-68.5434,-25.3839],[-68.5733,-25.4192],[-68.591,-25.4147],[-68.5894,-25.448],[-68.572,-25.4956],[-68.54,-25.5074],[-68.5427,-25.5485],[-68.5151,-25.5748],[-68.541,-25.597],[-68.5457,-25.632],[-68.4774,-25.7022],[-68.381,-26.1779],[-68.5575,-26.2864],[-68.586,-26.4939],[-68.367,-26.7969],[-68.2632,-26.9168],[-68.2896,-26.9238],[-68.2925,-26.9567],[-68.319,-26.9817],[-68.2931,-27.038],[-68.3801,-27.0427],[-68.4052,-27.0659],[-68.4278,-27.0628],[-68.4506,-27.094],[-68.4745,-27.0818],[-68.4842,-27.0578],[-68.4766,-27.1206],[-68.4984,-27.1343],[-68.5412,-27.1096],[-68.5564,-27.1135],[-68.5533,-27.1383],[-68.5654,-27.1436],[-68.573,-27.1788],[-68.597,-27.1585],[-68.6208,-27.1699],[-68.634,-27.1609],[-68.6705,-27.0984],[-68.7525,-27.1117],[-68.777,-27.0978],[-68.807,-27.1525],[-68.8252,-27.1468],[-68.8431,-27.159],[-68.8603,-27.1909],[-68.8504,-27.2159],[-68.8715,-27.2502],[-68.8086,-27.3012],[-68.8722,-27.3197],[-68.8931,-27.3585],[-68.8876,-27.3994],[-68.9305,-27.409],[-68.9322,-27.442],[-68.9804,-27.4323],[-68.9881,-27.4526],[-68.9613,-27.4713],[-68.9407,-27.5202],[-68.9875,-27.5246],[-68.9731,-27.5435],[-68.9767,-27.562],[-69.0097,-27.5884],[-69.0239,-27.5865],[-69.0529,-27.6182],[-69.0595,-27.6633],[-69.0423,-27.6791],[-69.0439,-27.6984],[-69.0902,-27.723],[-69.0901,-27.7879],[-69.1143,-27.8582],[-69.1332,-27.8721],[-69.133,-27.9138],[-69.1563,-27.9324],[-69.1731,-27.9716],[-69.2376,-27.967],[-69.2537,-28.007],[-69.2665,-28.0109],[-69.2633,-28.0472],[-69.3012,-28.0719],[-69.3086,-28.1299],[-69.3359,-28.1642],[-69.3834,-28.1848],[-69.3898,-28.2224],[-69.4538,-28.1822],[-69.4823,-28.2115],[-69.4759,-28.2389],[-69.5032,-28.2669],[-69.5231,-28.329],[-69.5806,-28.3511],[-69.5972,-28.3946],[-69.6284,-28.3781],[-69.63,-28.394],[-69.6375,-28.3886],[-69.657,-28.4114],[-69.6329,-28.4302],[-69.6408,-28.4444],[-69.6608,-28.4456],[-69.6777,-28.4744],[-69.6648,-28.482],[-69.6641,-28.5218],[-69.6507,-28.5321],[-69.6696,-28.5543],[-69.6601,-28.5827],[-69.6956,-28.5959],[-69.6885,-28.605],[-69.7314,-28.6849],[-69.7268,-28.7319],[-69.6918,-28.7699],[-69.7093,-28.7884],[-69.7087,-28.8139],[-69.7281,-28.8468],[-69.7444,-28.8501],[-69.7463,-28.882],[-69.7657,-28.8991],[-69.755,-28.9817],[-69.7855,-29.014],[-69.7958,-29.0824],[-69.7874,-29.1301],[-69.8743,-29.1382],[-69.9241,-29.1865],[-69.9526,-29.1885],[-69.9363,-29.2471],[-69.95,-29.2658],[-69.9971,-29.2851],[-69.9964,-29.302],[-70.0189,-29.3212],[-70.0111,-29.3547],[-70.0197,-29.3848],[-69.9671,-29.4124],[-69.9814,-29.4517],[-69.9557,-29.4667],[-69.953,-29.4995],[-69.9883,-29.4953],[-70.0225,-29.5197],[-70.0892,-29.5351],[-70.1042,-29.5216],[-70.1334,-29.5312],[-70.1705,-29.5246],[-70.1911,-29.519],[-70.2241,-29.4503],[-70.3033,-29.3738],[-70.3666,-29.3699],[-70.3836,-29.3753],[-70.3929,-29.3982],[-70.4592,-29.3819],[-70.4722,-29.3624],[-70.4443,-29.3314],[-70.4781,-29.2895],[-70.4609,-29.2655],[-70.4676,-29.2341],[-70.4934,-29.2157],[-70.4931,-29.1612],[-70.5323,-29.1285],[-70.528,-29.1078],[-70.5422,-29.0978],[-70.5353,-29.0602],[-70.5504,-29.0447],[-70.5959,-29.052],[-70.6114,-29.0374],[-70.6411,-29.0406],[-70.6533,-29.0562],[-70.6833,-29.0476],[-70.7242,-29.0575],[-70.7156,-29.0842],[-70.7317,-29.1049],[-70.7837,-29.1198],[-70.8004,-29.1383],[-70.8674,-29.1447],[-70.907,-29.1304],[-70.9746,-29.1774],[-70.9877,-29.2672],[-71.007,-29.2833],[-71.0075,-29.3157],[-71.0598,-29.3566],[-71.0929,-29.3562],[-71.0841,-29.3075],[-71.1828,-29.2834],[-71.2001,-29.1856],[-71.2307,-29.1832]]],[[[-70.6848,-26.1616],[-70.6864,-26.1505],[-70.6791,-26.1616],[-70.6848,-26.1616]]]]}},{"type":"Feature","properties":{"codigo_region":"4","region":"Región de Coquimbo","area_km2":40575.9016},"geometry":{"type":"MultiPolygon","coordinates":[[[[-70.9883,-32.0453],[-71.0409,-32.0331],[-71.0456,-32.0486],[-71.0299,-32.0732],[-71.0882,-32.1039],[-71.1356,-32.1522],[-71.1824,-32.1718],[-71.2022,-32.1354],[-71.2233,-32.1278],[-71.2563,-32.1723],[-71.338,-32.2031],[-71.4219,-32.1865],[-71.4784,-32.1546],[-71.5029,-32.1805],[-71.5367,-32.1786],[-71.5278,-32.1542],[-71.5382,-32.1369],[-71.5132,-32.1219],[-71.531,-32.1059],[-71.5193,-32.0513],[-71.5277,-32.038],[-71.5105,-32.0245],[-71.524,-32.0047],[-71.4907,-31.9683],[-71.503,-31.9485],[-71.5255,-31.9511],[-71.5136,-31.9322],[-71.5188,-31.9118],[-71.4956,-31.8929],[-71.5164,-31.8525],[-71.5592,-31.849],[-71.5418,-31.842],[-71.5052,-31.7701],[-71.5451,-31.7404],[-71.5529,-31.6425],[-71.5814,-31.5938],[-71.57,-31.5007],[-71.5933,-31.4613],[-71.594,-31.4227],[-71.6076,-31.4199],[-71.6046,-31.4045],[-71.6193,-31.3915],[-71.6156,-31.327],[-71.637,-31.3031],[-71.632,-31.2551],[-71.6665,-31.1703],[-71.669,-31.1449],[-71.6508,-31.1071],[-71.6644,-31.0398],[-71.6455,-31.0102],[-71.651,-30.9709],[-71.6833,-30.9213],[-71.6819,-30.8685],[-71.7061,-30.7898],[-71.6987,-30.7333],[-71.7149,-30.7154],[-71.6976,-30.6997],[-71.7157,-30.6501],[-71.7073,-30.6368],[-71.7172,-30.6016],[-71.6946,-30.5449],[-71.6979,-30.4775],[-71.6819,-30.4162],[-71.6896,-30.409],[-71.6699,-30.3638],[-71.6805,-30.3498],[-71.6656,-30.3347],[-71.6535,-30.2733],[-71.6269,-30.2375],[-71.6063,-30.2987],[-71.544,-30.2977],[-71.4985,-30.2713],[-71.5077,-30.2509],[-71.4808,-30.246],[-71.4829,-30.2103],[-71.4569,-30.1901],[-71.4617,-30.1778],[-71.4496,-30.1662],[-71.4303,-30.1953],[-71.3888,-30.1759],[-71.3724,-30.1379],[-71.3764,-30.1046],[-71.3861,-30.1017],[-71.3717,-30.0778],[-71.3912,-30.0452],[-71.3889,-30.0217],[-71.4168,-30.0009],[-71.3892,-29.9946],[-71.3709,-29.9674],[-71.3662,-29.983],[-71.3508,-29.9796],[-71.3646,-29.9524],[-71.3447,-29.9348],[-71.3357,-29.9339],[-71.3348,-29.9585],[-71.2991,-29.9514],[-71.2751,-29.9086],[-71.2835,-29.8316],[-71.3119,-29.8195],[-71.3188,-29.7805],[-71.3452,-29.756],[-71.3262,-29.7328],[-71.3185,-29.643],[-71.3073,-29.6447],[-71.2872,-29.6194],[-71.3325,-29.5538],[-71.3356,-29.4897],[-71.3167,-29.4881],[-71.3085,-29.4763],[-71.3165,-29.4508],[-71.3037,-29.4485],[-71.3082,-29.4196],[-71.3254,-29.4216],[-71.3272,-29.4005],[-71.3405,-29.4008],[-71.3274,-29.3466],[-71.4075,-29.2728],[-71.4689,-29.2495],[-71.4654,-29.2227],[-71.4983,-29.185],[-71.4173,-29.1874],[-71.3889,-29.1766],[-71.3703,-29.1448],[-71.3515,-29.1415],[-71.2832,-29.1851],[-71.2424,-29.1761],[-71.2001,-29.1856],[-71.1828,-29.2834],[-71.0841,-29.3075],[-71.0929,-29.3562],[-71.0598,-29.3566],[-71.0075,-29.3157],[-71.007,-29.2833],[-70.9877,-29.2672],[-70.9746,-29.1774],[-70.907,-29.1304],[-70.8674,-29.1447],[-70.8004,-29.1383],[-70.7837,-29.1198],[-70.7317,-29.1049],[-70.7156,-29.0842],[-70.7242,-29.0575],[-70.6833,-29.0476],[-70.6533,-29.0562],[-70.6411,-29.0406],[-70.6114,-29.0374],[-70.5959,-29.052],[-70.5447,-29.0473],[-70.5347,-29.0632],[-70.5422,-29.0978],[-70.5266,-29.1104],[-70.5323,-29.1285],[-70.4931,-29.1612],[-70.4934,-29.2157],[-70.4659,-29.2384],[-70.4609,-29.2655],[-70.4781,-29.2895],[-70.4443,-29.3314],[-70.4743,-29.3604],[-70.4592,-29.3819],[-70.3929,-29.3982],[-70.3836,-29.3753],[-70.3666,-29.3699],[-70.3033,-29.3738],[-70.2241,-29.4503],[-70.1911,-29.519],[-70.1705,-29.5246],[-70.1334,-29.5312],[-70.1042,-29.5216],[-70.0892,-29.5351],[-70.0225,-29.5197],[-69.9883,-29.4953],[-69.9527,-29.4996],[-69.9458,-29.5192],[-69.9565,-29.5349],[-69.9374,-29.5548],[-69.9317,-29.5842],[-69.9401,-29.6542],[-69.9101,-29.6989],[-69.8962,-29.6935],[-69.8857,-29.7044],[-69.8778,-29.726],[-69.915,-29.8008],[-69.8904,-29.8219],[-69.8962,-29.8507],[-69.8774,-29.8616],[-69.8962,-29.8779],[-69.8883,-29.9037],[-69.9092,-29.9353],[-69.8967,-29.9362],[-69.8992,-29.9589],[-69.9271,-30.0028],[-69.9143,-30.0254],[-69.9658,-30.0851],[-69.945,-30.0931],[-69.937,-30.1202],[-69.9048,-30.1062],[-69.8679,-30.1119],[-69.8472,-30.1303],[-69.8179,-30.1296],[-69.8093,-30.1458],[-69.8288,-30.1638],[-69.8194,-30.1857],[-69.8349,-30.2186],[-69.8851,-30.2183],[-69.8789,-30.2576],[-69.9022,-30.2869],[-69.9076,-30.3163],[-69.8967,-30.3545],[-69.9185,-30.3503],[-69.956,-30.3858],[-69.9944,-30.379],[-70.0204,-30.3967],[-70.0676,-30.3928],[-70.1294,-30.343],[-70.155,-30.3476],[-70.1175,-30.4316],[-70.1362,-30.4592],[-70.1954,-30.4922],[-70.1806,-30.5144],[-70.2456,-30.6312],[-70.2507,-30.6606],[-70.2395,-30.6685],[-70.2578,-30.6952],[-70.2458,-30.7283],[-70.2705,-30.7471],[-70.273,-30.7808],[-70.2886,-30.7881],[-70.28,-30.8311],[-70.2963,-30.8478],[-70.3234,-30.9308],[-70.293,-30.9705],[-70.2983,-31.0198],[-70.2768,-31.0214],[-70.2695,-31.0439],[-70.3223,-31.0444],[-70.3245,-31.0631],[-70.344,-31.0719],[-70.3692,-31.1118],[-70.3652,-31.1408],[-70.4002,-31.1677],[-70.4541,-31.0816],[-70.476,-31.115],[-70.4975,-31.1224],[-70.5241,-31.19],[-70.5137,-31.1962],[-70.5154,-31.2309],[-70.5314,-31.244],[-70.5267,-31.2781],[-70.5473,-31.3142],[-70.5277,-31.3635],[-70.5396,-31.3864],[-70.5338,-31.4094],[-70.5602,-31.4199],[-70.5484,-31.4484],[-70.5698,-31.4748],[-70.5675,-31.5],[-70.553,-31.5103],[-70.5672,-31.6003],[-70.548,-31.6063],[-70.5321,-31.6381],[-70.5075,-31.6521],[-70.5136,-31.6907],[-70.4668,-31.7005],[-70.4578,-31.7329],[-70.4723,-31.7589],[-70.4506,-31.8102],[-70.4608,-31.8436],[-70.3752,-31.8859],[-70.2807,-31.8839],[-70.2101,-31.9592],[-70.2084,-31.9779],[-70.2495,-31.9921],[-70.2483,-32.0237],[-70.2843,-32.0381],[-70.2874,-32.0504],[-70.3292,-32.0489],[-70.3543,-32.0256],[-70.3779,-32.0252],[-70.3859,-32.0384],[-70.3796,-32.0521],[-70.3358,-32.0698],[-70.3496,-32.0886],[-70.3404,-32.1112],[-70.3041,-32.1361],[-70.3171,-32.1765],[-70.3009,-32.2068],[-70.3195,-32.2736],[-70.3626,-32.2539],[-70.4154,-32.2825],[-70.4377,-32.2704],[-70.4327,-32.2265],[-70.4538,-32.2235],[-70.4448,-32.1866],[-70.4554,-32.1724],[-70.502,-32.1697],[-70.5014,-32.1571],[-70.5326,-32.1478],[-70.5312,-32.166],[-70.5442,-32.175],[-70.6534,-32.1339],[-70.6566,-32.0973],[-70.6452,-32.0743],[-70.6572,-32.0551],[-70.691,-32.0626],[-70.7063,-32.0311],[-70.7394,-32.0206],[-70.7721,-32.0406],[-70.8015,-32.0343],[-70.8761,-32.0637],[-70.9113,-32.0632],[-70.931,-32.0795],[-70.9515,-32.0482],[-70.9753,-32.0434],[-70.9883,-32.0453]]],[[[-71.5413418,-29.2772724],[-71.540232,-29.2808565],[-71.5414205,-29.2852725],[-71.5441432,-29.2843101],[-71.5464036,-29.28664],[-71.5488578,-29.2852225],[-71.5494698,-29.2793473],[-71.5458247,-29.2761775],[-71.5468265,-29.2738583],[-71.5436628,-29.2684422],[-71.5460293,-29.2585106],[-71.540786,-29.2534673],[-71.5387696,-29.253839],[-71.5354299,-29.2567614],[-71.5395791,-29.2626283],[-71.5384728,-29.2700644],[-71.5403885,-29.2713635],[-71.5413418,-29.2772724]]],[[[-71.4772,-29.2563],[-71.4835,-29.267],[-71.4829,-29.2571],[-71.4772,-29.2563]]]]}},{"type":"Feature","properties":{"codigo_region":"5","region":"Región de Valparaíso","area_km2":16322.9703},"geometry":{"type":"MultiPolygon","coordinates":[[[[-71.551,-33.7698],[-71.5563,-33.8738],[-71.5819,-33.8673],[-71.7217,-33.9557],[-71.7556,-33.9377],[-71.7494,-33.9206],[-71.7758,-33.9359],[-71.8096,-33.9062],[-71.8391,-33.9168],[-71.8253,-33.9035],[-71.8302,-33.8617],[-71.7942,-33.7731],[-71.7388,-33.7601],[-71.6703,-33.7187],[-71.6424,-33.6742],[-71.6311,-33.6136],[-71.5869,-33.6493],[-71.628,-33.6175],[-71.6232,-33.5871],[-71.6173,-33.5952],[-71.6131,-33.5861],[-71.6278,-33.5755],[-71.6274,-33.5517],[-71.6035,-33.5445],[-71.608,-33.521],[-71.6196,-33.5024],[-71.6444,-33.4951],[-71.6595,-33.4611],[-71.7099,-33.4252],[-71.7008,-33.4243],[-71.6948,-33.3662],[-71.6554,-33.3527],[-71.6524,-33.3029],[-71.6953,-33.2492],[-71.6816,-33.2214],[-71.7077,-33.1991],[-71.6843,-33.1733],[-71.7424,-33.0979],[-71.7305,-33.089],[-71.6734,-33.102],[-71.6468,-33.0202],[-71.609,-33.042],[-71.5523,-33.0081],[-71.5514,-32.9284],[-71.5078,-32.9152],[-71.5205,-32.8356],[-71.5481,-32.8089],[-71.5337,-32.7825],[-71.5412,-32.7728],[-71.5347,-32.7649],[-71.5188,-32.7838],[-71.4907,-32.7703],[-71.4857,-32.7468],[-71.4987,-32.7438],[-71.5096,-32.7113],[-71.4668,-32.7075],[-71.433,-32.6433],[-71.4365,-32.6031],[-71.4578,-32.583],[-71.4768,-32.5222],[-71.4655,-32.4981],[-71.4494,-32.5055],[-71.4345,-32.4947],[-71.4276,-32.4151],[-71.4137,-32.4131],[-71.4078,-32.3951],[-71.4528,-32.3435],[-71.4707,-32.3446],[-71.4719,-32.2726],[-71.4998,-32.2387],[-71.5252,-32.2412],[-71.5253,-32.2083],[-71.5413,-32.1963],[-71.5423,-32.177],[-71.5029,-32.1805],[-71.4774,-32.1543],[-71.4219,-32.1865],[-71.338,-32.2031],[-71.2563,-32.1723],[-71.2233,-32.1278],[-71.2022,-32.1354],[-71.1824,-32.1718],[-71.134,-32.1514],[-71.0882,-32.1039],[-71.0299,-32.0732],[-71.0456,-32.0486],[-71.0395,-32.0324],[-70.9515,-32.0482],[-70.931,-32.0795],[-70.9129,-32.0629],[-70.8783,-32.0643],[-70.7999,-32.0344],[-70.7721,-32.0406],[-70.7394,-32.0206],[-70.702,-32.033],[-70.691,-32.0626],[-70.6572,-32.0551],[-70.6452,-32.0743],[-70.6566,-32.0973],[-70.6534,-32.1339],[-70.5442,-32.175],[-70.5312,-32.166],[-70.5326,-32.1478],[-70.5014,-32.1571],[-70.502,-32.1697],[-70.4554,-32.1724],[-70.4448,-32.1866],[-70.4538,-32.2235],[-70.4327,-32.2265],[-70.4377,-32.2704],[-70.4154,-32.2825],[-70.3542,-32.2544],[-70.3423,-32.272],[-70.2625,-32.2919],[-70.2224,-32.3246],[-70.2271,-32.3638],[-70.2159,-32.3826],[-70.2377,-32.4033],[-70.2362,-32.429],[-70.1488,-32.4661],[-70.123,-32.5352],[-70.1259,-32.5754],[-70.1499,-32.5798],[-70.1721,-32.6223],[-70.1458,-32.6523],[-70.1472,-32.7292],[-70.1132,-32.7716],[-70.108,-32.8005],[-70.0545,-32.8319],[-70.0561,-32.8575],[-70.0445,-32.8702],[-70.0037,-32.8817],[-69.9889,-32.9015],[-70.0079,-32.9318],[-70.0046,-32.948],[-70.028,-32.9682],[-70.0188,-33.0066],[-70.0346,-33.0235],[-70.0807,-33.0298],[-70.1341,-33.094],[-70.1586,-33.0992],[-70.1555,-33.1131],[-70.1824,-33.1019],[-70.2002,-33.1105],[-70.234,-33.1386],[-70.2262,-33.1494],[-70.2429,-33.1867],[-70.2659,-33.1813],[-70.2706,-33.1331],[-70.2929,-33.1285],[-70.2996,-33.1134],[-70.3361,-33.0975],[-70.3725,-33.1058],[-70.4056,-33.0656],[-70.3988,-33.0328],[-70.4155,-33.0244],[-70.4359,-33.0229],[-70.4813,-33.0804],[-70.5089,-33.0886],[-70.5278,-33.0504],[-70.5525,-33.034],[-70.5463,-33.0137],[-70.5928,-32.9697],[-70.6043,-32.9421],[-70.7059,-32.9599],[-70.7198,-32.953],[-70.7219,-32.926],[-70.7359,-32.9219],[-70.7735,-32.9353],[-70.8419,-32.9224],[-70.9066,-32.9358],[-70.9397,-32.9729],[-71.0178,-32.9781],[-71.0266,-33.0058],[-71.0012,-33.0501],[-71.0298,-33.0842],[-71.0147,-33.0958],[-71.0106,-33.1549],[-70.9896,-33.1767],[-70.9977,-33.1986],[-71.0272,-33.2021],[-71.0274,-33.2166],[-71.057,-33.2045],[-71.0608,-33.2262],[-71.0751,-33.2306],[-71.0939,-33.2194],[-71.1402,-33.2377],[-71.1624,-33.2255],[-71.2108,-33.2317],[-71.2268,-33.2684],[-71.1953,-33.3108],[-71.2133,-33.3313],[-71.2231,-33.3731],[-71.2669,-33.3877],[-71.2839,-33.4106],[-71.3425,-33.4158],[-71.3361,-33.456],[-71.3532,-33.4925],[-71.351,-33.5286],[-71.3316,-33.5354],[-71.3362,-33.6076],[-71.3807,-33.6221],[-71.3997,-33.6632],[-71.4267,-33.6604],[-71.4376,-33.6794],[-71.4211,-33.6864],[-71.4201,-33.7082],[-71.398,-33.7191],[-71.393,-33.7376],[-71.3585,-33.7465],[-71.359,-33.7563],[-71.4288,-33.7891],[-71.4743,-33.7842],[-71.4952,-33.769],[-71.5214,-33.7789],[-71.5457,-33.7655],[-71.551,-33.7698]]],[[[-80.7553,-33.7831],[-80.7753,-33.815],[-80.8281,-33.7794],[-80.837,-33.7484],[-80.796,-33.7206],[-80.7727,-33.7245],[-80.7572,-33.7779],[-80.7553,-33.7831]]],[[[-78.9311415,-33.7099824],[-78.9290749,-33.712709],[-78.9234225,-33.7151488],[-78.9304638,-33.7135437],[-78.9346473,-33.7151728],[-78.9371871,-33.7134716],[-78.9424143,-33.7142106],[-78.945774,-33.7113965],[-78.9471014,-33.7123399],[-78.9491619,-33.7095071],[-78.9484175,-33.7075586],[-78.9515313,-33.7059881],[-78.9488739,-33.7010445],[-78.9551187,-33.7010867],[-78.9526496,-33.695654],[-78.949606,-33.695718],[-78.9493935,-33.698059],[-78.9464591,-33.6995161],[-78.9428599,-33.6974798],[-78.9413851,-33.6989266],[-78.9409582,-33.7065797],[-78.9311415,-33.7099824]]],[[[-78.8296,-33.6299],[-78.8245,-33.6422],[-78.7888,-33.6415],[-78.7702,-33.6668],[-78.7748,-33.6793],[-78.8255,-33.6607],[-78.8607,-33.6675],[-78.8665,-33.6447],[-78.8915,-33.6613],[-78.9184,-33.6583],[-78.9393,-33.6837],[-78.9486,-33.6773],[-78.94,-33.665],[-78.8826,-33.6366],[-78.8828,-33.6093],[-78.8451,-33.6224],[-78.8296,-33.6299]]],[[[-109.4229,-27.1236],[-109.3986,-27.0691],[-109.3738,-27.0552],[-109.3161,-27.0693],[-109.2805,-27.0934],[-109.2388,-27.0922],[-109.2278,-27.1042],[-109.2349,-27.1207],[-109.2721,-27.1236],[-109.2915,-27.1423],[-109.3175,-27.1386],[-109.3513,-27.1649],[-109.3967,-27.168],[-109.4232,-27.1966],[-109.4499,-27.1782],[-109.4288,-27.1344],[-109.4229,-27.1236]]],[[[-79.8868,-26.3475],[-79.9049,-26.3475],[-79.903,-26.3379],[-79.8723,-26.3381],[-79.883,-26.3448],[-79.8868,-26.3475]]],[[[-80.1146,-26.2953],[-80.0913,-26.2859],[-80.0866,-26.2999],[-80.1089,-26.2987],[-80.1146,-26.2953]]]]}},{"type":"Feature","properties":{"codigo_region":"6","region":"Región del Libertador Bernardo O'Higgins","area_km2":16349.0299},"geometry":{"type":"MultiPolygon","coordinates":[[[[-71.138,-34.7902],[-71.1891,-34.8044],[-71.2116,-34.8354],[-71.2616,-34.8242],[-71.2669,-34.7976],[-71.2805,-34.7917],[-71.3153,-34.8018],[-71.3175,-34.8163],[-71.3421,-34.8307],[-71.3749,-34.834],[-71.3868,-34.8861],[-71.3662,-34.9133],[-71.3972,-34.8947],[-71.4218,-34.9022],[-71.4396,-34.8807],[-71.4675,-34.8996],[-71.5357,-34.8695],[-71.5647,-34.8762],[-71.5768,-34.8672],[-71.6081,-34.8831],[-71.6138,-34.8669],[-71.6606,-34.8556],[-71.6884,-34.8973],[-71.6697,-34.9023],[-71.6746,-34.9235],[-71.7092,-34.9374],[-71.7143,-34.9163],[-71.7556,-34.8831],[-71.7926,-34.8293],[-71.8173,-34.8407],[-71.863,-34.8189],[-71.915,-34.8152],[-71.9597,-34.7534],[-71.9981,-34.7403],[-71.9942,-34.718],[-72.0051,-34.7051],[-72.035,-34.6987],[-72.0367,-34.685],[-72.0549,-34.6874],[-72.0424,-34.6337],[-72.0536,-34.561],[-72.0251,-34.4893],[-72.0498,-34.4274],[-72.037,-34.4252],[-72.0176,-34.3816],[-71.9828,-34.3639],[-71.9753,-34.3378],[-71.9821,-34.2283],[-71.9995,-34.2002],[-72.0092,-34.1349],[-71.9489,-34.0782],[-71.9418,-34.0448],[-71.8912,-33.998],[-71.8829,-33.9634],[-71.855,-33.9428],[-71.8446,-33.9103],[-71.833,-33.9052],[-71.8393,-33.926],[-71.8075,-33.9091],[-71.7727,-33.9377],[-71.7517,-33.9203],[-71.7556,-33.9377],[-71.7119,-33.9513],[-71.7096,-33.9678],[-71.6942,-33.9752],[-71.6711,-33.9734],[-71.6678,-33.9971],[-71.6164,-34.0031],[-71.5879,-34.0331],[-71.5664,-33.9839],[-71.4483,-34.0139],[-71.4124,-34.0366],[-71.415,-34.0573],[-71.3901,-34.0759],[-71.3007,-34.0343],[-71.2707,-34.0524],[-71.2674,-34.0836],[-71.1857,-34.1572],[-71.1179,-34.1634],[-71.0719,-34.1839],[-71.0326,-34.1648],[-70.9688,-34.172],[-70.9145,-34.1445],[-70.9293,-34.1371],[-70.9378,-34.0894],[-70.8928,-34.0752],[-70.8883,-34.0391],[-70.8454,-34.0283],[-70.8224,-34.0362],[-70.8088,-34.0258],[-70.7918,-33.9936],[-70.8247,-33.9535],[-70.7968,-33.9309],[-70.7581,-33.9428],[-70.7012,-33.9055],[-70.6548,-33.9366],[-70.6001,-33.8944],[-70.5789,-33.8972],[-70.5536,-33.8812],[-70.5173,-33.8877],[-70.5026,-33.8632],[-70.4414,-33.8512],[-70.3746,-33.8849],[-70.3763,-33.928],[-70.3211,-34.0002],[-70.3443,-34.0397],[-70.3371,-34.0558],[-70.2616,-34.0712],[-70.2438,-34.0341],[-70.1839,-34.0331],[-70.1694,-34.0452],[-70.1639,-34.1015],[-70.1417,-34.1207],[-70.1613,-34.1339],[-70.1635,-34.1596],[-70.1149,-34.201],[-70.0777,-34.1982],[-70.0504,-34.2265],[-70.0512,-34.2808],[-70.03,-34.2887],[-70.0218,-34.3087],[-70.0143,-34.3384],[-70.0257,-34.3666],[-70.0091,-34.3944],[-70.0129,-34.4119],[-70.0465,-34.4292],[-70.0804,-34.4715],[-70.1318,-34.488],[-70.1444,-34.5323],[-70.2169,-34.6118],[-70.2155,-34.6841],[-70.2476,-34.6949],[-70.258,-34.7297],[-70.3063,-34.7473],[-70.3094,-34.7698],[-70.2491,-34.7997],[-70.2801,-34.8526],[-70.2771,-34.8762],[-70.3312,-34.9364],[-70.334,-34.9912],[-70.3644,-35.0052],[-70.4106,-34.9847],[-70.477,-34.9943],[-70.4897,-34.975],[-70.5265,-34.965],[-70.5228,-34.9511],[-70.5376,-34.9506],[-70.5411,-34.9336],[-70.5667,-34.9392],[-70.5871,-34.9613],[-70.6143,-34.9604],[-70.6221,-34.9877],[-70.6667,-34.9621],[-70.6854,-34.9242],[-70.7108,-34.9156],[-70.7699,-34.8595],[-70.811,-34.853],[-70.8217,-34.8713],[-70.8811,-34.8505],[-70.9575,-34.8722],[-71.0353,-34.7996],[-71.0488,-34.7932],[-71.067,-34.8188],[-71.0991,-34.8279],[-71.1344,-34.7871],[-71.138,-34.7902]]]]}},{"type":"Feature","properties":{"codigo_region":"7","region":"Región del Maule","area_km2":30321.8906},"geometry":{"type":"MultiPolygon","coordinates":[[[[-72.1031,-36.1322],[-72.0987,-36.1557],[-72.1314,-36.1924],[-72.1391,-36.2459],[-72.2373,-36.207],[-72.2764,-36.2608],[-72.3211,-36.2325],[-72.3729,-36.2561],[-72.4125,-36.2231],[-72.4124,-36.2079],[-72.3603,-36.2149],[-72.3376,-36.2054],[-72.3385,-36.1743],[-72.359,-36.1572],[-72.4014,-36.1763],[-72.4264,-36.1574],[-72.5016,-36.1433],[-72.4891,-36.1269],[-72.5006,-36.0977],[-72.4933,-36.072],[-72.5879,-36.0751],[-72.5884,-36.0649],[-72.6206,-36.0548],[-72.6202,-36.0365],[-72.6421,-36.0169],[-72.6553,-36.0468],[-72.684,-36.0195],[-72.7771,-36.0107],[-72.785,-35.9753],[-72.6936,-35.9156],[-72.6845,-35.8838],[-72.6499,-35.8465],[-72.5685,-35.7994],[-72.5661,-35.7538],[-72.5837,-35.699],[-72.6385,-35.6018],[-72.6127,-35.5529],[-72.56,-35.5131],[-72.5376,-35.5101],[-72.488,-35.4609],[-72.499,-35.3921],[-72.4153,-35.3167],[-72.3712,-35.3718],[-72.3354,-35.372],[-72.3713,-35.37],[-72.4079,-35.317],[-72.3973,-35.2411],[-72.3607,-35.2029],[-72.2076,-35.1141],[-72.1877,-35.0498],[-72.1877,-34.9743],[-72.1761,-35.0406],[-72.1586,-35.0577],[-72.13,-35.0542],[-72.1265,-35.0372],[-72.1462,-35.0584],[-72.1734,-35.0356],[-72.1881,-34.9673],[-72.1802,-34.8942],[-72.1508,-34.8678],[-72.1445,-34.8225],[-72.1255,-34.795],[-72.077,-34.7455],[-72.0589,-34.6873],[-72.0367,-34.685],[-72.035,-34.6987],[-72.0051,-34.7051],[-71.9942,-34.718],[-71.9981,-34.7403],[-71.9597,-34.7534],[-71.915,-34.8152],[-71.863,-34.8189],[-71.8173,-34.8407],[-71.7926,-34.8293],[-71.7556,-34.8831],[-71.7143,-34.9163],[-71.7092,-34.9374],[-71.6746,-34.9235],[-71.6697,-34.9023],[-71.6884,-34.8973],[-71.6606,-34.8556],[-71.6138,-34.8669],[-71.6081,-34.8831],[-71.5768,-34.8672],[-71.5647,-34.8762],[-71.5357,-34.8695],[-71.4675,-34.8996],[-71.4396,-34.8807],[-71.4218,-34.9022],[-71.3972,-34.8947],[-71.3662,-34.9133],[-71.3868,-34.8861],[-71.3749,-34.834],[-71.3421,-34.8307],[-71.3175,-34.8163],[-71.3153,-34.8018],[-71.2805,-34.7917],[-71.2669,-34.7976],[-71.2616,-34.8242],[-71.2116,-34.8354],[-71.1891,-34.8044],[-71.1344,-34.7871],[-71.0991,-34.8279],[-71.067,-34.8188],[-71.0488,-34.7932],[-71.0353,-34.7996],[-70.9575,-34.8722],[-70.8811,-34.8505],[-70.8217,-34.8713],[-70.8102,-34.8527],[-70.7699,-34.8595],[-70.7108,-34.9156],[-70.6854,-34.9242],[-70.6667,-34.9621],[-70.6221,-34.9877],[-70.6143,-34.9604],[-70.5871,-34.9613],[-70.5667,-34.9392],[-70.5411,-34.9336],[-70.5376,-34.9506],[-70.5228,-34.9511],[-70.5265,-34.965],[-70.4897,-34.975],[-70.477,-34.9943],[-70.4106,-34.9847],[-70.3644,-35.0052],[-70.3603,-35.0349],[-70.3769,-35.0497],[-70.3739,-35.0846],[-70.3578,-35.098],[-70.3697,-35.111],[-70.3613,-35.1342],[-70.375,-35.1701],[-70.4479,-35.196],[-70.4544,-35.1887],[-70.4731,-35.2039],[-70.5379,-35.1996],[-70.5678,-35.2236],[-70.565,-35.2431],[-70.5831,-35.2662],[-70.5657,-35.3007],[-70.5007,-35.3227],[-70.4694,-35.3127],[-70.4335,-35.3196],[-70.4179,-35.3551],[-70.4221,-35.3713],[-70.4533,-35.3925],[-70.4391,-35.4152],[-70.4525,-35.4255],[-70.4328,-35.4462],[-70.4461,-35.4493],[-70.4466,-35.4633],[-70.4171,-35.4878],[-70.3957,-35.4862],[-70.3687,-35.5182],[-70.4109,-35.5254],[-70.4101,-35.5599],[-70.3865,-35.6074],[-70.4232,-35.6386],[-70.3975,-35.6638],[-70.4042,-35.6786],[-70.3746,-35.7035],[-70.3579,-35.7489],[-70.379,-35.7677],[-70.3791,-35.7882],[-70.3135,-35.8129],[-70.377,-35.8483],[-70.3805,-35.8661],[-70.4219,-35.8787],[-70.4233,-35.9155],[-70.3655,-35.9253],[-70.4228,-35.9723],[-70.3808,-35.99],[-70.3716,-36.0424],[-70.4103,-36.0556],[-70.4265,-36.0923],[-70.4153,-36.107],[-70.4209,-36.1561],[-70.4882,-36.1784],[-70.5289,-36.144],[-70.5698,-36.1327],[-70.5832,-36.1454],[-70.5708,-36.1753],[-70.6333,-36.2167],[-70.6325,-36.2388],[-70.6667,-36.2432],[-70.7055,-36.2721],[-70.6847,-36.288],[-70.6865,-36.3094],[-70.7118,-36.3396],[-70.6788,-36.3772],[-70.6924,-36.4096],[-70.7395,-36.4292],[-70.7351,-36.4153],[-70.748,-36.4054],[-70.7898,-36.4287],[-70.8168,-36.3955],[-70.8456,-36.4182],[-70.869,-36.4114],[-70.8649,-36.3973],[-70.8841,-36.3964],[-70.8891,-36.4656],[-70.9287,-36.4754],[-70.9553,-36.503],[-71.0616,-36.4641],[-71.0588,-36.3868],[-71.113,-36.3618],[-71.138,-36.3757],[-71.1559,-36.4057],[-71.1873,-36.409],[-71.1992,-36.4408],[-71.2243,-36.4622],[-71.247,-36.4597],[-71.2599,-36.4418],[-71.2809,-36.4474],[-71.3074,-36.4843],[-71.3207,-36.5319],[-71.3384,-36.5436],[-71.3538,-36.5125],[-71.4094,-36.5038],[-71.4386,-36.4337],[-71.4669,-36.4127],[-71.5719,-36.4043],[-71.628,-36.3723],[-71.6887,-36.359],[-71.7899,-36.2904],[-71.8126,-36.2549],[-71.8631,-36.2458],[-71.8998,-36.2667],[-71.9584,-36.25],[-71.9726,-36.2595],[-71.9994,-36.2275],[-71.99,-36.2095],[-72.022,-36.1888],[-72.0226,-36.1749],[-72.073,-36.1563],[-72.0766,-36.1308],[-72.097,-36.1372],[-72.1032,-36.1235],[-72.1031,-36.1322]]]]}},{"type":"Feature","properties":{"codigo_region":"8","region":"Región del Bío-Bío","area_km2":24021.6215},"geometry":{"type":"MultiPolygon","coordinates":[[[[-73.9117,-38.3388],[-73.862,-38.3773],[-73.8839,-38.4154],[-73.9352,-38.4132],[-73.9286,-38.3936],[-73.9468,-38.3769],[-73.9453,-38.3348],[-73.9613,-38.3196],[-73.9133,-38.335],[-73.9117,-38.3388]]],[[[-73.3021,-38.3167],[-73.3406,-38.3672],[-73.309,-38.3739],[-73.3094,-38.4119],[-73.272,-38.4362],[-73.2882,-38.451],[-73.2749,-38.4887],[-73.3125,-38.4902],[-73.3233,-38.4809],[-73.3213,-38.4362],[-73.3607,-38.4038],[-73.3834,-38.401],[-73.4307,-38.431],[-73.4373,-38.4495],[-73.4714,-38.4563],[-73.4746,-38.4713],[-73.504,-38.484],[-73.5219,-38.4716],[-73.5293,-38.3862],[-73.5107,-38.3725],[-73.4966,-38.3289],[-73.5138,-38.2607],[-73.4798,-38.2434],[-73.4643,-38.2181],[-73.4526,-38.0803],[-73.4791,-37.9954],[-73.5447,-37.8706],[-73.6377,-37.7429],[-73.6663,-37.7219],[-73.6514,-37.7179],[-73.6641,-37.7094],[-73.6519,-37.6971],[-73.6691,-37.6337],[-73.6808,-37.6311],[-73.6746,-37.6032],[-73.6475,-37.5903],[-73.6457,-37.5581],[-73.6023,-37.5362],[-73.589,-37.5036],[-73.612,-37.4026],[-73.646,-37.3677],[-73.6703,-37.3571],[-73.684,-37.3645],[-73.6691,-37.3407],[-73.6812,-37.333],[-73.6553,-37.2999],[-73.6717,-37.292],[-73.6569,-37.2756],[-73.6626,-37.2591],[-73.6445,-37.1971],[-73.5862,-37.1475],[-73.5624,-37.1738],[-73.5675,-37.1904],[-73.5441,-37.2038],[-73.4572,-37.2044],[-73.435,-37.236],[-73.3897,-37.2439],[-73.2679,-37.2231],[-73.1902,-37.1666],[-73.1707,-37.1249],[-73.1527,-37.1149],[-73.1746,-37.0891],[-73.1418,-37.0532],[-73.1493,-37.0296],[-73.179,-37.0281],[-73.1893,-37.0017],[-73.154,-36.9046],[-73.16,-36.8179],[-73.0745,-36.8446],[-73.0405,-36.9601],[-73.012,-36.9774],[-72.9621,-36.9732],[-73.0221,-36.9548],[-73.0401,-36.8769],[-73.0801,-36.8177],[-73.121,-36.8049],[-73.1734,-36.8093],[-73.1935,-36.7806],[-73.2178,-36.7802],[-73.1922,-36.7472],[-73.1715,-36.7666],[-73.1326,-36.7488],[-73.1301,-36.7255],[-73.1441,-36.7309],[-73.1603,-36.7107],[-73.1376,-36.6948],[-73.1256,-36.6546],[-73.1336,-36.6412],[-73.1164,-36.6147],[-73.0906,-36.6292],[-73.1037,-36.6859],[-73.0951,-36.6933],[-73.1131,-36.7059],[-73.1071,-36.7213],[-73.0417,-36.7368],[-72.9921,-36.7324],[-72.9734,-36.6976],[-72.9842,-36.6709],[-72.9563,-36.6266],[-73.0001,-36.5782],[-72.9782,-36.5589],[-72.9774,-36.5278],[-72.9665,-36.5219],[-72.9573,-36.5549],[-72.9333,-36.5442],[-72.9326,-36.5205],[-72.9071,-36.497],[-72.9174,-36.48],[-72.8986,-36.4455],[-72.81,-36.4596],[-72.8135,-36.482],[-72.7931,-36.5106],[-72.8191,-36.5128],[-72.828,-36.5263],[-72.8265,-36.543],[-72.7991,-36.5621],[-72.7989,-36.6055],[-72.7674,-36.603],[-72.7768,-36.6241],[-72.7336,-36.6174],[-72.7351,-36.64],[-72.7201,-36.655],[-72.6542,-36.6667],[-72.6186,-36.6894],[-72.591,-36.7333],[-72.5973,-36.7463],[-72.5875,-36.7517],[-72.603,-36.7674],[-72.593,-36.816],[-72.5387,-36.8492],[-72.5565,-36.8473],[-72.5731,-36.8658],[-72.5605,-36.8829],[-72.5677,-36.8928],[-72.6429,-36.8816],[-72.6536,-36.92],[-72.527,-36.9289],[-72.5166,-36.9393],[-72.5037,-36.8952],[-72.4828,-36.8969],[-72.4694,-36.9131],[-72.4514,-36.9083],[-72.4615,-36.9275],[-72.4134,-36.9299],[-72.3855,-36.9117],[-72.3267,-36.981],[-72.1952,-37.0272],[-72.1868,-37.0524],[-72.2612,-37.0926],[-72.2565,-37.1057],[-72.2715,-37.1205],[-72.2612,-37.1234],[-72.2653,-37.1482],[-72.2796,-37.155],[-72.2712,-37.195],[-72.219,-37.1858],[-72.1665,-37.1978],[-72.1132,-37.1783],[-72.0618,-37.1927],[-72.0543,-37.1742],[-72.0655,-37.1668],[-72.0352,-37.1655],[-71.9898,-37.1933],[-71.8906,-37.1827],[-71.8496,-37.161],[-71.8423,-37.1284],[-71.7982,-37.1087],[-71.7118,-37.1256],[-71.6782,-37.145],[-71.5809,-37.1241],[-71.5634,-37.1334],[-71.5413,-37.0748],[-71.551,-37.0212],[-71.5108,-37.0042],[-71.4781,-37.0207],[-71.4583,-37.0663],[-71.4089,-37.0905],[-71.3826,-37.0672],[-71.3288,-37.0778],[-71.3013,-37.103],[-71.2694,-37.1117],[-71.1885,-37.0981],[-71.156,-37.1165],[-71.0961,-37.1091],[-71.0955,-37.1253],[-71.1344,-37.142],[-71.1148,-37.207],[-71.1676,-37.2229],[-71.1555,-37.2326],[-71.1609,-37.2459],[-71.1916,-37.2751],[-71.2197,-37.2745],[-71.2078,-37.3385],[-71.1882,-37.3579],[-71.2013,-37.3651],[-71.1985,-37.3822],[-71.1571,-37.3975],[-71.1413,-37.4418],[-71.1158,-37.4597],[-71.1325,-37.5294],[-71.1492,-37.5403],[-71.1315,-37.5538],[-71.1266,-37.5859],[-71.146,-37.6089],[-71.1916,-37.6288],[-71.212,-37.6876],[-71.182,-37.7384],[-71.1552,-37.7577],[-71.1702,-37.7851],[-71.1249,-37.8203],[-71.1829,-37.8583],[-71.1406,-37.8586],[-71.1067,-37.8917],[-71.114,-37.9515],[-71.0622,-37.9701],[-71.0556,-38.0441],[-70.992,-38.0835],[-70.9833,-38.1053],[-71.0447,-38.1227],[-71.0845,-38.0907],[-71.1486,-38.1109],[-71.2637,-38.0973],[-71.2816,-38.1099],[-71.295,-38.109],[-71.3052,-38.0892],[-71.3751,-38.0852],[-71.4126,-38.1067],[-71.4128,-38.1359],[-71.4368,-38.1777],[-71.5107,-38.2098],[-71.5313,-38.2038],[-71.5303,-38.2261],[-71.5536,-38.246],[-71.5801,-38.231],[-71.608,-38.2403],[-71.6495,-38.3143],[-71.7111,-38.2602],[-71.6871,-38.2454],[-71.7153,-38.2096],[-71.6944,-38.1688],[-71.7209,-38.1457],[-71.6989,-38.0836],[-71.7342,-38.0439],[-71.7774,-38.0318],[-71.8795,-38.0782],[-71.9295,-38.0468],[-71.9307,-38.0293],[-71.9673,-37.9935],[-72.0487,-38.0137],[-72.1011,-37.9984],[-72.1351,-37.9619],[-72.1293,-37.9528],[-72.1868,-37.9275],[-72.2475,-37.8772],[-72.3176,-37.8813],[-72.357,-37.8513],[-72.4006,-37.8421],[-72.4268,-37.796],[-72.4795,-37.7472],[-72.4846,-37.7211],[-72.4726,-37.708],[-72.4932,-37.6462],[-72.5251,-37.6467],[-72.5387,-37.6653],[-72.6317,-37.6686],[-72.6498,-37.6642],[-72.6403,-37.6404],[-72.653,-37.6198],[-72.6649,-37.6293],[-72.6842,-37.6175],[-72.7278,-37.6264],[-72.7759,-37.596],[-72.7765,-37.5817],[-72.8017,-37.5946],[-72.8581,-37.5911],[-72.8679,-37.6038],[-72.9123,-37.6065],[-72.9278,-37.6191],[-72.9886,-37.617],[-73.0213,-37.6299],[-73.0417,-37.6173],[-73.072,-37.6208],[-73.0586,-37.6402],[-73.0676,-37.6595],[-73.0807,-37.6775],[-73.1047,-37.6772],[-73.1208,-37.6919],[-73.1012,-37.726],[-73.0716,-37.7095],[-73.0252,-37.7193],[-73.0161,-37.752],[-73.0411,-37.7823],[-73.0247,-37.8084],[-73.0485,-37.8452],[-73.1241,-37.8769],[-73.13,-37.8957],[-73.1101,-37.9078],[-73.12,-37.9609],[-73.1862,-37.9873],[-73.1812,-38.0038],[-73.2058,-38.051],[-73.1815,-38.0631],[-73.1687,-38.0557],[-73.1563,-38.0747],[-73.0826,-38.0953],[-73.0725,-38.1229],[-73.0887,-38.1462],[-73.0776,-38.1754],[-73.0922,-38.1928],[-73.1305,-38.1822],[-73.1377,-38.2143],[-73.2017,-38.2311],[-73.2002,-38.246],[-73.221,-38.2573],[-73.2235,-38.2737],[-73.2641,-38.2837],[-73.2982,-38.3155],[-73.3021,-38.3167]]],[[[-73.5237,-37.0017],[-73.475,-37.0289],[-73.4632,-37.0483],[-73.5094,-37.0419],[-73.5193,-37.0748],[-73.5325,-37.0655],[-73.5511,-37.0254],[-73.5347,-36.9738],[-73.5241,-36.9713],[-73.5196,-36.9946],[-73.5237,-37.0017]]],[[[-73.0566,-36.6311],[-73.0565,-36.6436],[-73.0711,-36.6479],[-73.068,-36.6224],[-73.048,-36.6041],[-73.054,-36.6316],[-73.0566,-36.6311]]]]}},{"type":"Feature","properties":{"codigo_region":"9","region":"Región de La Araucanía","area_km2":31837.5676},"geometry":{"type":"MultiPolygon","coordinates":[[[[-72.9627,-39.3099],[-73.0042,-39.2926],[-73.0241,-39.2983],[-73.0331,-39.3364],[-73.0709,-39.3594],[-73.0876,-39.3895],[-73.1313,-39.3935],[-73.1578,-39.4151],[-73.2015,-39.4134],[-73.2417,-39.3908],[-73.2139,-39.3867],[-73.2043,-39.3661],[-73.233,-39.305],[-73.2104,-39.2335],[-73.2306,-39.2074],[-73.1817,-39.1891],[-73.234,-39.205],[-73.2179,-39.2326],[-73.2301,-39.2442],[-73.2938,-39.0517],[-73.4108,-38.7973],[-73.4072,-38.7889],[-73.4019,-38.8004],[-73.3993,-38.7856],[-73.4212,-38.7595],[-73.3575,-38.7491],[-73.3497,-38.736],[-73.3584,-38.7061],[-73.3649,-38.7498],[-73.4268,-38.747],[-73.4327,-38.7348],[-73.4063,-38.7117],[-73.4378,-38.7269],[-73.4075,-38.784],[-73.4177,-38.7802],[-73.4884,-38.6559],[-73.5179,-38.5072],[-73.5195,-38.4813],[-73.504,-38.484],[-73.4714,-38.4563],[-73.4373,-38.4495],[-73.4307,-38.431],[-73.3834,-38.401],[-73.3607,-38.4038],[-73.3213,-38.4362],[-73.3233,-38.4809],[-73.3125,-38.4902],[-73.2749,-38.4887],[-73.2882,-38.451],[-73.272,-38.4362],[-73.3094,-38.4119],[-73.309,-38.3739],[-73.3404,-38.3652],[-73.3233,-38.3357],[-73.2641,-38.2837],[-73.2235,-38.2737],[-73.221,-38.2573],[-73.2002,-38.246],[-73.2017,-38.2311],[-73.1377,-38.2143],[-73.1305,-38.1822],[-73.0922,-38.1928],[-73.0776,-38.1754],[-73.0887,-38.1462],[-73.0725,-38.1229],[-73.0826,-38.0953],[-73.1563,-38.0747],[-73.1687,-38.0557],[-73.1815,-38.0631],[-73.2058,-38.051],[-73.1812,-38.0038],[-73.1862,-37.9873],[-73.12,-37.9609],[-73.1101,-37.9078],[-73.13,-37.8957],[-73.1249,-37.8781],[-73.0485,-37.8452],[-73.0247,-37.8084],[-73.0411,-37.7823],[-73.0161,-37.752],[-73.0252,-37.7193],[-73.0716,-37.7095],[-73.1012,-37.726],[-73.1208,-37.6919],[-73.1047,-37.6772],[-73.0807,-37.6775],[-73.0676,-37.6595],[-73.0586,-37.6402],[-73.0716,-37.6208],[-73.0417,-37.6173],[-73.0213,-37.6299],[-72.9886,-37.617],[-72.9278,-37.6191],[-72.9123,-37.6065],[-72.8679,-37.6038],[-72.8581,-37.5911],[-72.8017,-37.5946],[-72.7765,-37.5817],[-72.7759,-37.596],[-72.7278,-37.6264],[-72.6509,-37.6227],[-72.6403,-37.6404],[-72.6498,-37.6642],[-72.6317,-37.6686],[-72.5387,-37.6653],[-72.5251,-37.6467],[-72.4932,-37.6462],[-72.4726,-37.708],[-72.4846,-37.7211],[-72.4795,-37.7472],[-72.3869,-37.8495],[-72.357,-37.8513],[-72.3176,-37.8813],[-72.2475,-37.8772],[-72.1868,-37.9275],[-72.1293,-37.9528],[-72.1351,-37.9619],[-72.1011,-37.9984],[-72.0487,-38.0137],[-71.9673,-37.9935],[-71.9307,-38.0293],[-71.9295,-38.0468],[-71.8795,-38.0782],[-71.8478,-38.0553],[-71.7713,-38.0308],[-71.7008,-38.0702],[-71.706,-38.1242],[-71.7209,-38.1457],[-71.6944,-38.1688],[-71.7155,-38.21],[-71.6871,-38.2454],[-71.7111,-38.2602],[-71.6495,-38.3143],[-71.608,-38.2403],[-71.5801,-38.231],[-71.5536,-38.246],[-71.5303,-38.2261],[-71.5313,-38.2038],[-71.5107,-38.2098],[-71.4368,-38.1777],[-71.4128,-38.1359],[-71.4126,-38.1067],[-71.3751,-38.0852],[-71.3052,-38.0892],[-71.295,-38.109],[-71.2816,-38.1099],[-71.2637,-38.0973],[-71.1486,-38.1109],[-71.0845,-38.0907],[-71.0327,-38.1307],[-70.9957,-38.1713],[-70.9965,-38.2019],[-71.0175,-38.2121],[-71.0178,-38.2393],[-71.0326,-38.2495],[-71.0096,-38.261],[-71.0112,-38.2831],[-70.9981,-38.2908],[-71.0036,-38.321],[-70.9969,-38.3552],[-70.9822,-38.3644],[-70.9833,-38.4311],[-70.9511,-38.4495],[-70.9107,-38.5035],[-70.8646,-38.5157],[-70.8441,-38.5367],[-70.8287,-38.5998],[-70.9046,-38.6678],[-70.883,-38.7018],[-70.9259,-38.7646],[-70.9791,-38.7594],[-71.0054,-38.7697],[-71.0326,-38.7572],[-71.0705,-38.7687],[-71.0863,-38.7563],[-71.1036,-38.7766],[-71.183,-38.8126],[-71.2405,-38.8015],[-71.2607,-38.8157],[-71.2675,-38.8531],[-71.4335,-38.9286],[-71.4408,-38.9814],[-71.4132,-39.0104],[-71.422,-39.0248],[-71.3971,-39.046],[-71.4181,-39.0702],[-71.4073,-39.0973],[-71.4201,-39.1497],[-71.3821,-39.2099],[-71.3918,-39.2166],[-71.3819,-39.2372],[-71.3912,-39.2588],[-71.3743,-39.2818],[-71.3951,-39.3026],[-71.3875,-39.3151],[-71.3994,-39.3497],[-71.4343,-39.3723],[-71.4575,-39.3716],[-71.4444,-39.4075],[-71.4631,-39.4195],[-71.451,-39.4248],[-71.447,-39.4516],[-71.4628,-39.455],[-71.473,-39.4923],[-71.5169,-39.5032],[-71.5344,-39.5276],[-71.505,-39.5591],[-71.4676,-39.5574],[-71.4758,-39.5721],[-71.4627,-39.5848],[-71.5027,-39.6371],[-71.5407,-39.6231],[-71.5789,-39.6347],[-71.6072,-39.6287],[-71.6238,-39.592],[-71.697,-39.5619],[-71.7049,-39.502],[-71.7262,-39.4961],[-71.758,-39.5081],[-71.8109,-39.4896],[-71.8663,-39.4367],[-71.9242,-39.4206],[-71.9397,-39.4195],[-71.9639,-39.4454],[-72.011,-39.4475],[-72.1191,-39.5104],[-72.2688,-39.5134],[-72.2844,-39.4908],[-72.3296,-39.5102],[-72.3798,-39.5043],[-72.438,-39.4757],[-72.5169,-39.4773],[-72.5337,-39.4344],[-72.6588,-39.4601],[-72.6871,-39.4336],[-72.7216,-39.4259],[-72.7436,-39.4409],[-72.7863,-39.4308],[-72.7934,-39.4053],[-72.8446,-39.4127],[-72.8566,-39.398],[-72.8975,-39.4302],[-72.9016,-39.3838],[-72.8572,-39.3553],[-72.8585,-39.3348],[-72.8345,-39.3117],[-72.8664,-39.2869],[-72.9084,-39.2896],[-72.9558,-39.3167],[-72.9627,-39.3099]]]]}},{"type":"Feature","properties":{"codigo_region":"10","region":"Región de Los Lagos","area_km2":48408.3713},"geometry":{"type":"MultiPolygon","coordinates":[[[[-74.7054,-43.5337],[-74.6802,-43.5523],[-74.6492,-43.5484],[-74.5539,-43.6263],[-74.682,-43.6409],[-74.7669,-43.6808],[-74.8153,-43.6249],[-74.8351,-43.5645],[-74.7738,-43.5754],[-74.7453,-43.5656],[-74.7434,-43.5173],[-74.7111,-43.5325],[-74.7054,-43.5337]]],[[[-74.0946,-43.4136],[-74.1006,-43.4034],[-74.0906,-43.3962],[-74.0924,-43.4163],[-74.0946,-43.4136]]],[[[-74.2452,-43.3782],[-74.2482,-43.395],[-74.2343,-43.4097],[-74.2523,-43.4105],[-74.2641,-43.4279],[-74.286,-43.4153],[-74.2764,-43.3626],[-74.25,-43.3493],[-74.2469,-43.3723],[-74.2452,-43.3782]]],[[[-74.2062477,-43.3577102],[-74.2053413,-43.3558575],[-74.1963365,-43.3548496],[-74.1929709,-43.3592611],[-74.1944632,-43.3673958],[-74.1972076,-43.367296],[-74.1989212,-43.3648779],[-74.1981782,-43.3630263],[-74.2012963,-43.3593196],[-74.2062477,-43.3577102]]],[[[-73.6862,-43.3445],[-73.6624,-43.3527],[-73.677,-43.3879],[-73.6992,-43.3834],[-73.7304,-43.3983],[-73.7743,-43.3829],[-73.7867,-43.3599],[-73.7791,-43.3563],[-73.8087,-43.3206],[-73.766,-43.3145],[-73.6948,-43.3424],[-73.6862,-43.3445]]],[[[-73.6624,-43.195],[-73.6724,-43.2248],[-73.6644,-43.2372],[-73.6762,-43.2469],[-73.7442,-43.1979],[-73.7175,-43.1753],[-73.6688,-43.1916],[-73.6624,-43.195]]],[[[-73.7204649,-43.1484836],[-73.7182412,-43.1485781],[-73.7181802,-43.1524728],[-73.722415,-43.1536992],[-73.7257158,-43.1527958],[-73.7286405,-43.1493807],[-73.7270594,-43.1460051],[-73.7204649,-43.1484836]]],[[[-73.6846,-42.8722],[-73.6165,-42.9168],[-73.6162,-42.9405],[-73.6391,-42.9439],[-73.593,-42.9524],[-73.6031,-42.9695],[-73.5445,-42.9741],[-73.5385,-43.027],[-73.5129,-43.0512],[-73.51,-43.0703],[-73.5449,-43.0621],[-73.5718,-43.0335],[-73.6069,-43.0397],[-73.616,-43.055],[-73.5772,-43.0513],[-73.4937,-43.0862],[-73.4814,-43.0985],[-73.4793,-43.1453],[-73.5321,-43.1256],[-73.5408,-43.1007],[-73.5445,-43.1222],[-73.5648,-43.1122],[-73.6314,-43.118],[-73.641,-43.1232],[-73.6154,-43.1389],[-73.6238,-43.1434],[-73.6612,-43.138],[-73.7067,-43.1502],[-73.7158,-43.1375],[-73.7077,-43.1167],[-73.7235,-43.0929],[-73.7261,-43.1147],[-73.744,-43.1188],[-73.757,-43.1451],[-73.7392,-43.1709],[-73.752,-43.2043],[-73.7216,-43.2421],[-73.6751,-43.2671],[-73.6625,-43.3189],[-73.7959,-43.3133],[-73.844,-43.2855],[-73.8714,-43.2878],[-73.8102,-43.3125],[-73.8126,-43.3313],[-73.7949,-43.3531],[-73.8032,-43.3668],[-73.7904,-43.3869],[-73.7952,-43.4129],[-73.8226,-43.4009],[-73.835,-43.4263],[-73.874,-43.4247],[-73.8922,-43.3986],[-73.9159,-43.3933],[-73.9185,-43.3728],[-73.9763,-43.3611],[-74.004,-43.3902],[-74.0247,-43.3666],[-74.0226,-43.3507],[-74.0558,-43.3513],[-74.0925,-43.3238],[-74.0947,-43.3331],[-74.0532,-43.3572],[-74.0261,-43.353],[-74.0832,-43.3711],[-74.0834,-43.3924],[-74.0992,-43.394],[-74.1248,-43.3804],[-74.1454,-43.349],[-74.1992,-43.3474],[-74.2227,-43.3264],[-74.2986,-43.3242],[-74.3269,-43.2916],[-74.3638,-43.2925],[-74.4042,-43.2644],[-74.4048,-43.2331],[-74.3752,-43.2225],[-74.3475,-43.1496],[-74.3049,-43.131],[-74.3134,-43.1166],[-74.334,-43.1196],[-74.3179,-43.1063],[-74.3351,-43.0986],[-74.3241,-43.0771],[-74.2916,-43.081],[-74.2582,-43.0397],[-74.2247,-43.0249],[-74.2282,-43.0074],[-74.261,-42.9911],[-74.2032,-42.9656],[-74.2089,-42.9325],[-74.2289,-42.9273],[-74.2279,-42.9172],[-74.1716,-42.9033],[-74.1541,-42.8604],[-74.1513,-42.8415],[-74.1662,-42.8254],[-74.1527,-42.7934],[-74.1676,-42.786],[-74.169,-42.7672],[-74.1442,-42.76],[-74.1573,-42.7123],[-74.1277,-42.7028],[-74.1223,-42.649],[-74.1489,-42.5515],[-74.1953,-42.5163],[-74.177,-42.4671],[-74.1904,-42.4459],[-74.1821,-42.412],[-74.1619,-42.3993],[-74.1392,-42.3241],[-74.1714,-42.2676],[-74.1337,-42.1984],[-74.0526,-42.1465],[-74.043,-42.1164],[-74.0574,-42.1059],[-74.0264,-42.0689],[-74.0369,-42.044],[-74.0291,-42.0273],[-74.0498,-42.0007],[-74.0542,-41.9698],[-74.0248,-41.9474],[-74.0526,-41.9373],[-74.0057,-41.9251],[-73.9937,-41.8913],[-74.0094,-41.8662],[-74.057,-41.8382],[-74.051,-41.805],[-74.0282,-41.8057],[-74.0097,-41.774],[-73.9502,-41.7966],[-73.9118,-41.787],[-73.9007,-41.7668],[-73.8784,-41.7867],[-73.9095,-41.7948],[-73.8569,-41.829],[-73.8791,-41.8549],[-73.8949,-41.8576],[-73.8865,-41.848],[-73.9003,-41.8418],[-73.8909,-41.8324],[-73.9,-41.8258],[-73.912,-41.8472],[-73.9028,-41.8478],[-73.9191,-41.8534],[-73.9375,-41.8454],[-73.9262,-41.8339],[-73.9331,-41.8224],[-73.9739,-41.8348],[-73.9808,-41.8202],[-74.0,-41.8393],[-73.9975,-41.8523],[-73.8565,-41.8828],[-73.8303,-41.8743],[-73.8307,-41.8603],[-73.8064,-41.8596],[-73.7577,-41.9054],[-73.7612,-41.9282],[-73.8081,-41.9406],[-73.8055,-41.9529],[-73.7755,-41.9546],[-73.7696,-41.9695],[-73.7529,-41.9528],[-73.7652,-41.9377],[-73.7493,-41.9297],[-73.7479,-41.9466],[-73.7306,-41.9582],[-73.7393,-41.9306],[-73.7128,-41.9273],[-73.7467,-41.918],[-73.7505,-41.8862],[-73.77,-41.8733],[-73.7325,-41.8892],[-73.7528,-41.8697],[-73.8,-41.8706],[-73.7261,-41.8441],[-73.6743,-41.8019],[-73.6435,-41.7997],[-73.6425,-41.8187],[-73.625,-41.8261],[-73.5883,-41.7932],[-73.5397,-41.7964],[-73.5246,-41.8056],[-73.5235,-41.828],[-73.4773,-41.8315],[-73.4801,-41.8441],[-73.5329,-41.8759],[-73.4824,-41.8881],[-73.4714,-41.9046],[-73.5279,-41.8926],[-73.5087,-41.9036],[-73.5093,-41.9234],[-73.5431,-41.925],[-73.5619,-41.9585],[-73.5272,-41.9655],[-73.5297,-41.9516],[-73.5165,-41.9518],[-73.5202,-41.9641],[-73.4773,-42.0236],[-73.4145,-42.0731],[-73.421,-42.1031],[-73.4425,-42.1198],[-73.484,-42.1177],[-73.4706,-42.1429],[-73.4904,-42.1487],[-73.4882,-42.1609],[-73.4237,-42.1777],[-73.3987,-42.2105],[-73.3647,-42.2051],[-73.3603,-42.2414],[-73.3859,-42.2469],[-73.3377,-42.2637],[-73.3602,-42.2968],[-73.3556,-42.3381],[-73.4427,-42.3209],[-73.4718,-42.3435],[-73.5455,-42.3345],[-73.5813,-42.3617],[-73.6644,-42.384],[-73.6721,-42.4033],[-73.6409,-42.4358],[-73.6823,-42.4653],[-73.6838,-42.4797],[-73.5771,-42.5338],[-73.6133,-42.5368],[-73.6306,-42.5238],[-73.64,-42.5464],[-73.72,-42.5687],[-73.7435,-42.5367],[-73.784,-42.5334],[-73.7855,-42.5235],[-73.7526,-42.5165],[-73.7341,-42.494],[-73.7297,-42.4326],[-73.7504,-42.4308],[-73.749,-42.4762],[-73.767,-42.4649],[-73.759,-42.4825],[-73.7714,-42.4812],[-73.77,-42.4984],[-73.805,-42.5386],[-73.7511,-42.5513],[-73.7567,-42.5784],[-73.7883,-42.596],[-73.7867,-42.6128],[-73.7054,-42.6644],[-73.6598,-42.6646],[-73.6559,-42.6751],[-73.6707,-42.6714],[-73.6809,-42.6946],[-73.6603,-42.7061],[-73.6331,-42.7008],[-73.6312,-42.7252],[-73.6081,-42.7499],[-73.5446,-42.7562],[-73.4715,-42.8143],[-73.4631,-42.8834],[-73.4904,-42.9051],[-73.4779,-42.8939],[-73.4803,-42.8751],[-73.4864,-42.8856],[-73.5107,-42.8754],[-73.5272,-42.8871],[-73.5707,-42.8882],[-73.6147,-42.8173],[-73.6236,-42.8473],[-73.6456,-42.8462],[-73.6048,-42.8519],[-73.5854,-42.8889],[-73.6204,-42.8903],[-73.6382,-42.8816],[-73.6452,-42.8602],[-73.7084,-42.8595],[-73.74,-42.8402],[-73.7524,-42.8495],[-73.696,-42.8728],[-73.6846,-42.8722]]],[[[-73.5773,-42.6273],[-73.5786,-42.6747],[-73.5195,-42.6799],[-73.5353,-42.6997],[-73.5777,-42.7082],[-73.5772,-42.6802],[-73.5987,-42.6516],[-73.6235,-42.6547],[-73.6579,-42.6386],[-73.708,-42.6534],[-73.7438,-42.6302],[-73.7394,-42.6142],[-73.7207,-42.6165],[-73.7382,-42.61],[-73.7287,-42.5999],[-73.6483,-42.5951],[-73.5985,-42.5685],[-73.5659,-42.618],[-73.5773,-42.6273]]],[[[-73.6175019,-41.8141961],[-73.6230457,-41.8139447],[-73.6232736,-41.8103169],[-73.6170861,-41.8035091],[-73.6176374,-41.7995258],[-73.6150032,-41.799078],[-73.613892,-41.8039237],[-73.6175019,-41.8141961]]],[[[-73.8106,-41.7306],[-73.8031,-41.7451],[-73.821,-41.7417],[-73.8147,-41.7304],[-73.8106,-41.7306]]],[[[-73.6783,-41.574],[-73.6772,-41.588],[-73.6577,-41.5897],[-73.6748,-41.6023],[-73.7531,-41.5576],[-73.7727,-41.561],[-73.7706,-41.5723],[-73.79,-41.5825],[-73.7834,-41.5577],[-73.7993,-41.5058],[-73.854,-41.4616],[-73.8335,-41.4416],[-73.8541,-41.428],[-73.836,-41.4112],[-73.8351,-41.3956],[-73.8464,-41.3961],[-73.8318,-41.3748],[-73.8352,-41.3183],[-73.8486,-41.2971],[-73.8316,-41.2719],[-73.7967,-41.2715],[-73.7893,-41.2499],[-73.7971,-41.2707],[-73.8412,-41.2734],[-73.844,-41.2903],[-73.8539,-41.2822],[-73.8735,-41.2076],[-73.9196,-41.1444],[-73.9062,-41.1248],[-73.9281,-41.1093],[-73.9184,-41.0842],[-73.9371,-41.059],[-73.9319,-40.9988],[-73.9453,-40.9856],[-73.9358,-40.9633],[-73.9213,-40.9659],[-73.8846,-40.9361],[-73.8576,-40.9366],[-73.8489,-40.9209],[-73.8537,-40.8892],[-73.8779,-40.8859],[-73.8867,-40.8606],[-73.8609,-40.8186],[-73.8591,-40.772],[-73.8409,-40.7745],[-73.8482,-40.762],[-73.829,-40.7213],[-73.8001,-40.7157],[-73.8339,-40.667],[-73.8097,-40.6621],[-73.801,-40.632],[-73.7575,-40.6206],[-73.7588,-40.605],[-73.736,-40.5957],[-73.7449,-40.5887],[-73.7375,-40.5675],[-73.7161,-40.5559],[-73.7165,-40.5288],[-73.734,-40.5013],[-73.7571,-40.4954],[-73.7507,-40.4814],[-73.777,-40.4542],[-73.7473,-40.4443],[-73.7594,-40.42],[-73.7459,-40.407],[-73.7629,-40.3925],[-73.7567,-40.3498],[-73.7408,-40.3414],[-73.7524,-40.3012],[-73.7124,-40.2447],[-73.679,-40.2443],[-73.6831,-40.2612],[-73.6694,-40.2781],[-73.5962,-40.3016],[-73.5779,-40.2835],[-73.5131,-40.2888],[-73.4562,-40.2695],[-73.4465,-40.3049],[-73.429,-40.3062],[-73.4069,-40.3376],[-73.3075,-40.3342],[-73.2758,-40.3512],[-73.1776,-40.3474],[-73.1496,-40.3608],[-73.0795,-40.3447],[-73.0598,-40.3709],[-72.9803,-40.3852],[-72.9216,-40.4411],[-72.9068,-40.4408],[-72.8924,-40.5063],[-72.8568,-40.5262],[-72.8577,-40.5368],[-72.8146,-40.5451],[-72.8192,-40.5565],[-72.7967,-40.5657],[-72.7812,-40.5958],[-72.6908,-40.626],[-72.6579,-40.6242],[-72.6444,-40.6564],[-72.6068,-40.6811],[-72.4375,-40.6542],[-72.3542,-40.6603],[-72.3348,-40.6758],[-72.2883,-40.6477],[-72.1999,-40.6716],[-72.1617,-40.658],[-72.1008,-40.6631],[-72.0664,-40.655],[-72.0538,-40.6303],[-71.97,-40.6344],[-71.9287,-40.5906],[-71.8803,-40.5797],[-71.8799,-40.5641],[-71.856,-40.5921],[-71.8255,-40.5777],[-71.8689,-40.6634],[-71.9602,-40.718],[-71.9667,-40.7448],[-71.9206,-40.785],[-71.935,-40.8218],[-71.9272,-40.8327],[-71.8807,-40.8805],[-71.8584,-40.8818],[-71.8692,-40.8934],[-71.8562,-40.9599],[-71.8996,-40.9592],[-71.9051,-40.9836],[-71.8741,-40.9998],[-71.8591,-41.0329],[-71.84,-41.0358],[-71.82,-41.0615],[-71.8516,-41.0991],[-71.8374,-41.1154],[-71.8388,-41.1483],[-71.8873,-41.1608],[-71.8725,-41.2063],[-71.8564,-41.2125],[-71.8598,-41.2336],[-71.8441,-41.2445],[-71.8561,-41.2467],[-71.8343,-41.2716],[-71.8566,-41.2576],[-71.8985,-41.2557],[-71.889,-41.2654],[-71.8932,-41.2923],[-71.876,-41.2965],[-71.8766,-41.3086],[-71.9084,-41.3409],[-71.91,-41.3578],[-71.8659,-41.3962],[-71.8639,-41.4222],[-71.8362,-41.4328],[-71.844,-41.4531],[-71.8277,-41.4818],[-71.853,-41.5157],[-71.8175,-41.5754],[-71.8471,-41.5654],[-71.8853,-41.605],[-71.8561,-41.6453],[-71.8357,-41.647],[-71.831,-41.6747],[-71.8192,-41.6695],[-71.8153,-41.6895],[-71.7946,-41.694],[-71.8103,-41.7211],[-71.7833,-41.7354],[-71.7749,-41.7685],[-71.7533,-41.7855],[-71.773,-41.7952],[-71.7499,-41.8238],[-71.7955,-41.8379],[-71.7723,-41.9381],[-71.7939,-41.9447],[-71.7941,-41.9625],[-71.7537,-42.0248],[-71.7568,-42.0368],[-71.7259,-42.0487],[-71.741,-42.0825],[-71.7257,-42.1125],[-71.7471,-42.1297],[-71.7758,-42.1294],[-71.7818,-42.148],[-71.8065,-42.1464],[-71.8368,-42.163],[-71.8742,-42.1547],[-71.8933,-42.1784],[-71.9244,-42.19],[-71.9537,-42.1646],[-71.9593,-42.1402],[-72.0108,-42.1378],[-72.0528,-42.1138],[-72.0808,-42.1307],[-72.067,-42.1473],[-72.1218,-42.1548],[-72.1756,-42.1423],[-72.186,-42.1722],[-72.1571,-42.1936],[-72.1657,-42.2195],[-72.1515,-42.2442],[-72.1677,-42.2609],[-72.1215,-42.3246],[-72.1374,-42.3287],[-72.1309,-42.3846],[-72.1122,-42.3981],[-72.0773,-42.3829],[-72.0297,-42.4064],[-72.0471,-42.4509],[-72.0114,-42.4884],[-72.0293,-42.5049],[-72.0252,-42.521],[-72.0535,-42.544],[-72.0567,-42.5698],[-72.0753,-42.5651],[-72.1028,-42.6023],[-72.1168,-42.6026],[-72.1184,-42.6285],[-72.097,-42.6418],[-72.1222,-42.6721],[-72.1479,-42.6814],[-72.1698,-42.6711],[-72.1775,-42.6891],[-72.129,-42.73],[-72.1455,-42.7428],[-72.1312,-42.778],[-72.1417,-42.795],[-72.1647,-42.8006],[-72.147,-42.8514],[-72.1196,-42.8759],[-72.1428,-42.8977],[-72.1145,-42.9234],[-72.118,-42.9357],[-72.074,-42.9493],[-72.0583,-42.9813],[-72.0395,-42.991],[-72.037,-43.0109],[-72.0034,-43.0398],[-71.9431,-43.0473],[-71.9337,-43.1015],[-71.8928,-43.1072],[-71.8879,-43.127],[-71.8556,-43.1296],[-71.859,-43.1427],[-71.8113,-43.147],[-71.7859,-43.1676],[-71.7608,-43.1645],[-71.73,-43.1981],[-71.7572,-43.2282],[-71.7314,-43.2826],[-71.7351,-43.3134],[-71.7479,-43.3194],[-71.7867,-43.2964],[-71.8311,-43.3352],[-71.9068,-43.3233],[-71.8901,-43.357],[-71.894,-43.3802],[-71.9323,-43.3869],[-71.9135,-43.4163],[-71.9338,-43.4498],[-71.9262,-43.4589],[-71.8808,-43.4513],[-71.8484,-43.4833],[-71.8775,-43.5294],[-71.8751,-43.5508],[-71.7734,-43.5395],[-71.7592,-43.5861],[-71.7074,-43.5838],[-71.7015,-43.6248],[-71.6089,-43.6288],[-71.581,-43.6591],[-71.5884,-43.6788],[-71.6114,-43.6794],[-71.6003,-43.6964],[-71.6298,-43.6987],[-71.6318,-43.7084],[-71.6623,-43.7028],[-71.6622,-43.7213],[-71.6982,-43.7273],[-71.7539,-43.7882],[-71.7491,-43.8097],[-71.7637,-43.8412],[-71.7051,-43.869],[-71.7069,-43.8946],[-71.6949,-43.9032],[-71.6564,-43.914],[-71.6491,-43.9478],[-71.6797,-43.9712],[-71.7368,-44.0671],[-71.7926,-44.0528],[-71.7995,-44.024],[-71.8266,-43.999],[-71.8275,-43.9765],[-71.8079,-43.9552],[-71.8584,-43.9287],[-71.9146,-43.9411],[-71.9718,-43.926],[-71.9556,-43.9452],[-71.9632,-43.9649],[-71.9803,-43.9671],[-72.0137,-43.966],[-72.043,-43.9364],[-72.0761,-43.9557],[-72.1081,-43.9299],[-72.0801,-43.8979],[-72.1185,-43.8775],[-72.1822,-43.894],[-72.2025,-43.8545],[-72.1936,-43.8421],[-72.2778,-43.8355],[-72.2424,-43.8078],[-72.3021,-43.7822],[-72.3024,-43.772],[-72.2723,-43.7592],[-72.3082,-43.7335],[-72.2988,-43.7129],[-72.3182,-43.7095],[-72.3382,-43.6739],[-72.4028,-43.6906],[-72.4225,-43.729],[-72.4764,-43.7358],[-72.4799,-43.7722],[-72.5029,-43.7975],[-72.6111,-43.7549],[-72.6539,-43.7597],[-72.6621,-43.7777],[-72.6973,-43.7647],[-72.763,-43.7703],[-72.7675,-43.7519],[-72.8005,-43.7407],[-72.7667,-43.6919],[-72.7914,-43.6729],[-72.7897,-43.6461],[-72.8073,-43.6383],[-72.8233,-43.6437],[-72.8559,-43.7412],[-72.8922,-43.7395],[-72.9334,-43.6974],[-72.9562,-43.6989],[-72.9669,-43.7167],[-73.0262,-43.7204],[-73.0487,-43.7385],[-73.0318,-43.7114],[-72.9662,-43.6831],[-72.945,-43.6518],[-72.9522,-43.6372],[-72.9159,-43.6268],[-72.8961,-43.6066],[-72.8879,-43.6251],[-72.8743,-43.6111],[-72.8854,-43.5804],[-72.9123,-43.6062],[-72.9562,-43.6056],[-72.9671,-43.5887],[-72.9996,-43.5925],[-73.0279,-43.5369],[-73.0522,-43.5279],[-73.0431,-43.5166],[-73.0907,-43.4629],[-73.0916,-43.4349],[-73.06,-43.4155],[-73.0502,-43.3942],[-73.0615,-43.3235],[-72.9805,-43.2682],[-72.874,-43.2379],[-72.8931,-43.1624],[-72.914,-43.1287],[-72.887,-43.0741],[-72.866,-43.0596],[-72.8592,-43.0284],[-72.7812,-43.0288],[-72.7742,-43.0556],[-72.7517,-43.076],[-72.7262,-43.0759],[-72.7536,-43.0089],[-72.7767,-43.0064],[-72.7916,-42.9668],[-72.8174,-42.9517],[-72.811,-42.9333],[-72.7635,-42.9466],[-72.7707,-42.9397],[-72.7414,-42.9389],[-72.7494,-42.9274],[-72.7314,-42.9315],[-72.7127,-42.9137],[-72.7564,-42.8811],[-72.7958,-42.8732],[-72.8004,-42.8523],[-72.8354,-42.8342],[-72.8357,-42.8004],[-72.8556,-42.7678],[-72.8431,-42.7662],[-72.8343,-42.7452],[-72.8461,-42.7332],[-72.8432,-42.7087],[-72.8308,-42.7142],[-72.8051,-42.7002],[-72.8055,-42.6777],[-72.8323,-42.6662],[-72.8559,-42.6195],[-72.8403,-42.6015],[-72.848,-42.5854],[-72.835,-42.5834],[-72.8134,-42.5071],[-72.7931,-42.5003],[-72.676,-42.521],[-72.6028,-42.5597],[-72.5732,-42.5579],[-72.5404,-42.5839],[-72.4906,-42.5643],[-72.5005,-42.5506],[-72.5052,-42.5709],[-72.5264,-42.5658],[-72.5343,-42.5573],[-72.5205,-42.5466],[-72.6308,-42.5133],[-72.683,-42.466],[-72.7033,-42.4349],[-72.7047,-42.4045],[-72.7264,-42.4075],[-72.7665,-42.3772],[-72.7854,-42.3133],[-72.829,-42.3208],[-72.8403,-42.294],[-72.8083,-42.2835],[-72.7366,-42.2236],[-72.6709,-42.2247],[-72.5821,-42.1883],[-72.5161,-42.2417],[-72.5251,-42.2725],[-72.5088,-42.342],[-72.4536,-42.3986],[-72.4561,-42.4482],[-72.4348,-42.4876],[-72.3971,-42.469],[-72.4193,-42.4437],[-72.4151,-42.3785],[-72.4571,-42.3439],[-72.4705,-42.3003],[-72.4471,-42.269],[-72.4009,-42.2624],[-72.394,-42.2493],[-72.4478,-42.2558],[-72.4436,-42.2353],[-72.4609,-42.2013],[-72.4439,-42.165],[-72.409,-42.1756],[-72.3617,-42.1687],[-72.4511,-42.1623],[-72.465,-42.1438],[-72.4574,-42.0922],[-72.4677,-42.0789],[-72.4532,-42.0674],[-72.4277,-41.9773],[-72.4934,-41.9691],[-72.5351,-42.0429],[-72.5897,-42.0402],[-72.5958,-42.0198],[-72.5857,-42.0109],[-72.5996,-42.0062],[-72.6085,-42.015],[-72.6007,-42.0344],[-72.615,-42.0426],[-72.6434,-42.0369],[-72.6323,-42.0122],[-72.6834,-42.002],[-72.6896,-42.0304],[-72.7197,-42.0036],[-72.8128,-41.9734],[-72.8071,-41.9386],[-72.8602,-41.9294],[-72.8782,-41.914],[-72.8216,-41.8916],[-72.7874,-41.834],[-72.7025,-41.7885],[-72.6495,-41.7311],[-72.588,-41.7474],[-72.5759,-41.7342],[-72.5645,-41.7447],[-72.5093,-41.7227],[-72.4656,-41.7249],[-72.3952,-41.7005],[-72.3277,-41.6481],[-72.3109,-41.658],[-72.2844,-41.6444],[-72.3157,-41.6531],[-72.3268,-41.6216],[-72.3123,-41.5501],[-72.2784,-41.5031],[-72.3153,-41.4934],[-72.2758,-41.3918],[-72.3117,-41.3766],[-72.3324,-41.394],[-72.3214,-41.4242],[-72.3118,-41.4082],[-72.3014,-41.4223],[-72.326,-41.4515],[-72.3244,-41.5],[-72.3388,-41.5137],[-72.3659,-41.6359],[-72.3861,-41.6604],[-72.4795,-41.6905],[-72.5113,-41.6868],[-72.5699,-41.7146],[-72.6489,-41.6949],[-72.6414,-41.6895],[-72.6652,-41.6637],[-72.6691,-41.6158],[-72.6933,-41.6141],[-72.7387,-41.547],[-72.7549,-41.5533],[-72.7839,-41.5124],[-72.8194,-41.4939],[-72.8513,-41.5092],[-72.861,-41.4893],[-72.8864,-41.4999],[-72.9392,-41.4729],[-72.9789,-41.4863],[-73.0007,-41.513],[-73.043,-41.5215],[-73.0317,-41.5615],[-73.071,-41.5674],[-73.0969,-41.5904],[-73.065,-41.6127],[-73.0865,-41.6202],[-73.0543,-41.6445],[-73.0667,-41.667],[-73.0379,-41.7043],[-73.0611,-41.7215],[-73.0966,-41.7033],[-73.0932,-41.7284],[-73.1059,-41.7473],[-73.1355,-41.7548],[-73.1586,-41.7413],[-73.1489,-41.7192],[-73.158,-41.715],[-73.1689,-41.7458],[-73.1274,-41.7618],[-73.1241,-41.779],[-73.1572,-41.8083],[-73.1905,-41.7963],[-73.1577,-41.7976],[-73.1371,-41.7672],[-73.153,-41.7631],[-73.1575,-41.7749],[-73.1876,-41.7824],[-73.1884,-41.7473],[-73.2471,-41.714],[-73.262,-41.7304],[-73.2389,-41.775],[-73.2559,-41.788],[-73.406,-41.7658],[-73.4076,-41.7773],[-73.3753,-41.7813],[-73.3487,-41.8118],[-73.391,-41.8064],[-73.4207,-41.7828],[-73.4811,-41.7992],[-73.5549,-41.7691],[-73.7604,-41.7454],[-73.7185,-41.7246],[-73.6868,-41.6611],[-73.697,-41.6337],[-73.673,-41.6396],[-73.6527,-41.6039],[-73.593,-41.6161],[-73.5683,-41.6441],[-73.5871,-41.6162],[-73.563,-41.6297],[-73.5744,-41.6189],[-73.5637,-41.6083],[-73.5122,-41.6172],[-73.5138,-41.5938],[-73.4812,-41.5255],[-73.42,-41.5074],[-73.3942,-41.5231],[-73.4069,-41.5038],[-73.3484,-41.5228],[-73.3745,-41.5038],[-73.4317,-41.4971],[-73.5003,-41.5303],[-73.5296,-41.5884],[-73.587,-41.5891],[-73.5719,-41.5949],[-73.5819,-41.6052],[-73.6035,-41.6056],[-73.6635,-41.5722],[-73.6012,-41.5526],[-73.6439,-41.5591],[-73.6793,-41.5009],[-73.7079,-41.4941],[-73.6751,-41.5402],[-73.6754,-41.5598],[-73.6783,-41.574]]],[[[-73.6031,-43.2021],[-73.5977,-43.231],[-73.571,-43.2488],[-73.5817,-43.2619],[-73.5755,-43.2723],[-73.5877,-43.2723],[-73.626,-43.2382],[-73.6194,-43.2221],[-73.6421,-43.1874],[-73.6177,-43.1641],[-73.6074,-43.2005],[-73.6031,-43.2021]]],[[[-73.5518,-43.1626],[-73.5174,-43.1776],[-73.5111,-43.1526],[-73.5328,-43.1553],[-73.5183,-43.1409],[-73.4983,-43.1732],[-73.5342,-43.1949],[-73.5888,-43.2025],[-73.5616,-43.1858],[-73.5777,-43.1739],[-73.5856,-43.1404],[-73.5557,-43.1361],[-73.5508,-43.1593],[-73.5518,-43.1626]]],[[[-73.4707,-43.0442],[-73.4573,-43.0398],[-73.4401,-43.0639],[-73.4586,-43.0468],[-73.4707,-43.0442]]],[[[-73.4397,-42.9528],[-73.3523,-42.9889],[-73.3242,-43.0152],[-73.4611,-42.9943],[-73.4693,-42.9807],[-73.5147,-42.9746],[-73.5232,-42.9456],[-73.5489,-42.9448],[-73.5686,-42.959],[-73.5753,-42.9362],[-73.6045,-42.9327],[-73.5774,-42.9145],[-73.5343,-42.915],[-73.4631,-42.946],[-73.4397,-42.9528]]],[[[-73.426749,-42.9224561],[-73.4329317,-42.9304987],[-73.4343348,-42.9295053],[-73.4351705,-42.9253115],[-73.4325286,-42.9195453],[-73.418142,-42.9154757],[-73.426749,-42.9224561]]],[[[-73.2429,-42.6324],[-73.2322,-42.6409],[-73.2459,-42.6647],[-73.3582,-42.6316],[-73.3431,-42.6224],[-73.2548,-42.6333],[-73.2429,-42.6324]]],[[[-73.467,-42.6469],[-73.5312,-42.6464],[-73.5438,-42.6289],[-73.5291,-42.6162],[-73.4971,-42.6227],[-73.4815,-42.6411],[-73.504,-42.6041],[-73.4227,-42.6197],[-73.4537,-42.6393],[-73.467,-42.6469]]],[[[-73.2769,-42.6091],[-73.329,-42.5974],[-73.3089,-42.5876],[-73.2622,-42.5973],[-73.2708,-42.6082],[-73.2769,-42.6091]]],[[[-73.5068,-42.5884],[-73.5158,-42.6034],[-73.5418,-42.5921],[-73.5116,-42.5507],[-73.4907,-42.5511],[-73.5082,-42.5783],[-73.5068,-42.5884]]],[[[-73.4419,-42.5027],[-73.3963,-42.54],[-73.3889,-42.5816],[-73.4424,-42.5719],[-73.4359,-42.5403],[-73.4238,-42.5526],[-73.4108,-42.5474],[-73.449,-42.519],[-73.4956,-42.5151],[-73.5394,-42.4679],[-73.6383,-42.4692],[-73.6444,-42.462],[-73.6053,-42.4362],[-73.6579,-42.3974],[-73.6552,-42.388],[-73.5982,-42.3815],[-73.5494,-42.3993],[-73.5243,-42.3936],[-73.5128,-42.405],[-73.524,-42.4239],[-73.5136,-42.4564],[-73.4577,-42.4792],[-73.4421,-42.4986],[-73.4419,-42.5027]]],[[[-73.2616,-42.4735],[-73.2465,-42.4909],[-73.2639,-42.5142],[-73.2945,-42.4693],[-73.2691,-42.4733],[-73.2616,-42.4735]]],[[[-73.2991,-42.4701],[-73.3116,-42.4843],[-73.3767,-42.4898],[-73.3749,-42.4538],[-73.3179,-42.453],[-73.3101,-42.4633],[-73.2991,-42.4701]]],[[[-73.2364564,-42.4630643],[-73.2391507,-42.4656048],[-73.2438565,-42.4632365],[-73.2485105,-42.4631997],[-73.2506637,-42.4593647],[-73.2496817,-42.4563599],[-73.24304,-42.4578297],[-73.2364564,-42.4630643]]],[[[-73.4263,-42.4479],[-73.4338,-42.434],[-73.4648,-42.428],[-73.4351,-42.4222],[-73.4228,-42.4493],[-73.4263,-42.4479]]],[[[-73.2961,-42.4351],[-73.3296,-42.4376],[-73.3456,-42.4225],[-73.3077,-42.4228],[-73.3113,-42.3995],[-73.2914,-42.3891],[-73.2867,-42.4269],[-73.2961,-42.4351]]],[[[-73.4365,-42.408],[-73.4591,-42.3834],[-73.4492,-42.3652],[-73.4139,-42.3867],[-73.4266,-42.4012],[-73.4365,-42.408]]],[[[-73.24,-42.3249],[-73.2266,-42.3277],[-73.2408,-42.3367],[-73.222,-42.3416],[-73.2678,-42.3351],[-73.2733,-42.3247],[-73.2399,-42.3298],[-73.24,-42.3249]]],[[[-73.2408134,-42.3195001],[-73.2393748,-42.3219951],[-73.2399154,-42.3243436],[-73.2461204,-42.3245166],[-73.253042,-42.3222582],[-73.2516012,-42.3200028],[-73.2449231,-42.3206573],[-73.2457397,-42.3174457],[-73.2408134,-42.3195001]]],[[[-73.2318,-42.3074],[-73.2888,-42.3175],[-73.3126,-42.3055],[-73.2762,-42.2848],[-73.2345,-42.3048],[-73.2318,-42.3074]]],[[[-73.3583,-42.1511],[-73.3479,-42.1773],[-73.3871,-42.1841],[-73.4122,-42.1536],[-73.4565,-42.1464],[-73.4614,-42.1394],[-73.4139,-42.1284],[-73.3886,-42.1052],[-73.3688,-42.1435],[-73.3583,-42.1511]]],[[[-73.3477,-41.8328],[-73.3283,-41.8185],[-73.3465,-41.7985],[-73.3211,-41.8147],[-73.3367,-41.8303],[-73.3477,-41.8328]]],[[[-73.4218,-41.5081],[-73.452,-41.5175],[-73.4225,-41.5063],[-73.4218,-41.5081]]],[[[-73.0215,-43.656],[-73.0322,-43.6321],[-73.0236,-43.6277],[-73.0181,-43.6561],[-73.0215,-43.656]]],[[[-72.9946,-43.6393],[-73.0159,-43.637],[-72.9974,-43.6349],[-72.9946,-43.6393]]],[[[-72.9945,-43.6105],[-72.9831,-43.6048],[-72.9946,-43.6161],[-73.001,-43.6086],[-72.9945,-43.6105]]],[[[-72.9832,-42.7294],[-72.9635,-42.7401],[-72.9443,-42.7173],[-72.9238,-42.7238],[-72.9208,-42.7861],[-72.9703,-42.7522],[-72.9464,-42.7829],[-72.9488,-42.7985],[-72.9374,-42.7846],[-72.9515,-42.8099],[-73.005,-42.7343],[-73.0317,-42.719],[-73.0312,-42.6962],[-73.0187,-42.6937],[-72.996,-42.7023],[-72.9879,-42.7205],[-72.9832,-42.7294]]],[[[-73.0972,-42.7343],[-73.0879,-42.7256],[-73.0733,-42.7404],[-73.0747,-42.7552],[-73.0966,-42.737],[-73.0972,-42.7343]]],[[[-73.0534,-42.7364],[-73.0646,-42.7514],[-73.0791,-42.717],[-73.0521,-42.7213],[-73.0552,-42.7288],[-73.0534,-42.7364]]],[[[-73.1049,-42.6982],[-73.0856,-42.6921],[-73.1036,-42.7018],[-73.1049,-42.6982]]],[[[-73.0793,-42.6771],[-73.0931,-42.6628],[-73.0845,-42.6527],[-73.0679,-42.6663],[-73.0767,-42.6811],[-73.0793,-42.6771]]],[[[-73.0044,-42.6239],[-73.0092,-42.6515],[-73.0237,-42.6319],[-73.0668,-42.6158],[-73.0414,-42.5966],[-73.0052,-42.6028],[-73.0049,-42.6218],[-73.0044,-42.6239]]],[[[-73.2041,-42.6047],[-73.1962,-42.6174],[-73.2056,-42.629],[-73.2223,-42.6273],[-73.216,-42.5901],[-73.2211,-42.6166],[-73.243,-42.6136],[-73.2221,-42.5601],[-73.2047,-42.6021],[-73.2041,-42.6047]]],[[[-73.1497,-42.3954],[-73.1386,-42.3785],[-73.1107,-42.375],[-73.1012,-42.3821],[-73.1197,-42.3947],[-73.1534,-42.3978],[-73.1497,-42.3954]]],[[[-73.2231,-42.3168],[-73.2187,-42.3039],[-73.1954,-42.3191],[-73.2077,-42.3279],[-73.2186,-42.3188],[-73.2231,-42.3168]]],[[[-73.0597,-42.295],[-73.1315,-42.3419],[-73.1351,-42.3183],[-73.1487,-42.3164],[-73.1578,-42.2862],[-73.1762,-42.2751],[-73.1584,-42.2681],[-73.1372,-42.301],[-73.1194,-42.2886],[-73.1276,-42.2768],[-73.1028,-42.2802],[-73.1345,-42.274],[-73.1031,-42.2581],[-73.0597,-42.2716],[-73.0613,-42.2904],[-73.0597,-42.295]]],[[[-73.2132,-42.2992],[-73.1963,-42.2958],[-73.2029,-42.289],[-73.2158,-42.2957],[-73.2628,-42.2768],[-73.2344,-42.2726],[-73.187,-42.3029],[-73.2223,-42.2974],[-73.2132,-42.2992]]],[[[-73.1437,-42.2667],[-73.187,-42.2453],[-73.1517,-42.2521],[-73.1452,-42.2692],[-73.1437,-42.2667]]],[[[-73.1408,-41.8858],[-73.1055,-41.9036],[-73.0783,-41.8905],[-73.0665,-41.8967],[-73.1442,-41.9139],[-73.1602,-41.9061],[-73.1167,-41.8968],[-73.1829,-41.8718],[-73.1448,-41.8851],[-73.1408,-41.8858]]],[[[-73.0893,-41.8457],[-73.0993,-41.853],[-73.11,-41.8353],[-73.0971,-41.833],[-73.1232,-41.8203],[-73.1005,-41.8215],[-73.0897,-41.8379],[-73.0893,-41.8457]]],[[[-73.154,-41.8328],[-73.1626,-41.8167],[-73.1343,-41.8323],[-73.1501,-41.8386],[-73.154,-41.8328]]],[[[-72.9933,-41.8213],[-72.9855,-41.8577],[-73.0114,-41.8656],[-73.1071,-41.8134],[-73.1158,-41.8041],[-73.1075,-41.7995],[-73.0735,-41.8189],[-73.097,-41.7898],[-73.0472,-41.8211],[-73.0978,-41.7725],[-73.0662,-41.7741],[-73.0874,-41.7654],[-73.0758,-41.7459],[-73.0894,-41.7527],[-73.058,-41.7316],[-73.0131,-41.807],[-72.9933,-41.8213]]],[[[-73.195,-41.7747],[-73.1838,-41.7843],[-73.158,-41.7761],[-73.1592,-41.7905],[-73.1931,-41.7856],[-73.2424,-41.8009],[-73.2327,-41.7716],[-73.2458,-41.7198],[-73.1898,-41.7566],[-73.1931,-41.773],[-73.195,-41.7747]]],[[[-73.0542998,-41.7257997],[-73.0588685,-41.7246214],[-73.0596774,-41.7229533],[-73.0453068,-41.7172624],[-73.0457846,-41.7206075],[-73.0490153,-41.7223815],[-73.0542998,-41.7257997]]],[[[-72.966,-41.6648],[-72.9027,-41.6781],[-72.8867,-41.698],[-72.9235,-41.6925],[-72.9091,-41.7099],[-72.9639,-41.6945],[-72.9555,-41.7246],[-72.9862,-41.7211],[-73.0015,-41.7057],[-72.9931,-41.6588],[-72.9696,-41.6663],[-72.966,-41.6648]]],[[[-72.96,-41.58],[-72.9988,-41.5954],[-73.0243,-41.575],[-73.0172,-41.56],[-72.9809,-41.5532],[-72.9601,-41.5769],[-72.96,-41.58]]],[[[-72.9861,-41.5171],[-72.9949,-41.5113],[-72.9744,-41.4893],[-72.9485,-41.4862],[-72.9838,-41.5162],[-72.9861,-41.5171]]],[[[-72.8258,-42.6723],[-72.8336,-42.7052],[-72.8636,-42.6767],[-72.8578,-42.6583],[-72.8516,-42.6715],[-72.8369,-42.6662],[-72.8258,-42.6723]]],[[[-72.5966899,-42.1564351],[-72.5945256,-42.1546201],[-72.5899004,-42.1549868],[-72.5861817,-42.1576148],[-72.589264,-42.1608496],[-72.5978296,-42.1623982],[-72.6034051,-42.1593179],[-72.6037221,-42.1574919],[-72.5966899,-42.1564351]]],[[[-72.4902,-42.0987],[-72.4797,-42.1445],[-72.4899,-42.1691],[-72.5091,-42.1693],[-72.5522,-42.1362],[-72.6091,-42.1329],[-72.5766,-42.0819],[-72.5554,-42.0788],[-72.5581,-42.1012],[-72.5312,-42.0727],[-72.5005,-42.0738],[-72.4797,-42.0906],[-72.4902,-42.0987]]],[[[-72.6442,-42.0798],[-72.6401,-42.0633],[-72.6188,-42.0657],[-72.635,-42.079],[-72.6442,-42.0798]]],[[[-72.537,-42.06],[-72.5258,-42.0566],[-72.5361,-42.064],[-72.537,-42.06]]],[[[-72.6377,-42.0536],[-72.6206,-42.0523],[-72.6346,-42.0593],[-72.6377,-42.0536]]],[[[-72.6033,-42.0526],[-72.5888,-42.0497],[-72.6015,-42.0549],[-72.6033,-42.0526]]],[[[-72.4713,-42.0468],[-72.484,-42.0705],[-72.5132,-42.0542],[-72.4694,-41.9873],[-72.459,-41.9971],[-72.4714,-42.0418],[-72.4713,-42.0468]]],[[[-72.8992,-41.8876],[-72.8935,-41.8972],[-72.9098,-41.8951],[-72.935,-41.8761],[-72.9114,-41.8663],[-72.8968,-41.8698],[-72.8983,-41.884],[-72.8992,-41.8876]]],[[[-72.81665,-41.8720268],[-72.8153196,-41.8669536],[-72.8112345,-41.8672135],[-72.8138684,-41.872235],[-72.8133145,-41.8754712],[-72.8178981,-41.8776614],[-72.8184459,-41.8795361],[-72.8233957,-41.8808053],[-72.8261768,-41.8766657],[-72.81665,-41.8720268]]],[[[-72.4572,-41.6994],[-72.4797,-41.7006],[-72.44,-41.6806],[-72.4549,-41.6964],[-72.4572,-41.6994]]],[[[-72.315,-41.3982],[-72.3202,-41.388],[-72.3111,-41.3923],[-72.315,-41.3982]]]]}},{"type":"Feature","properties":{"codigo_region":"11","region":"Región de Aysén del Gral.Ibañez del Campo","area_km2":106703.3773},"geometry":{"type":"MultiPolygon","coordinates":[[[[-75.4257,-48.7476],[-75.4617,-48.7551],[-75.4132,-48.741],[-75.4257,-48.7476]]],[[[-75.264,-48.7169],[-75.2471,-48.7116],[-75.2617,-48.7139],[-75.264,-48.7169]]],[[[-75.3437,-48.6872],[-75.3598,-48.7146],[-75.4232,-48.7365],[-75.3985,-48.7229],[-75.4109,-48.7252],[-75.3959,-48.6991],[-75.4268,-48.7352],[-75.5021,-48.768],[-75.5407,-48.7705],[-75.5507,-48.7524],[-75.601,-48.7498],[-75.5879,-48.7414],[-75.5956,-48.7299],[-75.5843,-48.7123],[-75.5909,-48.6492],[-75.4525,-48.7007],[-75.4642,-48.6914],[-75.4474,-48.6791],[-75.3583,-48.6518],[-75.2512,-48.5853],[-75.2499,-48.6191],[-75.3442,-48.6849],[-75.3437,-48.6872]]],[[[-75.2163,-48.6866],[-75.2202,-48.6982],[-75.2334,-48.6961],[-75.2303,-48.687],[-75.2917,-48.7236],[-75.3269,-48.7171],[-75.2788,-48.688],[-75.3408,-48.7143],[-75.3109,-48.6672],[-75.2409,-48.614],[-75.2183,-48.6825],[-75.2163,-48.6866]]],[[[-75.2314962,-48.6013707],[-75.2301016,-48.5991712],[-75.2278634,-48.5990101],[-75.2262274,-48.6010083],[-75.227213,-48.6064056],[-75.2259608,-48.6074027],[-75.2268566,-48.6125971],[-75.2282869,-48.6130405],[-75.231203,-48.6075089],[-75.2314962,-48.6013707]]],[[[-75.3307,-48.4848],[-75.3132,-48.4798],[-75.2968,-48.498],[-75.3079,-48.4859],[-75.2907,-48.4285],[-75.2794,-48.4168],[-75.2539,-48.4211],[-75.2414,-48.4348],[-75.272,-48.4597],[-75.274,-48.4751],[-75.2575,-48.4985],[-75.2851,-48.508],[-75.279,-48.4987],[-75.2909,-48.4999],[-75.3166,-48.5213],[-75.249,-48.5155],[-75.2399,-48.5482],[-75.2213,-48.5559],[-75.2333,-48.5591],[-75.2314,-48.5861],[-75.267,-48.5636],[-75.2574,-48.5823],[-75.325,-48.6252],[-75.4632,-48.6814],[-75.5621,-48.6435],[-75.5313,-48.6179],[-75.4051,-48.6303],[-75.4357,-48.6245],[-75.3286,-48.5602],[-75.4409,-48.6179],[-75.4904,-48.6117],[-75.3248,-48.5269],[-75.4929,-48.6078],[-75.5759,-48.5955],[-75.6043,-48.5396],[-75.578,-48.5252],[-75.5905,-48.5043],[-75.5762,-48.4829],[-75.599,-48.4503],[-75.5523,-48.4542],[-75.5447,-48.4147],[-75.5005,-48.4254],[-75.4657,-48.4497],[-75.4725,-48.4678],[-75.454,-48.45],[-75.3945,-48.4383],[-75.4432,-48.4392],[-75.3515,-48.4065],[-75.3501,-48.4336],[-75.3696,-48.4458],[-75.3517,-48.4472],[-75.3445,-48.4625],[-75.3878,-48.4854],[-75.4048,-48.4782],[-75.4265,-48.5029],[-75.4181,-48.507],[-75.34,-48.4628],[-75.3499,-48.4429],[-75.3385,-48.4179],[-75.2929,-48.406],[-75.3071,-48.4699],[-75.337,-48.4784],[-75.3307,-48.4848]]],[[[-75.232,-48.429],[-75.2364,-48.4196],[-75.2227,-48.4145],[-75.228,-48.4257],[-75.232,-48.429]]],[[[-75.5475,-48.3517],[-75.5515,-48.3398],[-75.538,-48.3566],[-75.5516,-48.3542],[-75.5475,-48.3517]]],[[[-75.2795,-48.0482],[-75.281,-48.0622],[-75.3362,-48.0692],[-75.2914,-48.0733],[-75.3184,-48.1029],[-75.32,-48.1322],[-75.284,-48.0716],[-75.2559,-48.0682],[-75.2611,-48.095],[-75.2461,-48.0827],[-75.237,-48.0896],[-75.2748,-48.108],[-75.3056,-48.1671],[-75.2834,-48.1326],[-75.271,-48.1356],[-75.2812,-48.1515],[-75.2653,-48.1343],[-75.21,-48.1265],[-75.2067,-48.1413],[-75.2289,-48.1543],[-75.2209,-48.1636],[-75.2544,-48.1889],[-75.2013,-48.1568],[-75.2018,-48.1832],[-75.2282,-48.2184],[-75.2442,-48.2199],[-75.2302,-48.2226],[-75.2423,-48.2384],[-75.203,-48.2042],[-75.19,-48.2292],[-75.2142,-48.2459],[-75.1861,-48.2342],[-75.1587,-48.2754],[-75.2004,-48.3024],[-75.1498,-48.2879],[-75.1312,-48.3177],[-75.1464,-48.3343],[-75.1278,-48.3251],[-75.0899,-48.374],[-75.1177,-48.3928],[-75.1372,-48.391],[-75.1105,-48.3978],[-75.1519,-48.4294],[-75.1247,-48.4222],[-75.0805,-48.3806],[-75.0574,-48.4018],[-75.0478,-48.4396],[-75.0367,-48.4355],[-75.0197,-48.4712],[-75.0549,-48.4656],[-75.0593,-48.4469],[-75.0696,-48.4668],[-75.0897,-48.4716],[-75.0683,-48.4704],[-75.0962,-48.5105],[-75.0673,-48.4773],[-75.0229,-48.48],[-75.0163,-48.5039],[-75.0345,-48.5133],[-75.0077,-48.5264],[-75.0057,-48.5908],[-75.0525,-48.6232],[-75.0852,-48.6272],[-75.0683,-48.6327],[-75.1023,-48.6555],[-75.1847,-48.6867],[-75.192,-48.6574],[-75.1737,-48.6479],[-75.1941,-48.6558],[-75.2145,-48.6434],[-75.2101,-48.6327],[-75.105,-48.5961],[-75.2169,-48.6227],[-75.2228,-48.5953],[-75.1812,-48.5882],[-75.1631,-48.5661],[-75.1965,-48.5846],[-75.2287,-48.5818],[-75.2323,-48.5692],[-75.2177,-48.5573],[-75.2348,-48.547],[-75.2378,-48.523],[-75.1862,-48.4957],[-75.2252,-48.5127],[-75.2573,-48.4691],[-75.1987,-48.3977],[-75.1824,-48.4076],[-75.1672,-48.3976],[-75.2017,-48.3856],[-75.2244,-48.4129],[-75.2615,-48.3957],[-75.24,-48.3777],[-75.2764,-48.3878],[-75.212,-48.3104],[-75.2411,-48.3372],[-75.263,-48.3292],[-75.2528,-48.3381],[-75.2754,-48.351],[-75.2876,-48.3823],[-75.3376,-48.3917],[-75.3594,-48.3777],[-75.3662,-48.3915],[-75.4206,-48.4147],[-75.4472,-48.4122],[-75.4311,-48.3929],[-75.4526,-48.4084],[-75.4744,-48.407],[-75.4978,-48.3788],[-75.4973,-48.3589],[-75.4504,-48.3392],[-75.3703,-48.3416],[-75.3162,-48.327],[-75.3217,-48.3166],[-75.3362,-48.3304],[-75.3489,-48.3258],[-75.323,-48.307],[-75.2992,-48.2613],[-75.3421,-48.314],[-75.3614,-48.3191],[-75.3173,-48.2107],[-75.3518,-48.2833],[-75.382,-48.3128],[-75.369,-48.3086],[-75.3762,-48.3248],[-75.4097,-48.3357],[-75.3865,-48.3087],[-75.4037,-48.3253],[-75.4363,-48.3252],[-75.3923,-48.3042],[-75.4286,-48.3128],[-75.4081,-48.2863],[-75.404,-48.2372],[-75.3589,-48.2137],[-75.3902,-48.2245],[-75.3922,-48.2153],[-75.3501,-48.204],[-75.3579,-48.1931],[-75.3412,-48.1764],[-75.3785,-48.1991],[-75.3869,-48.1888],[-75.4051,-48.2274],[-75.4528,-48.241],[-75.4528,-48.2276],[-75.4842,-48.2152],[-75.4517,-48.1822],[-75.4668,-48.1746],[-75.4931,-48.184],[-75.4975,-48.1678],[-75.5157,-48.1653],[-75.4991,-48.1502],[-75.5245,-48.1197],[-75.5313,-48.0893],[-75.4753,-48.0635],[-75.4812,-48.052],[-75.4612,-48.044],[-75.4665,-48.0745],[-75.4439,-48.0437],[-75.4329,-48.0423],[-75.4272,-48.0641],[-75.4163,-48.0342],[-75.4035,-48.0421],[-75.4174,-48.0561],[-75.3911,-48.0509],[-75.4014,-48.0732],[-75.3769,-48.0443],[-75.4136,-48.1173],[-75.336,-47.9993],[-75.286,-48.013],[-75.2797,-48.0463],[-75.2795,-48.0482]]],[[[-75.4567,-48.2996],[-75.4675,-48.2944],[-75.475,-48.3066],[-75.4424,-48.3218],[-75.4931,-48.3221],[-75.4919,-48.2799],[-75.404,-48.2414],[-75.432,-48.309],[-75.4495,-48.312],[-75.4553,-48.2933],[-75.4567,-48.2996]]],[[[-75.2297,-48.1052],[-75.2265,-48.1284],[-75.2818,-48.1316],[-75.2301,-48.1026],[-75.2297,-48.1052]]],[[[-75.2711,-48.0605],[-75.2815,-48.0638],[-75.2695,-48.0502],[-75.276,-48.0571],[-75.2711,-48.0605]]],[[[-75.3867171,-48.0408524],[-75.3884972,-48.0379119],[-75.385319,-48.0357071],[-75.3852512,-48.0338014],[-75.3755278,-48.0323962],[-75.3837716,-48.0406413],[-75.3867171,-48.0408524]]],[[[-75.4608,-48.0248],[-75.4391,-48.0186],[-75.4442,-48.0289],[-75.4272,-48.0339],[-75.4745,-48.0378],[-75.4799,-48.0277],[-75.4634,-48.0268],[-75.4608,-48.0248]]],[[[-75.2543,-47.9965],[-75.2511,-47.9878],[-75.249,-47.996],[-75.2543,-47.9965]]],[[[-75.2392,-47.9828],[-75.2398,-47.998],[-75.2414,-47.9841],[-75.2392,-47.9828]]],[[[-75.2205359,-47.9908999],[-75.2212452,-47.9882613],[-75.2195254,-47.9862463],[-75.2096221,-47.983413],[-75.2082224,-47.9851402],[-75.2111281,-47.9941177],[-75.2234858,-47.9936552],[-75.2254141,-47.9917383],[-75.2205359,-47.9908999]]],[[[-75.241,-47.9823],[-75.2572,-47.9864],[-75.2418,-47.9809],[-75.241,-47.9823]]],[[[-75.2284,-47.9713],[-75.2285,-47.9865],[-75.2322,-47.9712],[-75.2284,-47.9713]]],[[[-75.2054,-47.9531],[-75.2447,-47.9719],[-75.2298,-47.9569],[-75.244,-47.9564],[-75.2064,-47.9504],[-75.2054,-47.9531]]],[[[-75.2519317,-47.9425474],[-75.2553602,-47.9430826],[-75.2579519,-47.9407721],[-75.2483168,-47.9357577],[-75.2422786,-47.9359333],[-75.2424757,-47.9382232],[-75.2519317,-47.9425474]]],[[[-75.2265,-47.929],[-75.2179,-47.9338],[-75.2404,-47.9404],[-75.2261,-47.9308],[-75.2265,-47.929]]],[[[-75.215,-47.9279],[-75.1925,-47.9268],[-75.2139,-47.9305],[-75.215,-47.9279]]],[[[-75.2197463,-47.9085091],[-75.2168652,-47.9076853],[-75.2129225,-47.9126693],[-75.2140965,-47.9148898],[-75.2231696,-47.9173918],[-75.2239706,-47.9134401],[-75.2202033,-47.9117659],[-75.2197463,-47.9085091]]],[[[-75.23,-47.8549],[-75.2065,-47.8351],[-75.1939,-47.8415],[-75.2155,-47.849],[-75.23,-47.8549]]],[[[-75.2021189,-47.7178892],[-75.1923497,-47.7246304],[-75.1945926,-47.7264867],[-75.2016321,-47.7255287],[-75.2052698,-47.721713],[-75.2059979,-47.7185949],[-75.2046403,-47.7173161],[-75.2021189,-47.7178892]]],[[[-75.1870615,-46.77444],[-75.1805215,-46.77861],[-75.1762115,-46.78574],[-75.1791415,-46.7854799],[-75.1866916,-46.78035],[-75.1896216,-46.77625],[-75.1952316,-46.77374],[-75.1927216,-46.76963],[-75.1902316,-46.7688599],[-75.1886115,-46.76932],[-75.1870615,-46.77444]]],[[[-75.233,-46.7677],[-75.2165,-46.7768],[-75.2344,-46.7797],[-75.2325,-46.7702],[-75.233,-46.7677]]],[[[-75.2613,-46.7251],[-75.2522,-46.7291],[-75.2625,-46.7357],[-75.267,-46.7234],[-75.2613,-46.7251]]],[[[-75.3658919,-46.7120199],[-75.3770019,-46.7090899],[-75.3725518,-46.7085199],[-75.3680219,-46.7096099],[-75.3606719,-46.7083799],[-75.3571918,-46.7092399],[-75.3545618,-46.7111499],[-75.3548318,-46.7126199],[-75.3658919,-46.7120199]]],[[[-75.2249,-46.7072],[-75.219,-46.7184],[-75.2453,-46.7198],[-75.2627,-46.705],[-75.2335,-46.7042],[-75.2249,-46.7072]]],[[[-75.3081,-46.704],[-75.3109,-46.6938],[-75.2934,-46.6978],[-75.2712,-46.7143],[-75.2859,-46.713],[-75.3081,-46.704]]],[[[-75.2663,-46.7031],[-75.2691,-46.7108],[-75.2851,-46.6997],[-75.2638,-46.6992],[-75.2663,-46.7031]]],[[[-75.344,-46.6969],[-75.3587,-46.692],[-75.3488,-46.6831],[-75.302,-46.684],[-75.3444,-46.6908],[-75.3181,-46.6908],[-75.317,-46.7069],[-75.3356,-46.7017],[-75.344,-46.6969]]],[[[-75.269,-46.6798],[-75.2501,-46.6896],[-75.2885,-46.6985],[-75.2904,-46.6877],[-75.2707,-46.684],[-75.269,-46.6798]]],[[[-75.2448,-46.6797],[-75.2192,-46.6788],[-75.2222,-46.6927],[-75.2424,-46.6824],[-75.2448,-46.6797]]],[[[-75.286,-46.6734],[-75.3056,-46.6781],[-75.2868,-46.6715],[-75.286,-46.6734]]],[[[-75.1967,-46.6692],[-75.2061,-46.6753],[-75.2023,-46.6678],[-75.1967,-46.6692]]],[[[-75.2605,-46.6569],[-75.2722,-46.6549],[-75.2624,-46.6534],[-75.2605,-46.6569]]],[[[-75.2307,-46.6569],[-75.2421,-46.6519],[-75.2271,-46.6529],[-75.2307,-46.6569]]],[[[-75.511,-46.5758],[-75.5044,-46.5862],[-75.5182,-46.5789],[-75.511,-46.5758]]],[[[-75.1067,-48.3932],[-75.0918,-48.3844],[-75.1031,-48.3939],[-75.1067,-48.3932]]],[[[-75.0766,-48.0878],[-75.0983,-48.1058],[-75.0365,-48.094],[-74.942,-48.1201],[-75.0456,-48.0852],[-75.0393,-48.0763],[-74.9774,-48.0837],[-74.8934,-48.127],[-74.8851,-48.1358],[-74.9027,-48.1473],[-74.88,-48.1381],[-74.8882,-48.1528],[-74.9399,-48.1595],[-74.8903,-48.1635],[-74.8706,-48.1494],[-74.838,-48.1604],[-74.857,-48.1792],[-74.8406,-48.1709],[-74.8382,-48.1933],[-74.8776,-48.2225],[-74.9201,-48.1973],[-74.8811,-48.2306],[-74.8359,-48.1966],[-74.8258,-48.2035],[-74.902,-48.2593],[-74.8109,-48.2032],[-74.783,-48.2089],[-74.7958,-48.2009],[-74.7829,-48.1906],[-74.7924,-48.186],[-74.7727,-48.1788],[-74.7688,-48.1886],[-74.7369,-48.1709],[-74.7291,-48.2037],[-74.7389,-48.2129],[-74.784,-48.2062],[-74.7471,-48.2213],[-74.7583,-48.2392],[-74.7933,-48.2305],[-74.8459,-48.2925],[-74.7919,-48.2363],[-74.7679,-48.2407],[-74.8053,-48.2737],[-74.7763,-48.269],[-74.7999,-48.3117],[-74.7741,-48.3019],[-74.7814,-48.3314],[-74.7656,-48.3434],[-74.7774,-48.3665],[-74.823,-48.3801],[-74.8314,-48.368],[-74.8135,-48.3483],[-74.8223,-48.3462],[-74.9563,-48.4462],[-74.9756,-48.4475],[-75.0088,-48.393],[-74.9689,-48.3768],[-75.0102,-48.3887],[-75.0487,-48.3291],[-75.0076,-48.3193],[-75.044,-48.3149],[-75.0606,-48.3355],[-75.1038,-48.2715],[-75.0605,-48.2603],[-75.0412,-48.2664],[-75.0455,-48.2823],[-75.0383,-48.2561],[-75.0,-48.2531],[-75.0489,-48.2476],[-75.11,-48.2634],[-75.0873,-48.2536],[-75.0899,-48.2443],[-75.0281,-48.245],[-75.0545,-48.2317],[-75.0893,-48.2431],[-75.0429,-48.2027],[-75.0721,-48.2108],[-75.1054,-48.2453],[-75.1283,-48.2307],[-75.1012,-48.2046],[-75.1362,-48.23],[-75.1444,-48.2222],[-75.1419,-48.2044],[-75.1083,-48.1815],[-75.147,-48.1993],[-75.1523,-48.1871],[-75.0699,-48.151],[-75.1504,-48.1806],[-75.1608,-48.1579],[-75.1097,-48.1386],[-75.1602,-48.151],[-75.1656,-48.1262],[-75.1538,-48.1118],[-75.1732,-48.1262],[-75.2137,-48.0753],[-75.1767,-48.0652],[-75.1276,-48.0852],[-75.0777,-48.0767],[-75.0754,-48.0851],[-75.0766,-48.0878]]],[[[-75.1424,-48.0548],[-75.1529,-48.0467],[-75.1058,-48.0306],[-75.2115,-48.0472],[-75.1011,-48.011],[-75.0742,-48.0244],[-75.1284,-48.0583],[-75.137,-48.0509],[-75.1424,-48.0548]]],[[[-74.9349,-47.97],[-74.9102,-47.9734],[-74.929,-47.985],[-74.8882,-47.9802],[-74.8409,-48.0061],[-74.7741,-48.0078],[-74.762,-48.0214],[-74.7567,-48.0432],[-74.8289,-48.0838],[-75.0,-48.0351],[-74.9158,-48.0719],[-74.8996,-48.0938],[-74.8812,-48.088],[-74.8338,-48.1025],[-74.8529,-48.1214],[-74.8299,-48.1008],[-74.7942,-48.1004],[-74.7847,-48.1281],[-74.805,-48.1324],[-74.8285,-48.1587],[-74.8634,-48.1435],[-74.8585,-48.1277],[-74.8716,-48.1353],[-74.878,-48.1146],[-74.9158,-48.1065],[-74.9391,-48.0833],[-74.9909,-48.0637],[-75.0875,-48.0672],[-75.0729,-48.0573],[-75.086,-48.0581],[-75.0812,-48.0443],[-75.09,-48.0598],[-75.1162,-48.0607],[-75.0887,-48.0324],[-75.0674,-48.028],[-75.0764,-48.04],[-75.0479,-48.0233],[-75.0642,-48.0164],[-75.0555,-47.9982],[-75.0271,-48.0],[-75.0408,-47.9895],[-75.0188,-47.9759],[-74.9783,-47.9842],[-74.9947,-47.991],[-74.988,-48.0022],[-74.9524,-47.997],[-74.9305,-48.0136],[-74.9333,-47.9994],[-74.9642,-47.9942],[-74.9704,-47.9824],[-75.0148,-47.9721],[-75.0494,-47.9858],[-75.077,-47.9792],[-75.0576,-47.9973],[-75.2079,-48.032],[-75.2233,-48.0162],[-75.1633,-47.9868],[-75.0817,-47.9781],[-75.1036,-47.9746],[-75.11,-47.9532],[-75.0904,-47.9473],[-75.1335,-47.9653],[-75.1077,-47.9611],[-75.1132,-47.9736],[-75.1593,-47.9796],[-75.1629,-47.9713],[-75.1803,-47.9868],[-75.1954,-47.9848],[-75.1745,-47.9783],[-75.2027,-47.9844],[-75.2001,-47.9657],[-75.1101,-47.9252],[-75.1309,-47.9408],[-75.1044,-47.9405],[-75.1012,-47.9283],[-75.0652,-47.9324],[-75.0704,-47.9232],[-75.0177,-47.9093],[-75.0171,-47.8968],[-74.9364,-47.9655],[-74.9349,-47.97]]],[[[-75.0729,-48.0137],[-75.0901,-48.0022],[-75.0578,-47.9985],[-75.0703,-48.0114],[-75.0729,-48.0137]]],[[[-75.0855,-47.9218],[-75.0754,-47.9198],[-75.0787,-47.9277],[-75.0891,-47.9243],[-75.0855,-47.9218]]],[[[-75.2108,-47.9486],[-75.1655,-47.9199],[-75.0681,-47.8942],[-75.0811,-47.8926],[-75.0674,-47.8778],[-75.0487,-47.8852],[-75.0859,-47.9168],[-75.1983,-47.9566],[-75.2101,-47.9505],[-75.2108,-47.9486]]],[[[-75.0614,-47.9119],[-75.0718,-47.9215],[-75.0719,-47.9129],[-75.0614,-47.9119]]],[[[-74.955,-47.9351],[-74.9523,-47.947],[-75.0018,-47.9057],[-74.9945,-47.8749],[-74.9779,-47.8687],[-74.9415,-47.9065],[-74.958,-47.9333],[-74.955,-47.9351]]],[[[-75.2028,-47.913],[-75.2155,-47.9039],[-75.193,-47.9008],[-75.1901,-47.8804],[-75.1536,-47.8678],[-75.1725,-47.896],[-75.1997,-47.9097],[-75.2028,-47.913]]],[[[-75.0102,-47.8995],[-75.018,-47.8905],[-75.0039,-47.8739],[-75.0065,-47.8999],[-75.0102,-47.8995]]],[[[-75.0896,-47.8847],[-75.1589,-47.9075],[-75.1651,-47.8945],[-75.1438,-47.8899],[-75.1555,-47.8795],[-75.1246,-47.8793],[-75.1277,-47.8572],[-75.1027,-47.8545],[-75.1117,-47.873],[-75.1017,-47.8759],[-75.0945,-47.8542],[-75.0746,-47.8688],[-75.0701,-47.8548],[-75.0545,-47.864],[-75.0742,-47.8758],[-75.0896,-47.8847]]],[[[-75.0401,-47.8903],[-75.0412,-47.8507],[-75.0246,-47.8497],[-75.0354,-47.8406],[-75.0066,-47.8425],[-75.0042,-47.8528],[-75.017,-47.895],[-75.0392,-47.8981],[-75.0401,-47.8903]]],[[[-75.1417775,-47.8736327],[-75.1452734,-47.8742862],[-75.1451779,-47.8722536],[-75.1482949,-47.8698542],[-75.1386312,-47.867681],[-75.1374915,-47.8646434],[-75.1351134,-47.8658051],[-75.1341972,-47.8713788],[-75.1416737,-47.8716548],[-75.1417775,-47.8736327]]],[[[-74.9962,-47.8638],[-74.9962,-47.8735],[-74.999,-47.8657],[-74.9962,-47.8638]]],[[[-74.9596,-47.8676],[-74.9396,-47.8639],[-74.9585,-47.8716],[-74.9596,-47.8676]]],[[[-74.9723,-47.8594],[-74.9874,-47.8456],[-74.974,-47.8392],[-74.9545,-47.8563],[-74.9611,-47.8697],[-74.9726,-47.8628],[-74.9723,-47.8594]]],[[[-75.0599,-47.8529],[-75.0699,-47.8477],[-75.0596,-47.8483],[-75.0599,-47.8529]]],[[[-74.951,-47.843],[-74.9286,-47.8157],[-74.9117,-47.8345],[-74.9426,-47.845],[-74.951,-47.843]]],[[[-74.9597,-47.8389],[-74.9676,-47.8266],[-74.941,-47.8187],[-74.9538,-47.8379],[-74.9597,-47.8389]]],[[[-75.0013,-47.8142],[-75.0221,-47.8145],[-75.0044,-47.8033],[-74.9908,-47.809],[-75.0019,-47.8116],[-75.0013,-47.8142]]],[[[-74.8898,-47.814],[-74.9144,-47.8086],[-74.9048,-47.7991],[-74.893,-47.8103],[-74.8898,-47.814]]],[[[-74.9901,-47.8023],[-74.9782,-47.8109],[-74.9939,-47.804],[-74.9901,-47.8023]]],[[[-74.9917,-47.7991],[-75.0108,-47.8025],[-74.9981,-47.789],[-74.9908,-47.7957],[-74.9917,-47.7991]]],[[[-74.973,-47.7864],[-74.9595,-47.7911],[-74.9755,-47.802],[-74.9901,-47.7891],[-74.9747,-47.7871],[-74.973,-47.7864]]],[[[-75.0416,-47.7467],[-75.1349,-47.7804],[-75.1074,-47.7823],[-75.0544,-47.7599],[-75.0516,-47.7736],[-75.0373,-47.7594],[-75.0193,-47.7806],[-74.9897,-47.7789],[-75.0453,-47.814],[-75.1308,-47.8425],[-75.1664,-47.8393],[-75.1648,-47.8237],[-75.1765,-47.8351],[-75.2002,-47.8288],[-75.2158,-47.7803],[-75.2664,-47.7741],[-75.288,-47.7576],[-75.3462,-47.7899],[-75.3509,-47.7821],[-75.3296,-47.7739],[-75.3296,-47.7624],[-75.356,-47.7316],[-75.2609,-47.7131],[-75.2492,-47.7213],[-75.278,-47.7511],[-75.265,-47.7576],[-75.2252,-47.7227],[-75.1669,-47.739],[-75.1663,-47.7271],[-75.1372,-47.7237],[-75.1352,-47.7053],[-75.1246,-47.715],[-75.0958,-47.697],[-75.1149,-47.6996],[-75.1077,-47.6924],[-75.1273,-47.683],[-75.0871,-47.6785],[-75.0788,-47.6645],[-75.0715,-47.6741],[-75.0897,-47.6918],[-75.0849,-47.7007],[-75.0677,-47.6952],[-75.0432,-47.7442],[-75.0416,-47.7467]]],[[[-75.1764,-47.7283],[-75.1821,-47.7203],[-75.1723,-47.7228],[-75.1764,-47.7283]]],[[[-74.9454,-47.7207],[-74.9673,-47.6962],[-74.9487,-47.6802],[-74.9508,-47.6895],[-74.9116,-47.6961],[-74.8939,-47.7474],[-74.8817,-47.7289],[-74.8802,-47.7492],[-74.8722,-47.7322],[-74.8469,-47.7499],[-74.8676,-47.7663],[-74.8888,-47.7693],[-74.8943,-47.7512],[-74.8986,-47.7703],[-74.9585,-47.7713],[-75.0385,-47.7283],[-75.0584,-47.678],[-74.9879,-47.6711],[-74.9728,-47.6792],[-74.9759,-47.6951],[-74.9424,-47.7176],[-74.9454,-47.7207]]],[[[-75.1664,-47.7202],[-75.1476,-47.7064],[-75.1425,-47.7162],[-75.1664,-47.7202]]],[[[-74.8907,-47.6908],[-74.8635,-47.6963],[-74.8717,-47.7073],[-74.8936,-47.6984],[-74.8847,-47.6902],[-74.8907,-47.6908]]],[[[-75.1458,-47.6509],[-75.1498,-47.6437],[-75.1308,-47.6429],[-75.1428,-47.653],[-75.1458,-47.6509]]],[[[-75.1395,-46.7753],[-75.2272,-46.7287],[-75.2193,-46.7113],[-75.1455,-46.7353],[-75.1216,-46.7684],[-75.1374,-46.7728],[-75.1395,-46.7753]]],[[[-75.1614,-46.7207],[-75.2172,-46.6964],[-75.2111,-46.6825],[-75.1718,-46.6864],[-75.1373,-46.7018],[-75.1287,-46.7234],[-75.1314,-46.7341],[-75.1388,-46.7277],[-75.1614,-46.7207]]],[[[-75.0639,-46.2285],[-75.0567,-46.2155],[-75.0414,-46.219],[-75.0621,-46.2303],[-75.0639,-46.2285]]],[[[-74.9506,-46.1785],[-74.9752,-46.181],[-74.9753,-46.1643],[-74.9496,-46.1752],[-74.9506,-46.1785]]],[[[-75.0206,-46.1731],[-74.999,-46.1664],[-75.0027,-46.151],[-74.9813,-46.1585],[-74.9923,-46.18],[-75.0386,-46.1776],[-75.0206,-46.1731]]],[[[-74.9398,-46.159],[-74.9459,-46.1674],[-74.9534,-46.1583],[-74.9434,-46.1566],[-74.9398,-46.159]]],[[[-74.9863,-45.8073],[-74.9936,-45.7959],[-74.9645,-45.792],[-74.9692,-45.8094],[-74.9834,-45.8104],[-74.9863,-45.8073]]],[[[-74.8663,-45.6713],[-74.8517,-45.6953],[-74.8835,-45.6907],[-74.8615,-45.6916],[-74.8785,-45.6757],[-74.8663,-45.6713]]],[[[-74.9256,-45.6339],[-74.9323,-45.6247],[-74.9113,-45.632],[-74.9068,-45.6177],[-74.8938,-45.6263],[-74.8998,-45.6565],[-74.9234,-45.6382],[-74.9256,-45.6339]]],[[[-75.0407,-44.8709],[-75.0262,-44.886],[-75.0298,-44.9022],[-75.0553,-44.9034],[-75.0848,-44.9256],[-75.1595,-44.9274],[-75.1641,-44.9105],[-75.1458,-44.8963],[-75.1539,-44.8654],[-75.2049,-44.8109],[-75.1448,-44.7633],[-75.1157,-44.7642],[-75.0775,-44.7954],[-75.0647,-44.8273],[-75.0178,-44.8401],[-75.0383,-44.8653],[-75.0407,-44.8709]]],[[[-74.5454,-48.5447],[-74.5344,-48.5416],[-74.5421,-48.5208],[-74.5261,-48.5187],[-74.5291,-48.5615],[-74.5425,-48.5488],[-74.5454,-48.5447]]],[[[-74.6606,-48.1789],[-74.6585,-48.1562],[-74.6664,-48.1715],[-74.6543,-48.1898],[-74.6803,-48.19],[-74.6465,-48.2163],[-74.6681,-48.2402],[-74.6683,-48.2628],[-74.6466,-48.2201],[-74.6288,-48.2171],[-74.609,-48.2413],[-74.6283,-48.2737],[-74.5816,-48.3176],[-74.5537,-48.3208],[-74.5455,-48.3496],[-74.5583,-48.3429],[-74.537,-48.3825],[-74.55,-48.4081],[-74.5817,-48.3923],[-74.6161,-48.4099],[-74.6382,-48.4027],[-74.6446,-48.4142],[-74.5966,-48.4169],[-74.5777,-48.4494],[-74.5536,-48.4596],[-74.5507,-48.4893],[-74.5697,-48.512],[-74.5542,-48.5237],[-74.5655,-48.5369],[-74.5315,-48.571],[-74.5562,-48.5863],[-74.5284,-48.5775],[-74.5218,-48.598],[-74.5052,-48.5938],[-74.5031,-48.6107],[-74.4708,-48.6264],[-74.4569,-48.609],[-74.4879,-48.5923],[-74.4875,-48.5657],[-74.4664,-48.5815],[-74.4622,-48.5593],[-74.4399,-48.5778],[-74.4283,-48.6308],[-74.4503,-48.6686],[-74.5475,-48.6918],[-74.5895,-48.6583],[-74.645,-48.6574],[-74.6752,-48.6265],[-74.6729,-48.6106],[-74.6819,-48.6283],[-74.7204,-48.6321],[-74.8312,-48.609],[-74.8242,-48.6164],[-74.8382,-48.6163],[-74.8414,-48.6067],[-74.8843,-48.6172],[-74.8993,-48.6127],[-74.889,-48.5535],[-74.9035,-48.5622],[-74.8951,-48.5832],[-74.9045,-48.608],[-74.959,-48.5716],[-74.9387,-48.564],[-74.9611,-48.5557],[-74.9496,-48.5409],[-74.9652,-48.4961],[-74.952,-48.4897],[-74.9709,-48.4781],[-74.8443,-48.3916],[-74.8305,-48.39],[-74.8222,-48.4132],[-74.8203,-48.3932],[-74.7937,-48.3776],[-74.7619,-48.3834],[-74.7602,-48.4378],[-74.7477,-48.4466],[-74.7643,-48.4645],[-74.7535,-48.4722],[-74.7649,-48.5079],[-74.7582,-48.5242],[-74.7402,-48.4848],[-74.75,-48.4855],[-74.7435,-48.4586],[-74.7142,-48.4785],[-74.7069,-48.5434],[-74.7027,-48.4938],[-74.6711,-48.4581],[-74.6584,-48.4641],[-74.656,-48.4425],[-74.6697,-48.4164],[-74.6924,-48.4248],[-74.7314,-48.3968],[-74.7075,-48.4077],[-74.7015,-48.3996],[-74.7325,-48.3853],[-74.7601,-48.3465],[-74.7666,-48.2841],[-74.757,-48.2547],[-74.7224,-48.2487],[-74.7377,-48.2302],[-74.7294,-48.2206],[-74.6962,-48.2167],[-74.7127,-48.2024],[-74.7167,-48.1611],[-74.6886,-48.1206],[-74.6572,-48.1347],[-74.6605,-48.1496],[-74.6543,-48.1418],[-74.6377,-48.1627],[-74.638,-48.1824],[-74.6539,-48.1896],[-74.6606,-48.1789]]],[[[-74.7828351,-48.2990106],[-74.7852632,-48.2982609],[-74.7839178,-48.293986],[-74.7807034,-48.2889935],[-74.7786159,-48.2888916],[-74.7752646,-48.2956104],[-74.7769384,-48.2996269],[-74.7832663,-48.3011245],[-74.7828351,-48.2990106]]],[[[-74.8285,-48.1655],[-74.8296,-48.1757],[-74.8333,-48.1668],[-74.8285,-48.1655]]],[[[-74.8152,-48.1951],[-74.8237,-48.2075],[-74.8269,-48.1703],[-74.8068,-48.1426],[-74.7743,-48.1229],[-74.7437,-48.1422],[-74.8109,-48.1921],[-74.8152,-48.1951]]],[[[-74.7459,-48.112],[-74.7395,-48.101],[-74.7627,-48.092],[-74.7575,-48.0817],[-74.8036,-48.0804],[-74.79,-48.0649],[-74.7568,-48.0486],[-74.7275,-48.1049],[-74.7318,-48.116],[-74.7438,-48.1101],[-74.7459,-48.112]]],[[[-74.5665802,-48.0820493],[-74.5693025,-48.086019],[-74.5732697,-48.0867902],[-74.5820566,-48.0819317],[-74.5827125,-48.0757355],[-74.5687135,-48.0821833],[-74.5665802,-48.0820493]]],[[[-74.7384,-48.0804],[-74.7442,-48.0187],[-74.6937,-48.0621],[-74.6941,-48.0808],[-74.715,-48.1],[-74.7353,-48.0823],[-74.7384,-48.0804]]],[[[-74.6775,-47.972],[-74.696,-48.0082],[-74.6839,-48.0293],[-74.696,-48.0253],[-74.6908,-48.0397],[-74.7019,-48.0521],[-74.7402,-48.0133],[-74.7284,-48.0073],[-74.7015,-48.0256],[-74.6986,-48.0157],[-74.7415,-48.0002],[-74.7627,-47.9204],[-74.749,-47.8995],[-74.7438,-47.9181],[-74.7329,-47.908],[-74.6958,-47.9398],[-74.6895,-47.9643],[-74.6775,-47.972]]],[[[-74.6058,-47.941],[-74.5917,-47.9414],[-74.6113,-47.9281],[-74.5978,-47.9013],[-74.5446,-47.8917],[-74.5073,-47.914],[-74.5562,-47.9298],[-74.5642,-47.9537],[-74.5852,-47.9631],[-74.6018,-47.9632],[-74.6043,-47.9427],[-74.6058,-47.941]]],[[[-74.6409,-47.9213],[-74.6505,-47.9223],[-74.6422,-47.9184],[-74.6409,-47.9213]]],[[[-74.6524,-47.8858],[-74.6257,-47.9049],[-74.6543,-47.9173],[-74.6688,-47.8991],[-74.6629,-47.8831],[-74.6524,-47.8858]]],[[[-74.7622,-47.8144],[-74.7631,-47.8962],[-74.774,-47.9074],[-74.8219,-47.8829],[-74.7804,-47.914],[-74.8425,-47.9394],[-74.7869,-47.9295],[-74.7712,-47.9505],[-74.7663,-47.9942],[-74.7999,-47.997],[-74.923,-47.9683],[-74.9493,-47.9462],[-74.9268,-47.9172],[-74.8851,-47.9368],[-74.8966,-47.9255],[-74.8569,-47.9293],[-74.9165,-47.9144],[-74.9325,-47.8909],[-74.8874,-47.8964],[-74.9326,-47.877],[-74.8939,-47.8671],[-74.9154,-47.8529],[-74.901,-47.8402],[-74.8932,-47.8515],[-74.8673,-47.8464],[-74.8778,-47.8695],[-74.8632,-47.8446],[-74.8372,-47.8537],[-74.8656,-47.8303],[-74.8215,-47.8486],[-74.8668,-47.8251],[-74.8569,-47.8211],[-74.8691,-47.814],[-74.863,-47.7999],[-74.841,-47.8095],[-74.8455,-47.7904],[-74.8223,-47.8079],[-74.8044,-47.811],[-74.8191,-47.7934],[-74.763,-47.8105],[-74.7622,-47.8144]]],[[[-74.5887,-47.8953],[-74.6061,-47.8996],[-74.5942,-47.8842],[-74.5689,-47.8862],[-74.578,-47.8945],[-74.5887,-47.8953]]],[[[-74.6191,-47.8601],[-74.6024,-47.8717],[-74.6251,-47.8825],[-74.6827,-47.857],[-74.6719,-47.8807],[-74.6832,-47.8848],[-74.7007,-47.8191],[-74.6377,-47.7939],[-74.6259,-47.8167],[-74.6426,-47.8136],[-74.6253,-47.8202],[-74.6189,-47.856],[-74.6191,-47.8601]]],[[[-74.5869,-47.8556],[-74.609,-47.8471],[-74.602,-47.8331],[-74.607,-47.8419],[-74.6134,-47.8332],[-74.6183,-47.801],[-74.5231,-47.8042],[-74.5134,-47.8225],[-74.5255,-47.8769],[-74.5879,-47.8577],[-74.5869,-47.8556]]],[[[-74.7821,-47.7901],[-74.7718,-47.8028],[-74.7894,-47.7916],[-74.7821,-47.7901]]],[[[-74.6708,-47.7699],[-74.6479,-47.7763],[-74.6792,-47.7913],[-74.6913,-47.7751],[-74.6706,-47.7726],[-74.6708,-47.7699]]],[[[-74.7307,-47.5961],[-74.7205,-47.6009],[-74.7335,-47.5982],[-74.7307,-47.5961]]],[[[-74.73,-47.5849],[-74.731,-47.5713],[-74.7163,-47.58],[-74.7246,-47.5829],[-74.73,-47.5849]]],[[[-74.5784,-46.9138],[-74.5633,-46.9189],[-74.5779,-46.9398],[-74.6056,-46.932],[-74.6083,-46.9182],[-74.585,-46.9159],[-74.5784,-46.9138]]],[[[-74.8211912,-45.8600516],[-74.8189312,-45.8600516],[-74.8175212,-45.8620216],[-74.8174012,-45.8648316],[-74.8196912,-45.8677516],[-74.8280312,-45.8671616],[-74.8301812,-45.8649916],[-74.8211912,-45.8600516]]],[[[-74.6893,-45.8057],[-74.7073,-45.8136],[-74.6911,-45.8044],[-74.6893,-45.8057]]],[[[-74.646951,-45.8016716],[-74.641541,-45.8039716],[-74.645971,-45.8069316],[-74.649491,-45.8073316],[-74.654241,-45.8054416],[-74.653771,-45.8027416],[-74.651601,-45.8015416],[-74.646951,-45.8016716]]],[[[-74.6711,-45.7832],[-74.6826,-45.7801],[-74.6713,-45.7794],[-74.6711,-45.7832]]],[[[-74.5858,-45.7912],[-74.5936,-45.7878],[-74.569,-45.7685],[-74.5841,-45.7928],[-74.5858,-45.7912]]],[[[-74.4942,-45.8203],[-74.575,-45.7955],[-74.5427,-45.7689],[-74.5584,-45.7647],[-74.4825,-45.7427],[-74.4626,-45.7999],[-74.4902,-45.8173],[-74.4942,-45.8203]]],[[[-74.725811,-45.7750616],[-74.725241,-45.7726616],[-74.730441,-45.7716516],[-74.727031,-45.7678716],[-74.722731,-45.7674216],[-74.719071,-45.7676316],[-74.719381,-45.7723716],[-74.721261,-45.7741416],[-74.725811,-45.7750616]]],[[[-74.8302,-45.7326],[-74.8345,-45.7436],[-74.8378,-45.734],[-74.8302,-45.7326]]],[[[-74.5461,-45.7339],[-74.5152,-45.7016],[-74.4975,-45.7134],[-74.4974,-45.7298],[-74.5457,-45.7493],[-74.5488,-45.741],[-74.5461,-45.7339]]],[[[-74.8130111,-45.6974416],[-74.8028211,-45.6936016],[-74.7951911,-45.6979616],[-74.7943711,-45.7029416],[-74.7969911,-45.7042016],[-74.8090311,-45.7029416],[-74.8109911,-45.7012116],[-74.8161911,-45.7027616],[-74.8138111,-45.6999416],[-74.8178311,-45.6979716],[-74.8193111,-45.6943616],[-74.8130111,-45.6974416]]],[[[-74.5227,-45.6915],[-74.5288,-45.7062],[-74.5261,-45.6863],[-74.5227,-45.6915]]],[[[-74.8372,-45.6743],[-74.8243,-45.6925],[-74.8435,-45.6833],[-74.8399,-45.6739],[-74.8372,-45.6743]]],[[[-74.5481,-45.6574],[-74.5369,-45.666],[-74.5473,-45.675],[-74.5308,-45.6742],[-74.5437,-45.7136],[-74.5848,-45.7616],[-74.6243,-45.7635],[-74.5946,-45.7392],[-74.6012,-45.7325],[-74.6292,-45.7641],[-74.6635,-45.7528],[-74.6788,-45.7042],[-74.6527,-45.6483],[-74.5806,-45.5909],[-74.5753,-45.5993],[-74.5396,-45.5779],[-74.5089,-45.5827],[-74.5116,-45.6153],[-74.5525,-45.6583],[-74.5481,-45.6574]]],[[[-74.7811,-45.638],[-74.7592,-45.6462],[-74.7283,-45.6906],[-74.7238,-45.7182],[-74.7583,-45.709],[-74.8633,-45.6491],[-74.8348,-45.5938],[-74.7659,-45.6255],[-74.8266,-45.6197],[-74.7908,-45.6334],[-74.7811,-45.638]]],[[[-74.7665,-45.6135],[-74.7796,-45.6048],[-74.7674,-45.6075],[-74.7665,-45.6135]]],[[[-74.7932,-45.5667],[-74.8125,-45.5683],[-74.7938,-45.5649],[-74.7932,-45.5667]]],[[[-74.6052,-45.3252],[-74.6021,-45.3149],[-74.5835,-45.3252],[-74.5701,-45.3458],[-74.6015,-45.3401],[-74.6228,-45.3268],[-74.6238,-45.3183],[-74.6082,-45.3247],[-74.6052,-45.3252]]],[[[-74.5942,-45.2819],[-74.5535,-45.2902],[-74.5891,-45.2672],[-74.5526,-45.2813],[-74.5465,-45.2921],[-74.5617,-45.3092],[-74.5868,-45.3018],[-74.565,-45.2981],[-74.5888,-45.289],[-74.5942,-45.2819]]],[[[-74.6094,-45.2907],[-74.6072,-45.3039],[-74.6213,-45.3028],[-74.6384,-45.2698],[-74.6161,-45.2906],[-74.6094,-45.2907]]],[[[-74.6478509,-45.2617516],[-74.6487509,-45.2560116],[-74.6505409,-45.2550316],[-74.6489909,-45.2527116],[-74.6383409,-45.2614016],[-74.6374809,-45.2653016],[-74.6410109,-45.2667016],[-74.6433809,-45.2662816],[-74.6440809,-45.2639716],[-74.6478509,-45.2617516]]],[[[-74.5853,-45.242],[-74.5696,-45.2547],[-74.5908,-45.2434],[-74.5853,-45.242]]],[[[-74.506,-45.2279],[-74.5442,-45.2321],[-74.5715,-45.2044],[-74.4966,-45.1536],[-74.4788,-45.1844],[-74.4861,-45.2153],[-74.5035,-45.2129],[-74.5072,-45.2239],[-74.506,-45.2279]]],[[[-74.6148,-44.9713],[-74.5968,-44.9826],[-74.6188,-44.9817],[-74.6204,-44.9684],[-74.6148,-44.9713]]],[[[-74.6166,-44.9554],[-74.6552,-44.9387],[-74.6401,-44.9318],[-74.6164,-44.9517],[-74.6166,-44.9554]]],[[[-74.5146,-44.7134],[-74.5119,-44.7242],[-74.5194,-44.7172],[-74.5146,-44.7134]]],[[[-74.538,-44.7163],[-74.5257,-44.7172],[-74.5371,-44.7185],[-74.538,-44.7163]]],[[[-74.5151,-44.6235],[-74.4639,-44.6287],[-74.449,-44.6419],[-74.4465,-44.6585],[-74.4624,-44.6606],[-74.4343,-44.6918],[-74.4807,-44.6983],[-74.5738,-44.6912],[-74.5949,-44.6795],[-74.6109,-44.6925],[-74.6416,-44.6742],[-74.6773,-44.6735],[-74.6692,-44.6511],[-74.6333,-44.6598],[-74.6437,-44.6278],[-74.6222,-44.6205],[-74.6238,-44.6088],[-74.5333,-44.6229],[-74.5151,-44.6235]]],[[[-74.7104,-44.6421],[-74.6986,-44.6492],[-74.7122,-44.645],[-74.7104,-44.6421]]],[[[-74.727,-44.6066],[-74.7147,-44.6219],[-74.735,-44.6344],[-74.7153,-44.6549],[-74.7815,-44.674],[-74.7816,-44.6573],[-74.801,-44.6536],[-74.8012,-44.6248],[-74.8192,-44.5993],[-74.8101,-44.59],[-74.8239,-44.5759],[-74.8066,-44.5676],[-74.8131,-44.5596],[-74.7982,-44.5409],[-74.7414,-44.5505],[-74.7164,-44.5726],[-74.7243,-44.6014],[-74.727,-44.6066]]],[[[-74.4422,-48.4743],[-74.4401,-48.4916],[-74.4521,-48.4936],[-74.4743,-48.4748],[-74.4547,-48.4622],[-74.4398,-48.4711],[-74.4422,-48.4743]]],[[[-74.2598,-48.4953],[-74.3545,-48.5381],[-74.3789,-48.5182],[-74.412,-48.5133],[-74.3998,-48.513],[-74.3917,-48.4928],[-74.4051,-48.492],[-74.397,-48.4591],[-74.4216,-48.4575],[-74.4516,-48.4333],[-74.461,-48.4041],[-74.4404,-48.3926],[-74.4631,-48.3887],[-74.4651,-48.3725],[-74.2652,-48.4542],[-74.2345,-48.4722],[-74.2517,-48.489],[-74.2598,-48.4953]]],[[[-74.3991,-48.182],[-74.308,-48.2651],[-74.4039,-48.3292],[-74.4616,-48.344],[-74.4773,-48.3373],[-74.5156,-48.2777],[-74.4771,-48.2338],[-74.4864,-48.2308],[-74.4205,-48.184],[-74.4651,-48.2085],[-74.4629,-48.1992],[-74.4742,-48.2025],[-74.5317,-48.2735],[-74.5482,-48.2507],[-74.5529,-48.1733],[-74.5273,-48.1594],[-74.4984,-48.175],[-74.4854,-48.1685],[-74.5259,-48.1576],[-74.5121,-48.1423],[-74.5252,-48.1399],[-74.5482,-48.1594],[-74.5518,-48.1374],[-74.5431,-48.1283],[-74.4699,-48.1437],[-74.5196,-48.1278],[-74.5059,-48.1217],[-74.5188,-48.1151],[-74.5601,-48.1087],[-74.4805,-48.1195],[-74.4214,-48.1669],[-74.3991,-48.182]]],[[[-74.3395,-48.2055],[-74.3559,-48.2014],[-74.3404,-48.2033],[-74.3395,-48.2055]]],[[[-74.4789,-48.1146],[-74.5004,-48.1001],[-74.4807,-48.1064],[-74.4764,-48.0929],[-74.4639,-48.1168],[-74.4789,-48.1146]]],[[[-74.4474,-47.8643],[-74.4735,-47.8851],[-74.4824,-47.8714],[-74.4682,-47.8085],[-74.4359,-47.7772],[-74.3848,-47.7619],[-74.3393,-47.7873],[-74.429,-47.8551],[-74.4474,-47.8643]]],[[[-74.4327181,-47.455293],[-74.4331764,-47.4602535],[-74.4394917,-47.4597713],[-74.439965,-47.4575824],[-74.4424814,-47.456489],[-74.4414717,-47.4540165],[-74.4338471,-47.44652],[-74.4323053,-47.4486813],[-74.4303897,-47.4524301],[-74.4327181,-47.455293]]],[[[-74.4445,-47.1814],[-74.4201,-47.1723],[-74.4282,-47.1863],[-74.4445,-47.1814]]],[[[-74.3307,-47.1074],[-74.4283,-47.1686],[-74.4252,-47.1226],[-74.4551,-47.0899],[-74.4491,-47.0745],[-74.3998,-47.0485],[-74.2981,-47.0277],[-74.2559,-47.0358],[-74.2481,-47.051],[-74.2658,-47.0793],[-74.3031,-47.098],[-74.3307,-47.1074]]],[[[-74.3872,-46.8826],[-74.3752,-46.8648],[-74.3343,-46.8558],[-74.3296,-46.867],[-74.357,-46.8941],[-74.3638,-46.8805],[-74.3823,-46.8833],[-74.3872,-46.8826]]],[[[-74.4704,-45.8238],[-74.4586,-45.8197],[-74.4704,-45.8267],[-74.4704,-45.8238]]],[[[-74.4328,-45.7954],[-74.3333,-45.7706],[-74.3305,-45.7898],[-74.3778,-45.8056],[-74.4272,-45.794],[-74.4328,-45.7954]]],[[[-74.4892,-45.6761],[-74.4587,-45.6643],[-74.4458,-45.6858],[-74.4857,-45.7205],[-74.4999,-45.6961],[-74.4935,-45.6821],[-74.4892,-45.6761]]],[[[-74.4955,-45.6298],[-74.4737,-45.6559],[-74.5117,-45.6843],[-74.5199,-45.656],[-74.4982,-45.6281],[-74.4955,-45.6298]]],[[[-74.4693,-45.5387],[-74.4591,-45.5938],[-74.4839,-45.6023],[-74.4976,-45.5714],[-74.5449,-45.5436],[-74.5266,-45.5206],[-74.5448,-45.5172],[-74.5211,-45.509],[-74.5099,-45.4556],[-74.483,-45.4413],[-74.4075,-45.4411],[-74.47,-45.5239],[-74.4669,-45.538],[-74.4693,-45.5387]]],[[[-74.3202,-45.3148],[-74.2615,-45.4084],[-74.3184,-45.4264],[-74.4598,-45.3803],[-74.521,-45.3306],[-74.5053,-45.303],[-74.397,-45.2817],[-74.3643,-45.2885],[-74.3185,-45.3208],[-74.3202,-45.3148]]],[[[-74.4182,-45.2613],[-74.4153,-45.2695],[-74.4319,-45.2694],[-74.4182,-45.2613]]],[[[-74.4691,-45.2601],[-74.4479,-45.254],[-74.4355,-45.2639],[-74.4694,-45.2632],[-74.4691,-45.2601]]],[[[-74.3297,-45.0322],[-74.3512,-45.0206],[-74.329,-45.0302],[-74.3297,-45.0322]]],[[[-74.3035,-44.8948],[-74.2984,-44.9203],[-74.3113,-44.9204],[-74.3206,-44.9432],[-74.3458,-44.9496],[-74.3411,-44.9387],[-74.3655,-44.9592],[-74.4016,-44.9613],[-74.455,-44.9258],[-74.4535,-44.8929],[-74.4291,-44.8915],[-74.3876,-44.914],[-74.3284,-44.9171],[-74.3066,-44.8934],[-74.3035,-44.8948]]],[[[-74.3708,-44.9087],[-74.3836,-44.9112],[-74.3729,-44.907],[-74.3708,-44.9087]]],[[[-74.3943607,-44.8923016],[-74.3907707,-44.8945316],[-74.3872907,-44.8996716],[-74.3887007,-44.9008416],[-74.4005107,-44.8968116],[-74.3985207,-44.8925816],[-74.3961607,-44.8913316],[-74.3943607,-44.8923016]]],[[[-74.3512,-44.8937],[-74.3411,-44.894],[-74.3418,-44.8743],[-74.3199,-44.8752],[-74.3177,-44.8955],[-74.3317,-44.9097],[-74.3644,-44.9066],[-74.3555,-44.895],[-74.3512,-44.8937]]],[[[-74.3596,-44.8891],[-74.3481,-44.8811],[-74.3586,-44.893],[-74.3596,-44.8891]]],[[[-74.4014,-44.8931],[-74.4303,-44.8844],[-74.3978,-44.8832],[-74.4014,-44.8931]]],[[[-74.356,-44.873],[-74.3669,-44.9009],[-74.3854,-44.8973],[-74.3812,-44.8753],[-74.3565,-44.8698],[-74.356,-44.873]]],[[[-74.3418,-44.8699],[-74.3531,-44.8773],[-74.3462,-44.8694],[-74.3418,-44.8699]]],[[[-74.4325007,-44.8415516],[-74.4321507,-44.8433316],[-74.4342907,-44.8443016],[-74.4333307,-44.8460116],[-74.4370507,-44.8486616],[-74.4390107,-44.8468116],[-74.4366707,-44.8437416],[-74.4384707,-44.8394116],[-74.4333407,-44.8374316],[-74.4275807,-44.8394016],[-74.4325007,-44.8415516]]],[[[-74.3874,-44.7755],[-74.3671,-44.7931],[-74.3336,-44.7983],[-74.2987,-44.831],[-74.3247,-44.8503],[-74.3834,-44.8602],[-74.4218,-44.8313],[-74.4489,-44.8418],[-74.4837,-44.784],[-74.5342,-44.7471],[-74.4934,-44.7145],[-74.478,-44.7215],[-74.4932,-44.7252],[-74.478,-44.7271],[-74.4602,-44.7255],[-74.4713,-44.723],[-74.4646,-44.7106],[-74.4356,-44.7117],[-74.3891,-44.7684],[-74.3874,-44.7755]]],[[[-74.3697507,-44.6006116],[-74.3691907,-44.5989816],[-74.3716607,-44.5977216],[-74.3694407,-44.5961816],[-74.3691907,-44.5930116],[-74.3671907,-44.5929916],[-74.3592807,-44.5945816],[-74.3589007,-44.5965416],[-74.3556207,-44.5953816],[-74.3556407,-44.5983716],[-74.3619507,-44.6035816],[-74.3660607,-44.6028116],[-74.3663507,-44.6006316],[-74.3697507,-44.6006116]]],[[[-74.3719,-44.5523],[-74.3812,-44.5514],[-74.3727,-44.5418],[-74.3673,-44.5546],[-74.3719,-44.5523]]],[[[-74.317,-44.498],[-74.3484,-44.5047],[-74.444,-44.482],[-74.3807,-44.5041],[-74.3731,-44.5347],[-74.3868,-44.5445],[-74.517,-44.5156],[-74.5592,-44.4787],[-74.537,-44.4397],[-74.4886,-44.4178],[-74.4027,-44.4307],[-74.4123,-44.4694],[-74.3836,-44.4349],[-74.3579,-44.4279],[-74.3561,-44.4081],[-74.3036,-44.3884],[-74.2464,-44.4041],[-74.2019,-44.4681],[-74.2215,-44.4899],[-74.2856,-44.486],[-74.3034,-44.498],[-74.317,-44.498]]],[[[-74.4422,-44.3867],[-74.4343,-44.3959],[-74.4506,-44.3957],[-74.4548,-44.384],[-74.4437,-44.3884],[-74.4422,-44.3867]]],[[[-74.3659,-44.3892],[-74.3682,-44.3788],[-74.3624,-44.3848],[-74.3659,-44.3892]]],[[[-74.3941,-44.3884],[-74.3867,-44.3938],[-74.4017,-44.399],[-74.4214,-44.3948],[-74.4071,-44.3526],[-74.3692,-44.3888],[-74.3951,-44.386],[-74.3941,-44.3884]]],[[[-74.4201,-44.3768],[-74.4318,-44.3686],[-74.4166,-44.3758],[-74.4201,-44.3768]]],[[[-74.3982,-44.3342],[-74.4096,-44.3476],[-74.418,-44.3354],[-74.415,-44.3234],[-74.4072,-44.3298],[-74.3982,-44.3342]]],[[[-74.3458,-44.2141],[-74.3626,-44.2061],[-74.3447,-44.2015],[-74.3229,-44.1991],[-74.3193,-44.2089],[-74.3335,-44.2119],[-74.3458,-44.2141]]],[[[-74.3673,-44.1809],[-74.3597,-44.1699],[-74.3492,-44.1763],[-74.3622,-44.1805],[-74.3673,-44.1809]]],[[[-74.3524,-44.1496],[-74.3424,-44.161],[-74.3676,-44.1579],[-74.3686,-44.1388],[-74.3576,-44.1428],[-74.3524,-44.1496]]],[[[-74.3835,-48.5712],[-74.3906,-48.5413],[-74.3697,-48.5401],[-74.3849,-48.55],[-74.3647,-48.5537],[-74.2671,-48.5062],[-74.266,-48.5192],[-74.3652,-48.5642],[-74.3835,-48.5712]]],[[[-74.2158,-48.4861],[-74.2393,-48.5047],[-74.2491,-48.5037],[-74.2315,-48.49],[-74.2158,-48.4861]]],[[[-74.2443,-48.3434],[-74.2143,-48.3702],[-74.2091,-48.3967],[-74.1406,-48.4275],[-74.1554,-48.4461],[-74.2249,-48.4692],[-74.2867,-48.4309],[-74.2342,-48.4457],[-74.2632,-48.435],[-74.2623,-48.421],[-74.2708,-48.4282],[-74.3837,-48.3901],[-74.4464,-48.3542],[-74.3796,-48.3318],[-74.2173,-48.4163],[-74.3688,-48.3314],[-74.3104,-48.28],[-74.2953,-48.2728],[-74.28,-48.284],[-74.2875,-48.2763],[-74.2785,-48.2721],[-74.2609,-48.2862],[-74.2763,-48.289],[-74.2353,-48.3003],[-74.2489,-48.3179],[-74.2437,-48.3351],[-74.2443,-48.3434]]],[[[-74.2121,-48.3638],[-74.2279,-48.3545],[-74.2196,-48.3501],[-74.2053,-48.3639],[-74.2121,-48.3638]]],[[[-74.2732,-48.2431],[-74.2713,-48.26],[-74.3259,-48.2331],[-74.3252,-48.2169],[-74.2945,-48.2281],[-74.2982,-48.2168],[-74.2867,-48.2188],[-74.2666,-48.2448],[-74.2732,-48.2431]]],[[[-74.3278,-47.6322],[-74.3697,-47.646],[-74.3641,-47.6342],[-74.3321,-47.6322],[-74.3561,-47.6277],[-74.3422,-47.5961],[-74.3507,-47.5622],[-74.3316,-47.5627],[-74.3143,-47.5928],[-74.2783,-47.6085],[-74.3237,-47.6299],[-74.3278,-47.6322]]],[[[-74.1619,-47.5928],[-74.1997,-47.5973],[-74.1707,-47.5918],[-74.1619,-47.5928]]],[[[-74.3108,-47.5141],[-74.2973,-47.5114],[-74.311,-47.5358],[-74.3229,-47.5329],[-74.313,-47.5169],[-74.3108,-47.5141]]],[[[-74.2178905,-47.16678],[-74.2141805,-47.16621],[-74.2117205,-47.16969],[-74.2287005,-47.16728],[-74.2278805,-47.16559],[-74.2361605,-47.16027],[-74.2350505,-47.15855],[-74.2322705,-47.15872],[-74.2275105,-47.1584],[-74.2178905,-47.16678]]],[[[-74.2264,-47.1535],[-74.1841,-47.1339],[-74.166,-47.1716],[-74.2227,-47.1557],[-74.2264,-47.1535]]],[[[-74.1694604,-47.14809],[-74.1681204,-47.14698],[-74.1682804,-47.14368],[-74.1663404,-47.14314],[-74.1641604,-47.14758],[-74.1671804,-47.15052],[-74.1605904,-47.15308],[-74.1633004,-47.15478],[-74.1647704,-47.15295],[-74.1717704,-47.15254],[-74.1755204,-47.15019],[-74.1748904,-47.14783],[-74.1694604,-47.14809]]],[[[-74.2467,-46.7804],[-74.2479,-46.7925],[-74.3098,-46.7835],[-74.2506,-46.7763],[-74.2467,-46.7804]]],[[[-74.2473,-46.785],[-74.2362,-46.7767],[-74.2423,-46.785],[-74.2473,-46.785]]],[[[-74.2168,-45.7471],[-74.2124,-45.7347],[-74.2217,-45.733],[-74.2248,-45.7489],[-74.2872,-45.7564],[-74.2228,-45.7517],[-74.2148,-45.7759],[-74.2015,-45.7477],[-74.1307,-45.7527],[-74.1157,-45.7769],[-74.1235,-45.7852],[-74.1089,-45.7897],[-74.1135,-45.8026],[-74.1707,-45.8011],[-74.1807,-45.7928],[-74.1598,-45.7868],[-74.182,-45.7884],[-74.179,-45.8062],[-74.2568,-45.8113],[-74.2644,-45.8227],[-74.3106,-45.794],[-74.3228,-45.7529],[-74.2935,-45.7479],[-74.2797,-45.7367],[-74.2808,-45.714],[-74.2518,-45.7066],[-74.1939,-45.727],[-74.1899,-45.7438],[-74.2133,-45.7461],[-74.2168,-45.7471]]],[[[-74.1798,-45.7318],[-74.1785,-45.7444],[-74.1841,-45.7315],[-74.1798,-45.7318]]],[[[-74.2593,-45.4965],[-74.2096,-45.5566],[-74.227,-45.5676],[-74.2046,-45.5733],[-74.2118,-45.5819],[-74.1771,-45.6187],[-74.1951,-45.6581],[-74.1869,-45.6688],[-74.2077,-45.6696],[-74.1933,-45.6889],[-74.2986,-45.6956],[-74.3186,-45.6799],[-74.3118,-45.698],[-74.3426,-45.6757],[-74.3205,-45.7024],[-74.3719,-45.7077],[-74.4183,-45.6901],[-74.3877,-45.7115],[-74.2892,-45.715],[-74.3058,-45.7376],[-74.3812,-45.7403],[-74.3394,-45.7503],[-74.3397,-45.7633],[-74.3651,-45.7748],[-74.4492,-45.7837],[-74.4851,-45.7354],[-74.4626,-45.7251],[-74.4506,-45.7361],[-74.4632,-45.708],[-74.4253,-45.6905],[-74.4554,-45.6561],[-74.4396,-45.6481],[-74.4624,-45.6435],[-74.4845,-45.6068],[-74.4273,-45.6147],[-74.4322,-45.605],[-74.4172,-45.5909],[-74.4514,-45.5957],[-74.447,-45.5795],[-74.4612,-45.5697],[-74.4299,-45.4872],[-74.4177,-45.4872],[-74.392,-45.445],[-74.3659,-45.4501],[-74.377,-45.463],[-74.3581,-45.4532],[-74.3163,-45.4605],[-74.2618,-45.4973],[-74.2593,-45.4965]]],[[[-74.1722,-45.5185],[-74.1574,-45.5628],[-74.1828,-45.549],[-74.2288,-45.4863],[-74.2151,-45.4815],[-74.1894,-45.4994],[-74.1749,-45.5479],[-74.1763,-45.5142],[-74.1722,-45.5185]]],[[[-74.2285,-45.3921],[-74.2503,-45.4026],[-74.2987,-45.3428],[-74.3063,-45.323],[-74.2588,-45.3362],[-74.2326,-45.3844],[-74.2285,-45.3921]]],[[[-74.1647,-45.3758],[-74.1945,-45.3858],[-74.2153,-45.3701],[-74.1735,-45.3219],[-74.1264,-45.3551],[-74.1288,-45.3693],[-74.161,-45.3757],[-74.1647,-45.3758]]],[[[-74.2542,-45.2724],[-74.2484,-45.262],[-74.2535,-45.2744],[-74.2542,-45.2724]]],[[[-74.2974,-45.1891],[-74.2526,-45.2002],[-74.2413,-45.2211],[-74.205,-45.2157],[-74.1816,-45.242],[-74.1843,-45.2638],[-74.1963,-45.2583],[-74.191,-45.2749],[-74.2341,-45.2714],[-74.1893,-45.2829],[-74.1869,-45.3234],[-74.2101,-45.3563],[-74.2385,-45.3463],[-74.2615,-45.3118],[-74.2545,-45.2771],[-74.2374,-45.2685],[-74.2607,-45.2425],[-74.2562,-45.2158],[-74.2763,-45.2426],[-74.2937,-45.2365],[-74.2692,-45.2649],[-74.2761,-45.29],[-74.3187,-45.2521],[-74.2769,-45.3124],[-74.288,-45.3285],[-74.3976,-45.2493],[-74.3987,-45.1933],[-74.3873,-45.1891],[-74.3982,-45.1642],[-74.3375,-45.1627],[-74.3032,-45.1909],[-74.2974,-45.1891]]],[[[-74.23,-45.2107],[-74.2331,-45.2007],[-74.2221,-45.2082],[-74.23,-45.2107]]],[[[-74.1811,-45.1836],[-74.161,-45.1837],[-74.1706,-45.1909],[-74.1842,-45.1841],[-74.1811,-45.1836]]],[[[-74.2504,-45.1728],[-74.2319,-45.1812],[-74.2534,-45.1745],[-74.2504,-45.1728]]],[[[-74.2728,-45.0795],[-74.3004,-45.0995],[-74.2952,-45.0819],[-74.333,-45.086],[-74.3208,-45.1261],[-74.3465,-45.0804],[-74.3419,-45.0933],[-74.3541,-45.0936],[-74.3797,-45.0742],[-74.3125,-45.1436],[-74.2991,-45.1028],[-74.2611,-45.0943],[-74.2499,-45.1181],[-74.2604,-45.1466],[-74.246,-45.1631],[-74.2569,-45.17],[-74.2986,-45.1654],[-74.3039,-45.149],[-74.3292,-45.1422],[-74.3739,-45.1431],[-74.4187,-45.1138],[-74.4025,-45.0746],[-74.4164,-45.0724],[-74.4141,-45.0536],[-74.4048,-45.0707],[-74.383,-45.0705],[-74.3748,-45.0411],[-74.2745,-45.0773],[-74.2728,-45.0795]]],[[[-74.2756,-45.081],[-74.2626,-45.0884],[-74.2755,-45.0836],[-74.2756,-45.081]]],[[[-74.1764906,-45.0254416],[-74.1805906,-45.0230316],[-74.1804206,-45.0214616],[-74.1737806,-45.0184916],[-74.1698006,-45.0200416],[-74.1669706,-45.0223316],[-74.1639506,-45.0223116],[-74.1640406,-45.0247516],[-74.1764906,-45.0254416]]],[[[-74.2938,-44.9053],[-74.2976,-44.8876],[-74.2742,-44.8672],[-74.2571,-44.8972],[-74.2959,-44.913],[-74.2938,-44.9053]]],[[[-74.22,-44.8531],[-74.2171,-44.8609],[-74.2471,-44.865],[-74.2427,-44.8525],[-74.2233,-44.8507],[-74.22,-44.8531]]],[[[-74.2109,-44.8605],[-74.1914,-44.8442],[-74.1879,-44.854],[-74.2132,-44.868],[-74.2109,-44.8605]]],[[[-74.2344,-44.7151],[-74.2233,-44.7138],[-74.236,-44.7199],[-74.2344,-44.7151]]],[[[-74.1177,-44.5418],[-74.1166,-44.5562],[-74.1382,-44.5602],[-74.2073,-44.5557],[-74.245,-44.5711],[-74.3126,-44.5759],[-74.3599,-44.5407],[-74.3657,-44.5062],[-74.3385,-44.5092],[-74.2838,-44.4901],[-74.2168,-44.4996],[-74.1829,-44.4828],[-74.1859,-44.4681],[-74.1189,-44.54],[-74.1177,-44.5418]]],[[[-74.1964906,-44.4147416],[-74.1945006,-44.4121416],[-74.1914706,-44.4121516],[-74.1846806,-44.4162016],[-74.1834406,-44.4188216],[-74.1843306,-44.4206916],[-74.1933306,-44.4182316],[-74.1964906,-44.4147416]]],[[[-74.3496,-44.3829],[-74.361,-44.3842],[-74.3555,-44.3668],[-74.3798,-44.3476],[-74.3233,-44.3201],[-74.3065,-44.3416],[-74.2545,-44.3493],[-74.2434,-44.3698],[-74.3018,-44.3697],[-74.3502,-44.3854],[-74.3496,-44.3829]]],[[[-74.1806,-44.3225],[-74.177,-44.3415],[-74.1857,-44.3421],[-74.1846,-44.32],[-74.1806,-44.3225]]],[[[-74.2523,-44.3264],[-74.2989,-44.3326],[-74.3008,-44.3195],[-74.2499,-44.3224],[-74.2523,-44.3264]]],[[[-74.3506,-44.2984],[-74.3833,-44.2872],[-74.3852,-44.2671],[-74.4186,-44.25],[-74.3788,-44.2311],[-74.3196,-44.2242],[-74.2534,-44.2555],[-74.2319,-44.3039],[-74.274,-44.3125],[-74.3505,-44.3002],[-74.3506,-44.2984]]],[[[-74.1733,-44.2397],[-74.1851,-44.2297],[-74.1713,-44.2365],[-74.1733,-44.2397]]],[[[-74.2979,-44.2054],[-74.3169,-44.1956],[-74.2619,-44.1965],[-74.2529,-44.2165],[-74.2185,-44.2357],[-74.2497,-44.236],[-74.2783,-44.2131],[-74.2979,-44.2054]]],[[[-74.2249,-44.2191],[-74.2473,-44.2115],[-74.2262,-44.2161],[-74.2249,-44.2191]]],[[[-74.329,-44.1801],[-74.3547,-44.1846],[-74.3408,-44.1654],[-74.3047,-44.1687],[-74.3597,-44.1359],[-74.3508,-44.1302],[-74.268,-44.1316],[-74.2317,-44.1633],[-74.3282,-44.1823],[-74.329,-44.1801]]],[[[-74.3541,-44.1173],[-74.3536,-44.0934],[-74.3395,-44.0913],[-74.182,-44.1148],[-74.1953,-44.1378],[-74.2724,-44.117],[-74.3444,-44.1206],[-74.3541,-44.1173]]],[[[-74.2918,-44.0842],[-74.3297,-44.0843],[-74.3417,-44.0749],[-74.3354,-44.0683],[-74.2118,-44.0711],[-74.1675,-44.0856],[-74.18,-44.0953],[-74.2654,-44.0893],[-74.2918,-44.0842]]],[[[-74.2642,-44.0385],[-74.2851,-44.026],[-74.2689,-44.013],[-74.18,-44.0225],[-74.1718,-44.0269],[-74.1995,-44.0386],[-74.2513,-44.041],[-74.2642,-44.0385]]],[[[-74.2394,-43.9982],[-74.2216,-43.9862],[-74.1477,-44.0043],[-74.192,-44.0111],[-74.2398,-44.0009],[-74.2394,-43.9982]]],[[[-73.9933,-48.4257],[-73.999,-48.4981],[-74.1487,-48.4399],[-74.1318,-48.4265],[-74.2012,-48.3881],[-74.2011,-48.3707],[-74.1752,-48.3541],[-74.1161,-48.3506],[-74.1076,-48.3727],[-74.0791,-48.3786],[-74.0626,-48.3979],[-74.0047,-48.3935],[-73.9858,-48.4116],[-73.995,-48.4194],[-73.9933,-48.4257]]],[[[-74.0406,-47.8588],[-74.0781,-47.8587],[-74.142,-47.8822],[-74.0843,-47.8768],[-74.0661,-47.8639],[-74.046,-47.8938],[-74.0482,-47.9281],[-74.0183,-47.8861],[-74.0264,-47.8705],[-74.0379,-47.8742],[-74.0256,-47.8611],[-74.0486,-47.8639],[-73.9672,-47.8304],[-74.0027,-47.83],[-74.0284,-47.8165],[-74.0202,-47.8093],[-73.9825,-47.8276],[-73.9575,-47.8184],[-73.8542,-47.8702],[-73.8064,-47.8408],[-73.747,-47.8574],[-73.7745,-47.9278],[-73.8198,-47.9424],[-73.8238,-47.9318],[-73.8541,-47.9386],[-73.8611,-47.9275],[-73.8904,-47.9371],[-73.8944,-47.9257],[-73.8567,-47.9028],[-73.8601,-47.8908],[-73.9511,-47.9255],[-73.9568,-47.9428],[-74.025,-47.9432],[-74.0884,-47.927],[-74.1279,-47.9488],[-74.2608,-47.9637],[-74.2963,-47.9523],[-74.3175,-47.9264],[-74.3132,-47.9158],[-74.3402,-47.9014],[-74.3209,-47.9239],[-74.3819,-47.9189],[-74.4693,-47.8873],[-74.426,-47.8609],[-74.3489,-47.8897],[-74.3566,-47.8829],[-74.3433,-47.8807],[-74.42,-47.8555],[-74.3286,-47.8088],[-74.1551,-47.8871],[-74.266,-47.8178],[-74.3125,-47.8024],[-74.2365,-47.7788],[-74.1784,-47.7942],[-74.191,-47.7788],[-73.9891,-47.8324],[-74.0378,-47.8555],[-74.0406,-47.8588]]],[[[-74.0332,-47.8163],[-74.1362,-47.778],[-74.0282,-47.7821],[-74.0415,-47.798],[-74.0299,-47.8153],[-74.0332,-47.8163]]],[[[-74.0968,-47.6472],[-74.1222,-47.6412],[-74.1202,-47.6325],[-74.072,-47.6381],[-74.0968,-47.6472]]],[[[-74.1004,-45.8967],[-74.1317,-45.8885],[-74.0528,-45.868],[-74.0323,-45.8824],[-74.0389,-45.8929],[-74.0674,-45.9001],[-74.0597,-45.9065],[-74.0959,-45.8974],[-74.1004,-45.8967]]],[[[-74.0738,-45.8171],[-74.0522,-45.852],[-74.0811,-45.8206],[-74.0714,-45.815],[-74.0738,-45.8171]]],[[[-74.0715,-45.7708],[-74.0972,-45.7768],[-74.0918,-45.7616],[-74.0734,-45.7632],[-74.0715,-45.7708]]],[[[-74.1061,-45.7646],[-74.1134,-45.753],[-74.1022,-45.7648],[-74.1061,-45.7646]]],[[[-74.0875,-45.746],[-74.0709,-45.7499],[-74.0718,-45.7611],[-74.0996,-45.7527],[-74.1068,-45.7448],[-74.0935,-45.7463],[-74.0875,-45.746]]],[[[-74.0752,-45.7413],[-74.0653,-45.7382],[-74.0569,-45.7544],[-74.089,-45.7418],[-74.0739,-45.7399],[-74.0752,-45.7413]]],[[[-74.0995,-45.7304],[-74.0881,-45.7358],[-74.1049,-45.7337],[-74.0995,-45.7304]]],[[[-74.1598106,-45.7354816],[-74.1591706,-45.7343116],[-74.1634306,-45.7321316],[-74.1615406,-45.7284516],[-74.1574406,-45.7281316],[-74.1518106,-45.7296716],[-74.1509506,-45.7329616],[-74.1488406,-45.7343016],[-74.1493306,-45.7370716],[-74.1554206,-45.7359316],[-74.1613706,-45.7381016],[-74.1643706,-45.7361816],[-74.1598106,-45.7354816]]],[[[-74.1402,-45.719],[-74.1172,-45.7311],[-74.1222,-45.7431],[-74.1465,-45.7209],[-74.1402,-45.719]]],[[[-74.1405,-45.6932],[-74.1272,-45.6994],[-74.1443,-45.694],[-74.1405,-45.6932]]],[[[-74.0928505,-45.6289016],[-74.0961505,-45.6282316],[-74.0921405,-45.6247616],[-74.0877305,-45.6248516],[-74.0855105,-45.6255616],[-74.0843905,-45.6287716],[-74.0877705,-45.6323516],[-74.0903705,-45.6322616],[-74.0928505,-45.6289016]]],[[[-74.0645,-45.5548],[-74.0455,-45.5441],[-74.0573,-45.5549],[-74.0645,-45.5548]]],[[[-74.1111,-45.4718],[-74.1056,-45.4794],[-74.1129,-45.4724],[-74.1111,-45.4718]]],[[[-74.132,-45.4722],[-74.1195,-45.4693],[-74.1284,-45.4767],[-74.132,-45.4722]]],[[[-74.1041,-45.4576],[-74.0921,-45.4621],[-74.1026,-45.4748],[-74.1112,-45.4643],[-74.1032,-45.4608],[-74.1041,-45.4576]]],[[[-74.1614,-45.4478],[-74.1489,-45.4705],[-74.1681,-45.4478],[-74.1614,-45.4478]]],[[[-74.1278,-45.4406],[-74.1138,-45.4485],[-74.1205,-45.4665],[-74.1371,-45.4514],[-74.1309,-45.4413],[-74.1278,-45.4406]]],[[[-74.1031,-45.4433],[-74.1147,-45.4279],[-74.1013,-45.4373],[-74.1031,-45.4433]]],[[[-74.0802205,-45.4295416],[-74.0774405,-45.4275316],[-74.0709705,-45.4284716],[-74.0708405,-45.4271016],[-74.0673805,-45.4271116],[-74.0650905,-45.4301116],[-74.0662905,-45.4317816],[-74.0727505,-45.4321016],[-74.0802205,-45.4295416]]],[[[-74.1119,-45.4195],[-74.1107,-45.4013],[-74.0982,-45.4021],[-74.0822,-45.4354],[-74.091,-45.4407],[-74.1124,-45.4216],[-74.1119,-45.4195]]],[[[-74.1557,-45.4065],[-74.1174,-45.3963],[-74.1371,-45.4281],[-74.1536,-45.4214],[-74.1564,-45.4047],[-74.1557,-45.4065]]],[[[-74.1057105,-45.3688616],[-74.1056705,-45.3645516],[-74.1029505,-45.3630616],[-74.0993105,-45.3663516],[-74.0986005,-45.3691616],[-74.0997405,-45.3695116],[-74.0978605,-45.3743316],[-74.1020105,-45.3736916],[-74.1057105,-45.3688616]]],[[[-74.1623,-45.3104],[-74.1498,-45.311],[-74.1686,-45.3017],[-74.1601,-45.2948],[-74.1268,-45.3358],[-74.1614,-45.3125],[-74.1623,-45.3104]]],[[[-74.1571506,-45.2887616],[-74.1556706,-45.2856316],[-74.1567606,-45.2837016],[-74.1534406,-45.2831316],[-74.1513306,-45.2854216],[-74.1490206,-45.2931116],[-74.1454306,-45.2953516],[-74.1467706,-45.2970416],[-74.1571506,-45.2887616]]],[[[-74.1396,-45.216],[-74.1224,-45.2124],[-74.142,-45.2225],[-74.1422,-45.2141],[-74.1396,-45.216]]],[[[-74.1013105,-45.2087916],[-74.0990105,-45.2099516],[-74.0994305,-45.2120116],[-74.1078105,-45.2131516],[-74.1155305,-45.2118416],[-74.1200705,-45.2087216],[-74.1142405,-45.2062916],[-74.1013105,-45.2087916]]],[[[-74.0659,-44.8808],[-74.0271,-44.8972],[-73.953,-44.8947],[-73.892,-44.9612],[-73.9001,-44.9719],[-74.0127,-44.9911],[-74.0832,-44.9551],[-74.0277,-44.9837],[-74.0214,-44.9982],[-74.1444,-45.0109],[-74.1899,-45.0006],[-74.2098,-45.0241],[-74.2655,-45.0375],[-74.3495,-45.0157],[-74.3598,-45.0225],[-74.3664,-45.0049],[-74.3853,-45.0023],[-74.3765,-44.998],[-74.3835,-44.9892],[-74.3626,-44.9934],[-74.2401,-44.9212],[-74.2033,-44.877],[-74.1427,-44.8623],[-74.0678,-44.8782],[-74.0659,-44.8808]]],[[[-73.9591,-44.843],[-73.9706,-44.8385],[-73.9579,-44.8462],[-73.991,-44.8604],[-74.0371,-44.8606],[-74.0743,-44.838],[-74.1887,-44.8206],[-74.1659,-44.8032],[-74.1025,-44.8047],[-73.9935,-44.7704],[-73.9233,-44.8003],[-73.9293,-44.8336],[-73.9529,-44.8444],[-73.9591,-44.843]]],[[[-73.9371,-44.6099],[-73.8724,-44.6452],[-73.8661,-44.6596],[-73.8907,-44.6591],[-73.8689,-44.6635],[-73.8398,-44.7005],[-73.8726,-44.6935],[-73.9717,-44.7088],[-73.98,-44.6803],[-73.9614,-44.6601],[-73.9894,-44.6834],[-73.9842,-44.7216],[-74.0493,-44.7434],[-74.0713,-44.7632],[-74.1954,-44.7804],[-74.2342,-44.807],[-74.3394,-44.7746],[-74.3651,-44.7459],[-74.3599,-44.7162],[-74.2524,-44.7143],[-74.1471,-44.7423],[-74.0888,-44.733],[-74.1789,-44.733],[-74.1908,-44.7267],[-74.1787,-44.7241],[-74.2155,-44.7173],[-74.1972,-44.7138],[-74.2756,-44.6952],[-74.3818,-44.7047],[-74.401,-44.6922],[-74.4073,-44.6487],[-74.3351,-44.6326],[-74.4032,-44.6439],[-74.3975,-44.6163],[-74.316,-44.6171],[-74.2831,-44.6301],[-74.2953,-44.6182],[-74.2843,-44.6137],[-74.3023,-44.6051],[-74.2947,-44.5999],[-74.1125,-44.5907],[-73.961,-44.6003],[-73.9412,-44.6115],[-73.9371,-44.6099]]],[[[-74.1173,-44.5456],[-74.1013,-44.552],[-74.1171,-44.5486],[-74.1173,-44.5456]]],[[[-74.0022,-44.4514],[-73.9743,-44.4646],[-73.9923,-44.443],[-73.9721,-44.447],[-73.9346,-44.4766],[-73.9294,-44.5053],[-73.9227,-44.4999],[-73.9145,-44.5142],[-73.922,-44.5397],[-74.0333,-44.5603],[-74.0926,-44.5435],[-74.1215,-44.5164],[-74.121,-44.4905],[-73.9745,-44.5051],[-73.9889,-44.5148],[-74.109,-44.5065],[-74.0837,-44.5177],[-73.9581,-44.5155],[-73.972,-44.5026],[-73.9473,-44.4994],[-73.975,-44.4798],[-74.1284,-44.4711],[-74.1425,-44.4519],[-74.0788,-44.4661],[-74.16,-44.4422],[-74.1831,-44.4201],[-74.1523,-44.4182],[-74.0785,-44.4495],[-74.0058,-44.4499],[-74.0022,-44.4514]]],[[[-74.081,-44.419],[-74.1899,-44.3752],[-74.1558,-44.3285],[-74.1619,-44.3145],[-74.1412,-44.3159],[-74.1489,-44.3032],[-74.1355,-44.3035],[-74.1002,-44.3484],[-74.0977,-44.3794],[-74.0727,-44.414],[-74.0817,-44.4178],[-74.081,-44.419]]],[[[-74.1806,-44.2729],[-74.1985,-44.243],[-74.163,-44.2653],[-74.1626,-44.2448],[-74.1383,-44.2279],[-74.1054,-44.2503],[-74.1006,-44.2696],[-74.1136,-44.3067],[-74.1818,-44.2783],[-74.1806,-44.2729]]],[[[-74.1723,-44.2074],[-74.1881,-44.1886],[-74.1358,-44.1933],[-74.1275,-44.213],[-74.17,-44.2095],[-74.1723,-44.2074]]],[[[-74.1174,-44.1298],[-74.0804,-44.1104],[-74.0462,-44.1182],[-74.1221,-44.179],[-74.1562,-44.1695],[-74.1236,-44.1311],[-74.1174,-44.1298]]],[[[-74.1291,-44.1144],[-74.1643,-44.142],[-74.1457,-44.1192],[-74.1577,-44.1216],[-74.1539,-44.1134],[-74.1383,-44.1071],[-74.1291,-44.1144]]],[[[-74.097,-44.0809],[-74.1314,-44.0822],[-74.0905,-44.0658],[-74.0622,-44.0716],[-74.0778,-44.0921],[-74.1186,-44.095],[-74.0815,-44.0852],[-74.0889,-44.0774],[-74.097,-44.0809]]],[[[-74.1355,-44.0503],[-74.1126,-44.0483],[-74.1717,-44.0707],[-74.2021,-44.0605],[-74.1501,-44.0498],[-74.1355,-44.0503]]],[[[-74.1378805,-44.0242216],[-74.1374305,-44.0229016],[-74.1328305,-44.0218416],[-74.1228805,-44.0232516],[-74.1233505,-44.0258516],[-74.1329005,-44.0266816],[-74.1378805,-44.0242216]]],[[[-74.1082,-44.0193],[-74.119,-44.0278],[-74.1133,-44.0175],[-74.1082,-44.0193]]],[[[-74.0574,-43.9524],[-74.0755,-43.9538],[-74.0644,-43.9472],[-74.0574,-43.9524]]],[[[-74.1211,-43.9483],[-74.1338,-43.9504],[-74.1201,-43.946],[-74.1211,-43.9483]]],[[[-74.1481,-43.9381],[-74.1418,-43.9464],[-74.1634,-43.9477],[-74.1559,-43.9399],[-74.1481,-43.9381]]],[[[-73.9278403,-48.01761],[-73.9311603,-48.01792],[-73.9364003,-48.01556],[-73.9327403,-48.00974],[-73.9270703,-48.01116],[-73.9255803,-48.01133],[-73.9259703,-48.01512],[-73.9284503,-48.01545],[-73.9278403,-48.01761]]],[[[-73.9538,-48.545],[-74.0018,-48.5146],[-73.9848,-48.5123],[-73.9774,-48.4946],[-73.9796,-48.4291],[-73.9505,-48.4156],[-73.8814,-48.4239],[-73.8377,-48.4086],[-73.8406,-48.3969],[-73.9056,-48.4128],[-73.9436,-48.3968],[-73.976,-48.4064],[-74.0022,-48.3887],[-74.0583,-48.3866],[-74.1001,-48.3604],[-74.0923,-48.3492],[-74.1994,-48.342],[-74.1469,-48.3174],[-73.906,-48.309],[-74.104,-48.303],[-74.1664,-48.309],[-74.227,-48.3327],[-74.227,-48.3187],[-74.1856,-48.2832],[-74.2636,-48.2338],[-74.2563,-48.1936],[-74.2795,-48.2125],[-74.3691,-48.1868],[-74.4472,-48.1243],[-74.4698,-48.086],[-74.3787,-48.0527],[-74.4178,-48.0573],[-74.4111,-48.0348],[-74.3591,-48.0007],[-74.3851,-48.0101],[-74.3966,-48.0022],[-74.3881,-48.0138],[-74.4174,-48.0285],[-74.4241,-48.0525],[-74.4694,-48.0797],[-74.4875,-48.0825],[-74.4451,-48.051],[-74.5426,-48.0903],[-74.562,-48.0864],[-74.5475,-48.08],[-74.5828,-48.071],[-74.5885,-48.0506],[-74.6035,-48.0457],[-74.5944,-48.0268],[-74.607,-47.9952],[-74.5954,-47.9827],[-74.5345,-47.9706],[-74.4895,-47.9281],[-74.4092,-47.9604],[-74.3727,-47.9585],[-74.2911,-47.9977],[-74.2738,-48.0264],[-74.2991,-48.0112],[-74.3001,-48.0217],[-74.278,-48.0311],[-74.2791,-48.046],[-74.2232,-48.1114],[-74.2047,-48.1587],[-74.2158,-48.1788],[-74.208,-48.2016],[-74.2289,-48.1988],[-74.216,-48.2549],[-74.1985,-48.2426],[-74.2081,-48.2117],[-74.1937,-48.1784],[-74.1399,-48.2333],[-74.056,-48.194],[-74.1471,-48.2215],[-74.143,-48.1938],[-74.1833,-48.1727],[-74.1908,-48.1475],[-74.1607,-48.1357],[-74.1933,-48.1377],[-74.2051,-48.0996],[-74.2518,-48.0384],[-74.2599,-48.0004],[-74.2178,-47.9913],[-74.1986,-48.0192],[-74.2097,-48.0073],[-74.1919,-47.987],[-74.066,-47.9668],[-74.0035,-47.9865],[-74.0113,-47.973],[-73.9937,-47.9709],[-73.9752,-47.9774],[-73.9953,-47.9891],[-73.9739,-48.0022],[-73.9843,-48.0116],[-74.0531,-47.9798],[-73.9853,-48.0248],[-73.9615,-48.0226],[-73.9781,-48.0164],[-73.971,-48.0059],[-73.9146,-48.0389],[-73.8656,-48.0151],[-73.8221,-48.02],[-73.8302,-48.04],[-73.8094,-48.039],[-73.8075,-48.0541],[-73.825,-48.0757],[-73.8188,-48.096],[-73.8349,-48.1087],[-73.8075,-48.0956],[-73.7977,-48.0563],[-73.7341,-48.0413],[-73.7224,-48.022],[-73.7007,-48.042],[-73.7079,-48.069],[-73.7518,-48.0997],[-73.7422,-48.1459],[-73.745,-48.1108],[-73.7139,-48.0879],[-73.6698,-48.0861],[-73.6231,-48.119],[-73.6067,-48.1076],[-73.5762,-48.1255],[-73.563,-48.1193],[-73.5443,-48.1358],[-73.5303,-48.2269],[-73.5028,-48.247],[-73.4749,-48.2395],[-73.4676,-48.2533],[-73.4556,-48.23],[-73.4886,-48.2219],[-73.4905,-48.2073],[-73.454,-48.1886],[-73.4408,-48.1662],[-73.3821,-48.1765],[-73.341,-48.2152],[-73.3138,-48.2032],[-73.3105,-48.1856],[-73.3732,-48.1419],[-73.4488,-48.124],[-73.4705,-48.0904],[-73.5914,-48.0005],[-73.604,-47.9807],[-73.5958,-47.9682],[-73.6198,-47.9505],[-73.5968,-47.8865],[-73.6197,-47.8877],[-73.6007,-47.8627],[-73.5125,-47.88],[-73.5008,-47.8864],[-73.512,-47.9015],[-73.5016,-47.9259],[-73.4448,-47.9561],[-73.4002,-47.9541],[-73.3952,-47.9659],[-73.4107,-47.9669],[-73.3969,-47.9704],[-73.3912,-47.9467],[-73.4313,-47.9439],[-73.4929,-47.9079],[-73.4845,-47.8918],[-73.459,-47.8958],[-73.4736,-47.8766],[-73.4433,-47.8607],[-73.4425,-47.8441],[-73.4755,-47.8618],[-73.4792,-47.8388],[-73.5395,-47.8183],[-73.5258,-47.8091],[-73.5319,-47.7978],[-73.5717,-47.8088],[-73.596,-47.7795],[-73.6429,-47.7796],[-73.6796,-47.7603],[-73.7012,-47.6924],[-73.6856,-47.6608],[-73.6365,-47.6246],[-73.6589,-47.6373],[-73.6864,-47.6333],[-73.7179,-47.6619],[-73.736,-47.7254],[-73.7123,-47.7415],[-73.7176,-47.7747],[-73.8824,-47.831],[-73.9326,-47.8066],[-73.9915,-47.8072],[-74.0008,-47.7952],[-73.9847,-47.7764],[-74.0088,-47.7808],[-74.0016,-47.7455],[-74.0202,-47.7675],[-74.0957,-47.7658],[-74.1512,-47.7821],[-74.2484,-47.7522],[-74.2408,-47.7453],[-74.2515,-47.7516],[-74.2372,-47.7603],[-74.3148,-47.7782],[-74.3659,-47.751],[-74.3266,-47.7418],[-74.2651,-47.7512],[-74.2788,-47.7362],[-74.3191,-47.7268],[-74.4281,-47.7447],[-74.4743,-47.7785],[-74.5053,-47.7676],[-74.4275,-47.7233],[-74.4088,-47.6949],[-74.4407,-47.6898],[-74.4803,-47.7138],[-74.5008,-47.7304],[-74.4969,-47.7425],[-74.4378,-47.6968],[-74.4082,-47.6986],[-74.4546,-47.7345],[-74.5251,-47.7658],[-74.5684,-47.7561],[-74.5642,-47.7483],[-74.5722,-47.7611],[-74.636,-47.7401],[-74.6218,-47.7278],[-74.5827,-47.7455],[-74.6203,-47.7253],[-74.5596,-47.6837],[-74.6453,-47.7315],[-74.6771,-47.7212],[-74.6878,-47.7046],[-74.6645,-47.6717],[-74.636,-47.6626],[-74.6406,-47.6397],[-74.621,-47.6167],[-74.5585,-47.6219],[-74.615,-47.6474],[-74.5273,-47.6263],[-74.5384,-47.6196],[-74.5263,-47.6083],[-74.5515,-47.6177],[-74.5647,-47.6019],[-74.586,-47.6078],[-74.6038,-47.588],[-74.591,-47.5649],[-74.562,-47.5589],[-74.5716,-47.5537],[-74.5602,-47.5532],[-74.5619,-47.5412],[-74.4967,-47.5145],[-74.4636,-47.5213],[-74.4703,-47.552],[-74.4852,-47.5555],[-74.4687,-47.5596],[-74.4748,-47.5901],[-74.4668,-47.5824],[-74.4547,-47.6055],[-74.4465,-47.601],[-74.4597,-47.5778],[-74.4391,-47.5727],[-74.4591,-47.5732],[-74.4571,-47.5534],[-74.445,-47.5268],[-74.426,-47.5219],[-74.3668,-47.5436],[-74.3486,-47.606],[-74.4042,-47.6589],[-74.4685,-47.6767],[-74.4835,-47.677],[-74.4931,-47.6606],[-74.5214,-47.6615],[-74.4983,-47.6301],[-74.5653,-47.6367],[-74.5213,-47.6433],[-74.5422,-47.6779],[-74.5172,-47.6651],[-74.4921,-47.6703],[-74.4904,-47.6842],[-74.4143,-47.6764],[-74.3879,-47.6621],[-74.2824,-47.6505],[-74.2905,-47.642],[-74.2814,-47.6337],[-74.2693,-47.6706],[-74.2771,-47.6817],[-74.2584,-47.7117],[-74.1841,-47.7312],[-74.1569,-47.7524],[-74.1419,-47.731],[-74.0648,-47.7268],[-74.1401,-47.7238],[-74.1639,-47.7357],[-74.2141,-47.7229],[-74.2105,-47.708],[-74.2543,-47.6994],[-74.2408,-47.6901],[-74.2516,-47.6412],[-74.0915,-47.6558],[-74.0558,-47.6509],[-74.0717,-47.6415],[-74.0267,-47.6378],[-74.0295,-47.6292],[-74.1138,-47.6238],[-74.19,-47.6373],[-74.2531,-47.621],[-74.2163,-47.6253],[-74.2481,-47.6148],[-74.2108,-47.5989],[-74.187,-47.6095],[-74.1086,-47.5932],[-74.0251,-47.6101],[-73.9679,-47.6042],[-73.9385,-47.5869],[-73.9456,-47.581],[-74.033,-47.6033],[-74.0976,-47.5879],[-74.082,-47.5819],[-74.0954,-47.5804],[-74.0909,-47.5654],[-74.031,-47.5464],[-74.0075,-47.5177],[-73.8985,-47.4925],[-73.9559,-47.493],[-74.0255,-47.5137],[-74.0244,-47.5277],[-74.1015,-47.5583],[-74.1187,-47.5809],[-74.185,-47.5649],[-74.2562,-47.5893],[-74.2884,-47.5811],[-74.2855,-47.5624],[-74.3018,-47.5451],[-74.2792,-47.5122],[-74.1933,-47.4885],[-74.1294,-47.4929],[-74.066,-47.4492],[-74.0584,-47.428],[-74.0706,-47.4344],[-74.0673,-47.4454],[-74.1208,-47.4655],[-74.1399,-47.4861],[-74.2046,-47.4816],[-74.2987,-47.5088],[-74.346,-47.4882],[-74.3719,-47.5023],[-74.3377,-47.4999],[-74.3152,-47.5173],[-74.3271,-47.5313],[-74.3862,-47.5041],[-74.3966,-47.4819],[-74.4246,-47.4774],[-74.4201,-47.456],[-74.4018,-47.4416],[-74.3081,-47.4523],[-74.2702,-47.4344],[-74.2404,-47.4004],[-74.2077,-47.3897],[-74.239,-47.3988],[-74.2295,-47.3801],[-74.3128,-47.4435],[-74.3433,-47.4307],[-74.3902,-47.4395],[-74.398,-47.4192],[-74.4104,-47.4323],[-74.4156,-47.3936],[-74.4272,-47.4293],[-74.4525,-47.4375],[-74.4536,-47.4464],[-74.439,-47.4459],[-74.4454,-47.4589],[-74.4589,-47.4633],[-74.4574,-47.4487],[-74.4734,-47.4506],[-74.4823,-47.4355],[-74.47,-47.4354],[-74.4886,-47.4133],[-74.483,-47.3977],[-74.458,-47.4066],[-74.4467,-47.3522],[-74.3883,-47.3206],[-74.3798,-47.279],[-74.3599,-47.2883],[-74.3324,-47.272],[-74.2623,-47.1944],[-74.2392,-47.221],[-74.2228,-47.2222],[-74.2035,-47.2084],[-74.2358,-47.2042],[-74.2413,-47.1874],[-74.2052,-47.198],[-74.1465,-47.1858],[-74.109,-47.1983],[-74.0224,-47.1593],[-74.0126,-47.2038],[-74.0227,-47.2232],[-74.008,-47.2218],[-74.0127,-47.1677],[-74.002,-47.1676],[-74.0011,-47.1521],[-74.0261,-47.1348],[-74.0147,-47.1182],[-74.0906,-47.1688],[-74.0772,-47.1538],[-74.0975,-47.1573],[-74.0995,-47.146],[-74.142,-47.1656],[-74.1437,-47.1449],[-74.1324,-47.142],[-74.1706,-47.1169],[-74.1953,-47.1184],[-74.1849,-47.1055],[-74.1954,-47.1029],[-74.194,-47.0857],[-74.159,-47.0195],[-74.124,-46.9931],[-74.0645,-47.0068],[-74.0537,-47.0239],[-74.0611,-47.043],[-74.0491,-47.0494],[-74.0324,-47.0283],[-74.0491,-47.0055],[-74.0257,-46.9942],[-74.0095,-46.9664],[-73.9809,-46.9663],[-73.9838,-46.9534],[-74.0054,-46.9464],[-74.0636,-46.9823],[-74.1703,-46.8767],[-74.1628,-46.8596],[-74.1823,-46.8649],[-74.2581,-46.804],[-74.3473,-46.7832],[-74.3424,-46.7689],[-74.3168,-46.7876],[-74.2546,-46.8003],[-74.2334,-46.792],[-74.2244,-46.7618],[-74.2339,-46.7541],[-74.278,-46.7671],[-74.2904,-46.7359],[-74.3068,-46.7457],[-74.288,-46.7549],[-74.3017,-46.7704],[-74.3225,-46.7484],[-74.3233,-46.7574],[-74.3938,-46.7598],[-74.3946,-46.7502],[-74.4764,-46.7317],[-74.4834,-46.7217],[-74.4673,-46.7155],[-74.5672,-46.7193],[-74.4476,-46.7539],[-74.4245,-46.7659],[-74.4334,-46.7801],[-74.5,-46.7908],[-74.5752,-46.7735],[-74.6071,-46.7897],[-74.601,-46.8284],[-74.636,-46.8385],[-74.6569,-46.8158],[-74.6916,-46.8137],[-74.6333,-46.841],[-74.5199,-46.8235],[-74.4546,-46.8503],[-74.3863,-46.8477],[-74.4009,-46.9003],[-74.4074,-46.8857],[-74.523,-46.8878],[-74.5914,-46.855],[-74.6329,-46.8752],[-74.6467,-46.8628],[-74.6417,-46.8422],[-74.6694,-46.8411],[-74.7538,-46.781],[-74.779,-46.7835],[-74.78,-46.8045],[-74.7923,-46.8099],[-74.8223,-46.7965],[-74.8399,-46.7683],[-74.8947,-46.7681],[-74.8974,-46.7492],[-74.9106,-46.7444],[-74.9362,-46.7584],[-74.9678,-46.7445],[-74.9691,-46.7225],[-75.0252,-46.6815],[-75.0398,-46.6412],[-75.0308,-46.6315],[-75.0453,-46.6239],[-75.0169,-46.5888],[-74.9914,-46.5817],[-74.9845,-46.5556],[-74.9191,-46.5068],[-74.9166,-46.454],[-74.8912,-46.4345],[-74.934,-46.4477],[-74.9406,-46.4843],[-74.9788,-46.5045],[-74.9755,-46.5186],[-74.9884,-46.5119],[-74.9982,-46.5348],[-75.0171,-46.5144],[-75.0185,-46.5464],[-75.0372,-46.5772],[-75.0554,-46.5692],[-75.071,-46.5951],[-75.1458,-46.6246],[-75.1506,-46.6378],[-75.1665,-46.6304],[-75.1564,-46.595],[-75.1828,-46.5693],[-75.1816,-46.5898],[-75.165,-46.5996],[-75.1729,-46.6076],[-75.1894,-46.5984],[-75.1749,-46.6216],[-75.1911,-46.6367],[-75.2733,-46.644],[-75.2958,-46.6346],[-75.3087,-46.6414],[-75.2911,-46.6433],[-75.2832,-46.6589],[-75.3306,-46.6578],[-75.3126,-46.6687],[-75.323,-46.674],[-75.3447,-46.6649],[-75.3518,-46.6516],[-75.3373,-46.6492],[-75.3622,-46.6399],[-75.358,-46.6229],[-75.3956,-46.655],[-75.4587,-46.6799],[-75.4787,-46.6746],[-75.5062,-46.7219],[-75.5407,-46.7151],[-75.5146,-46.7239],[-75.5128,-46.7358],[-75.5232,-46.7489],[-75.541,-46.7448],[-75.5378,-46.7569],[-75.5788,-46.7947],[-75.5825,-46.8061],[-75.5656,-46.81],[-75.5287,-46.7778],[-75.4957,-46.7869],[-75.5249,-46.7683],[-75.5082,-46.7286],[-75.4792,-46.7141],[-75.4438,-46.718],[-75.4395,-46.7321],[-75.3921,-46.7137],[-75.3205,-46.7255],[-75.3425,-46.7287],[-75.3312,-46.7417],[-75.3424,-46.7455],[-75.3829,-46.7284],[-75.3679,-46.7495],[-75.4184,-46.8031],[-75.3934,-46.799],[-75.3571,-46.7638],[-75.3693,-46.7772],[-75.3619,-46.7853],[-75.3793,-46.7883],[-75.376,-46.7994],[-75.3268,-46.7773],[-75.2956,-46.8135],[-75.3071,-46.8203],[-75.3019,-46.8353],[-75.3613,-46.8593],[-75.38,-46.8793],[-75.3133,-46.8514],[-75.2614,-46.8735],[-75.284,-46.8547],[-75.2762,-46.8455],[-75.2944,-46.8428],[-75.2863,-46.8192],[-75.2588,-46.8439],[-75.2646,-46.8875],[-75.2528,-46.9027],[-75.2828,-46.9094],[-75.313,-46.9345],[-75.4421,-46.9684],[-75.4462,-46.9543],[-75.4914,-46.9547],[-75.5066,-46.9421],[-75.4975,-46.906],[-75.5755,-46.8842],[-75.5694,-46.8694],[-75.5878,-46.8594],[-75.5817,-46.8257],[-75.625,-46.8205],[-75.64,-46.8045],[-75.6257,-46.7715],[-75.6493,-46.7184],[-75.6343,-46.7147],[-75.6363,-46.6789],[-75.6206,-46.6668],[-75.6305,-46.6537],[-75.5922,-46.6422],[-75.5978,-46.6143],[-75.5843,-46.6135],[-75.6021,-46.5979],[-75.596,-46.587],[-75.5762,-46.5817],[-75.5642,-46.5918],[-75.5576,-46.5781],[-75.5118,-46.6003],[-75.5023,-46.5907],[-75.4539,-46.621],[-75.4896,-46.5893],[-75.4848,-46.5695],[-75.446,-46.573],[-75.4261,-46.5953],[-75.421,-46.5853],[-75.4672,-46.5619],[-75.5029,-46.5249],[-75.463,-46.5171],[-75.4278,-46.5296],[-75.4143,-46.5168],[-75.3955,-46.5361],[-75.3815,-46.4954],[-75.3218,-46.4992],[-75.3179,-46.4878],[-75.3394,-46.481],[-75.3553,-46.4563],[-75.3431,-46.4577],[-75.3512,-46.4411],[-75.3414,-46.4371],[-75.3176,-46.4605],[-75.2861,-46.4619],[-75.2844,-46.4504],[-75.3138,-46.4539],[-75.3362,-46.4316],[-75.3136,-46.4378],[-75.2944,-46.4034],[-75.2478,-46.4086],[-75.2615,-46.3909],[-75.2348,-46.3905],[-75.219,-46.3708],[-75.1755,-46.3787],[-75.1868,-46.3668],[-75.1601,-46.3543],[-75.1512,-46.3264],[-75.1758,-46.3048],[-75.1531,-46.3009],[-75.1399,-46.3224],[-75.0131,-46.3733],[-74.9826,-46.3613],[-74.937,-46.3759],[-74.8701,-46.3703],[-75.0361,-46.3531],[-75.0994,-46.3262],[-75.1041,-46.2903],[-75.0955,-46.2852],[-75.0,-46.2898],[-75.0683,-46.2764],[-75.0727,-46.258],[-75.0607,-46.2407],[-74.9994,-46.2151],[-74.8575,-46.3012],[-74.8506,-46.2964],[-74.8957,-46.266],[-74.9185,-46.2342],[-74.9002,-46.194],[-74.8788,-46.1888],[-74.9004,-46.1863],[-74.893,-46.1742],[-74.8371,-46.191],[-74.881,-46.1691],[-74.8736,-46.16],[-74.8439,-46.1507],[-74.7862,-46.1688],[-74.734,-46.2273],[-74.7392,-46.189],[-74.7105,-46.1935],[-74.7189,-46.1826],[-74.6837,-46.172],[-74.644,-46.1756],[-74.6783,-46.1685],[-74.7103,-46.1788],[-74.7533,-46.1664],[-74.7733,-46.1259],[-74.7371,-46.0791],[-74.7549,-46.0702],[-74.7502,-46.0543],[-74.6312,-46.0395],[-74.5908,-46.0555],[-74.5512,-46.0504],[-74.5695,-46.0446],[-74.5752,-46.0264],[-74.5746,-46.0447],[-74.5917,-46.0516],[-74.6234,-46.0314],[-74.6585,-46.0409],[-74.7068,-46.0323],[-74.682,-46.002],[-74.6657,-46.0061],[-74.6865,-45.991],[-74.6792,-45.9742],[-74.6921,-45.9417],[-74.6724,-45.9048],[-74.6976,-45.918],[-74.7081,-45.9637],[-74.7309,-45.9607],[-74.7001,-45.971],[-74.7223,-46.008],[-74.8085,-46.0555],[-74.8264,-46.0486],[-74.8272,-46.0349],[-74.8502,-46.0337],[-74.8285,-46.0672],[-74.8613,-46.106],[-74.9163,-46.1191],[-75.0146,-46.1129],[-75.0486,-46.0896],[-75.0552,-46.0397],[-75.0006,-46.0394],[-74.9377,-46.0134],[-74.8571,-46.0263],[-74.8083,-45.9971],[-74.8602,-46.0169],[-74.857,-46.0025],[-74.8871,-45.9887],[-74.8642,-46.0039],[-74.8712,-46.0184],[-74.9458,-46.0005],[-75.0043,-46.0054],[-75.0338,-45.9916],[-74.9871,-45.9928],[-74.9652,-45.9563],[-74.9108,-45.9696],[-74.9741,-45.9525],[-75.0001,-45.9647],[-74.9809,-45.9683],[-74.9917,-45.9862],[-75.0608,-45.9672],[-75.0331,-45.9437],[-75.0715,-45.934],[-75.0847,-45.8866],[-75.022,-45.8577],[-74.9742,-45.8849],[-74.9611,-45.9202],[-74.9501,-45.9001],[-74.9611,-45.894],[-74.9457,-45.8876],[-74.9114,-45.9174],[-74.9,-45.9121],[-74.7855,-45.9534],[-74.7712,-45.9497],[-74.8265,-45.9381],[-74.9417,-45.8789],[-74.9337,-45.8596],[-74.8431,-45.9023],[-74.8605,-45.8826],[-74.8368,-45.8713],[-74.8222,-45.8737],[-74.8346,-45.8878],[-74.8143,-45.8669],[-74.7813,-45.8859],[-74.7507,-45.8725],[-74.7806,-45.8832],[-74.8037,-45.8412],[-74.7957,-45.8324],[-74.6846,-45.8162],[-74.6723,-45.8526],[-74.6895,-45.8584],[-74.6764,-45.8629],[-74.7024,-45.9029],[-74.65,-45.8813],[-74.6578,-45.8769],[-74.6443,-45.8457],[-74.6278,-45.8309],[-74.5618,-45.8387],[-74.5608,-45.865],[-74.5801,-45.8759],[-74.5697,-45.8783],[-74.545,-45.8386],[-74.5235,-45.8395],[-74.5065,-45.8488],[-74.4875,-45.8932],[-74.5464,-45.9207],[-74.4595,-45.9065],[-74.4579,-45.9211],[-74.4849,-45.933],[-74.4697,-45.9387],[-74.4818,-45.9578],[-74.4309,-45.9212],[-74.4192,-45.9387],[-74.444,-46.0163],[-74.4706,-46.0232],[-74.4353,-46.0273],[-74.43,-46.0506],[-74.4094,-46.0313],[-74.4161,-46.0169],[-74.4043,-45.9784],[-74.3935,-46.0],[-74.3841,-45.9941],[-74.3903,-45.955],[-74.3647,-45.9508],[-74.331,-45.9732],[-74.3899,-45.932],[-74.4544,-45.8608],[-74.4521,-45.8395],[-74.4074,-45.8468],[-74.3779,-45.87],[-74.438,-45.825],[-74.4355,-45.8038],[-74.4089,-45.8217],[-74.3493,-45.7994],[-74.3316,-45.8136],[-74.3397,-45.7948],[-74.3224,-45.8012],[-74.3149,-45.8207],[-74.3083,-45.8088],[-74.2843,-45.8114],[-74.2804,-45.8344],[-74.2978,-45.845],[-74.2683,-45.874],[-74.259,-45.8711],[-74.2751,-45.8582],[-74.2666,-45.8352],[-74.2103,-45.8144],[-74.1331,-45.8062],[-74.0928,-45.8162],[-74.0573,-45.8512],[-74.062,-45.8606],[-74.2565,-45.9022],[-74.1434,-45.8914],[-74.1006,-45.9009],[-74.0778,-45.918],[-74.1635,-45.9458],[-74.0295,-45.9114],[-74.0046,-45.9382],[-74.0068,-45.9714],[-74.0322,-45.9733],[-74.0541,-45.9974],[-74.1048,-46.0154],[-74.1919,-46.0272],[-74.2056,-46.02],[-74.2673,-46.0337],[-74.3046,-46.0096],[-74.2477,-46.0422],[-74.2225,-46.0308],[-74.1774,-46.0359],[-74.0571,-46.0173],[-74.0479,-46.0499],[-74.0569,-46.1069],[-74.1276,-46.14],[-74.1611,-46.1294],[-74.2785,-46.1429],[-74.3025,-46.1314],[-74.3053,-46.1406],[-74.3323,-46.1221],[-74.3054,-46.147],[-74.1756,-46.1366],[-74.1382,-46.1504],[-74.0528,-46.1233],[-74.0131,-46.0974],[-74.0446,-46.0995],[-74.0264,-46.0318],[-74.0377,-46.0352],[-74.0446,-46.0183],[-74.0323,-45.9933],[-74.0065,-45.9861],[-73.9899,-46.007],[-73.9985,-46.0188],[-73.9481,-46.0267],[-73.939,-46.0781],[-73.9827,-46.1471],[-74.0281,-46.1768],[-74.0531,-46.1743],[-74.0716,-46.194],[-74.1533,-46.223],[-74.2433,-46.2324],[-74.287,-46.251],[-74.4056,-46.2046],[-74.4236,-46.1895],[-74.4332,-46.1537],[-74.429,-46.1795],[-74.4451,-46.172],[-74.4387,-46.1931],[-74.4469,-46.1946],[-74.3783,-46.2363],[-74.2936,-46.261],[-74.1152,-46.2255],[-73.9992,-46.1829],[-74.0023,-46.2212],[-74.0355,-46.234],[-74.006,-46.2335],[-73.9972,-46.2637],[-73.9877,-46.2319],[-73.9411,-46.2263],[-73.9246,-46.2834],[-73.9687,-46.2769],[-73.9694,-46.2614],[-73.975,-46.2818],[-73.8998,-46.3024],[-73.8686,-46.337],[-73.8557,-46.3278],[-73.8261,-46.3487],[-73.8203,-46.341],[-73.8396,-46.3205],[-73.9091,-46.2807],[-73.9109,-46.259],[-73.9391,-46.2238],[-73.9914,-46.2253],[-73.9778,-46.1766],[-73.9513,-46.1443],[-73.8538,-46.1396],[-73.8363,-46.1751],[-73.8111,-46.1865],[-73.8112,-46.2004],[-73.7641,-46.2074],[-73.7257,-46.2323],[-73.7229,-46.2673],[-73.7702,-46.378],[-73.8622,-46.4551],[-73.8568,-46.4727],[-73.8702,-46.4804],[-73.8444,-46.5251],[-73.8658,-46.4912],[-73.8936,-46.4766],[-73.8826,-46.4837],[-73.8955,-46.5037],[-73.886,-46.5131],[-73.9127,-46.5277],[-73.8695,-46.5613],[-73.8586,-46.587],[-73.8061,-46.5754],[-73.7667,-46.5138],[-73.7694,-46.4962],[-73.7436,-46.492],[-73.7376,-46.4743],[-73.7602,-46.4701],[-73.7371,-46.4588],[-73.721,-46.4144],[-73.7502,-46.4048],[-73.7055,-46.4044],[-73.6002,-46.3136],[-73.5991,-46.3406],[-73.5908,-46.3141],[-73.5698,-46.3028],[-73.457,-46.299],[-73.4541,-46.2898],[-73.507,-46.282],[-73.5341,-46.2961],[-73.5314,-46.2843],[-73.5569,-46.2733],[-73.52,-46.234],[-73.5241,-46.2009],[-73.4985,-46.1683],[-73.4807,-46.1525],[-73.4339,-46.1545],[-73.4678,-46.1433],[-73.4659,-46.1314],[-73.4225,-46.0992],[-73.3892,-46.0459],[-73.3372,-46.0357],[-73.3375,-46.0131],[-73.3645,-45.9982],[-73.3533,-46.0162],[-73.4075,-46.0234],[-73.4257,-46.0599],[-73.5225,-46.1425],[-73.5381,-46.1847],[-73.605,-46.2222],[-73.5684,-46.2308],[-73.5777,-46.2589],[-73.6719,-46.3293],[-73.6492,-46.2189],[-73.6124,-46.2216],[-73.6389,-46.1872],[-73.6031,-46.057],[-73.6237,-46.0261],[-73.6184,-45.9841],[-73.6365,-45.9762],[-73.6017,-45.9483],[-73.5629,-45.9482],[-73.5558,-45.9375],[-73.5939,-45.9267],[-73.5472,-45.8793],[-73.551,-45.864],[-73.5163,-45.8529],[-73.5316,-45.8256],[-73.3815,-45.7003],[-73.2856,-45.6763],[-73.2462,-45.6822],[-73.2192,-45.6675],[-73.2079,-45.6723],[-73.224,-45.6854],[-73.1707,-45.6851],[-73.1317,-45.652],[-73.1701,-45.6588],[-73.2074,-45.6431],[-73.278,-45.6466],[-73.2884,-45.6292],[-73.2741,-45.6024],[-73.2374,-45.5905],[-73.2766,-45.5922],[-73.3,-45.6233],[-73.3689,-45.6406],[-73.4702,-45.7444],[-73.5011,-45.7572],[-73.5123,-45.7497],[-73.5196,-45.7703],[-73.5647,-45.7798],[-73.5541,-45.7789],[-73.563,-45.7695],[-73.5432,-45.7257],[-73.5414,-45.6738],[-73.5244,-45.6526],[-73.4871,-45.4583],[-73.4464,-45.4185],[-73.3938,-45.4069],[-73.3807,-45.4353],[-73.3848,-45.4863],[-73.3704,-45.4327],[-73.3777,-45.3839],[-73.3322,-45.3663],[-73.3289,-45.3499],[-73.3181,-45.3604],[-73.3275,-45.3716],[-73.3197,-45.3885],[-73.3002,-45.4108],[-73.3031,-45.3754],[-73.3284,-45.3465],[-73.2845,-45.3184],[-73.2218,-45.314],[-73.2188,-45.3058],[-73.2402,-45.3102],[-73.1969,-45.292],[-73.2017,-45.3002],[-73.1768,-45.2976],[-73.1482,-45.3163],[-73.147,-45.3587],[-73.106,-45.3941],[-73.0161,-45.4248],[-73.0106,-45.4463],[-72.9814,-45.4416],[-72.9932,-45.452],[-72.8921,-45.4646],[-72.8807,-45.4769],[-72.8452,-45.4598],[-72.8332,-45.4845],[-72.8173,-45.4703],[-72.8253,-45.447],[-72.8012,-45.4413],[-72.8178,-45.4548],[-72.8073,-45.4591],[-72.7921,-45.4462],[-72.8103,-45.4217],[-72.7958,-45.3895],[-72.8034,-45.3784],[-72.8737,-45.3894],[-72.8873,-45.4198],[-72.9144,-45.4252],[-72.9343,-45.4091],[-73.0053,-45.3975],[-73.0348,-45.3763],[-73.0554,-45.3391],[-73.1031,-45.3242],[-73.1062,-45.2992],[-73.1447,-45.288],[-73.2093,-45.2389],[-73.2726,-45.2464],[-73.3106,-45.2876],[-73.3509,-45.2903],[-73.425,-45.2753],[-73.4286,-45.2608],[-73.4443,-45.2645],[-73.4667,-45.2445],[-73.4992,-45.2444],[-73.5124,-45.2343],[-73.5035,-45.2315],[-73.5131,-45.224],[-73.5072,-45.1942],[-73.4654,-45.2056],[-73.4454,-45.2617],[-73.4276,-45.2512],[-73.4392,-45.1985],[-73.4248,-45.1883],[-73.3103,-45.2028],[-73.2956,-45.1836],[-73.3358,-45.1641],[-73.3034,-45.1695],[-73.274,-45.1498],[-73.3209,-45.1018],[-73.2686,-45.0713],[-73.3386,-45.0929],[-73.3454,-45.0704],[-73.3631,-45.0666],[-73.3764,-45.0165],[-73.3578,-44.9561],[-73.3183,-44.9573],[-73.3074,-44.9471],[-73.2181,-44.9627],[-73.1233,-44.9306],[-73.102,-44.9406],[-73.1082,-44.9539],[-72.9891,-44.8883],[-73.0048,-44.8831],[-72.9717,-44.8584],[-72.9283,-44.8669],[-72.8818,-44.8436],[-72.8481,-44.8095],[-72.7967,-44.7893],[-72.746,-44.7472],[-72.6834,-44.7364],[-72.7034,-44.7157],[-72.6979,-44.6977],[-72.7185,-44.6821],[-72.7174,-44.6636],[-72.6895,-44.6305],[-72.6638,-44.623],[-72.6781,-44.5876],[-72.6451,-44.5305],[-72.5816,-44.5032],[-72.543,-44.5274],[-72.5979,-44.4886],[-72.6066,-44.4693],[-72.5817,-44.3978],[-72.603,-44.3855],[-72.5602,-44.3636],[-72.5723,-44.3549],[-72.5556,-44.3271],[-72.5742,-44.3259],[-72.5774,-44.3514],[-72.6045,-44.373],[-72.6171,-44.4073],[-72.6459,-44.414],[-72.6552,-44.4319],[-72.6376,-44.4475],[-72.6742,-44.5109],[-72.7177,-44.4987],[-72.713,-44.4798],[-72.7451,-44.4644],[-72.7029,-44.4453],[-72.744,-44.4422],[-72.8071,-44.4022],[-72.7971,-44.3851],[-72.7649,-44.3816],[-72.8551,-44.3879],[-72.9083,-44.3766],[-72.9178,-44.3559],[-72.8923,-44.3289],[-72.8918,-44.3077],[-72.853,-44.3015],[-72.8611,-44.2928],[-72.8957,-44.2959],[-72.9091,-44.3215],[-72.9773,-44.2826],[-73.0485,-44.272],[-73.0668,-44.2335],[-73.0808,-44.2341],[-73.0693,-44.2631],[-73.0866,-44.273],[-73.1829,-44.2481],[-73.1695,-44.2131],[-73.1315,-44.197],[-73.0994,-44.2325],[-73.1142,-44.2124],[-73.0931,-44.1872],[-73.0959,-44.174],[-73.1099,-44.1853],[-73.1177,-44.1692],[-73.1091,-44.1476],[-73.0834,-44.1553],[-73.1085,-44.1438],[-73.1009,-44.1247],[-73.1209,-44.141],[-73.1346,-44.1787],[-73.1711,-44.2003],[-73.2267,-44.1963],[-73.2251,-44.1784],[-73.2367,-44.1965],[-73.2533,-44.1954],[-73.283,-44.163],[-73.2679,-44.151],[-73.2445,-44.1627],[-73.2711,-44.142],[-73.2744,-44.1196],[-73.2607,-44.1069],[-73.2041,-44.1494],[-73.1778,-44.1522],[-73.2028,-44.1393],[-73.2141,-44.1013],[-73.208,-44.0651],[-73.1829,-44.0543],[-73.1933,-44.0664],[-73.1529,-44.0634],[-73.1274,-44.1057],[-73.0865,-44.083],[-73.1049,-44.0749],[-73.1146,-44.0535],[-73.1057,-44.0453],[-73.123,-44.0362],[-73.1214,-43.9727],[-73.1001,-43.9644],[-73.1094,-43.9547],[-73.0903,-43.9482],[-73.0873,-43.932],[-73.0656,-43.9258],[-73.0604,-43.9436],[-73.0551,-43.927],[-73.0308,-43.9173],[-73.0588,-43.8809],[-73.0457,-43.8696],[-73.0286,-43.8743],[-73.0421,-43.8489],[-73.0066,-43.8458],[-73.0022,-43.825],[-72.98,-43.814],[-72.9806,-43.7682],[-72.9553,-43.8317],[-72.9468,-43.8125],[-72.8591,-43.788],[-72.829,-43.8233],[-72.7865,-43.82],[-72.7572,-43.8428],[-72.7357,-43.8303],[-72.7279,-43.8384],[-72.7297,-43.8293],[-72.7565,-43.8337],[-72.8156,-43.8077],[-72.8325,-43.7617],[-72.8195,-43.7515],[-72.8063,-43.6871],[-72.8162,-43.6534],[-72.839,-43.7703],[-72.9204,-43.7638],[-72.9328,-43.7894],[-72.9436,-43.7509],[-73.0455,-43.7395],[-73.0262,-43.7204],[-72.9669,-43.7167],[-72.9562,-43.6989],[-72.9334,-43.6974],[-72.8922,-43.7395],[-72.8559,-43.7412],[-72.8136,-43.6392],[-72.792,-43.6435],[-72.7914,-43.6729],[-72.768,-43.6846],[-72.8005,-43.7407],[-72.7673,-43.7506],[-72.7742,-43.7568],[-72.763,-43.7703],[-72.6973,-43.7647],[-72.6621,-43.7777],[-72.6539,-43.7597],[-72.6111,-43.7549],[-72.5029,-43.7975],[-72.4799,-43.7722],[-72.4764,-43.7358],[-72.4225,-43.729],[-72.4028,-43.6906],[-72.3382,-43.6739],[-72.3182,-43.7095],[-72.2988,-43.7129],[-72.3082,-43.7335],[-72.2723,-43.7592],[-72.3024,-43.772],[-72.3021,-43.7822],[-72.2424,-43.8078],[-72.2824,-43.8307],[-72.2658,-43.8419],[-72.1936,-43.8421],[-72.2025,-43.8545],[-72.1822,-43.894],[-72.1185,-43.8775],[-72.0801,-43.8979],[-72.1081,-43.9299],[-72.0972,-43.9465],[-72.0683,-43.9559],[-72.043,-43.9364],[-72.0137,-43.966],[-71.9803,-43.9671],[-71.9632,-43.9649],[-71.9556,-43.9452],[-71.9718,-43.926],[-71.9146,-43.9411],[-71.8584,-43.9287],[-71.8079,-43.9552],[-71.8275,-43.9765],[-71.822,-44.0109],[-71.7995,-44.024],[-71.7841,-44.059],[-71.7368,-44.0671],[-71.7676,-44.1077],[-71.8497,-44.115],[-71.8463,-44.16],[-71.7981,-44.193],[-71.7992,-44.2123],[-71.7801,-44.2243],[-71.8066,-44.2278],[-71.8058,-44.2576],[-71.828,-44.2598],[-71.8038,-44.2728],[-71.8088,-44.2878],[-71.7905,-44.3235],[-71.7975,-44.3393],[-71.8402,-44.3502],[-71.8184,-44.3764],[-71.8206,-44.392],[-71.8055,-44.3975],[-71.8148,-44.4174],[-71.7418,-44.402],[-71.7127,-44.3809],[-71.6704,-44.4089],[-71.6146,-44.396],[-71.5514,-44.4087],[-71.5116,-44.394],[-71.3891,-44.3861],[-71.3646,-44.3903],[-71.3496,-44.4245],[-71.3124,-44.4305],[-71.2428,-44.4171],[-71.2217,-44.4369],[-71.1743,-44.4388],[-71.1293,-44.4706],[-71.1612,-44.4997],[-71.0946,-44.5294],[-71.105,-44.574],[-71.0963,-44.5863],[-71.174,-44.599],[-71.2019,-44.5909],[-71.1994,-44.6097],[-71.2347,-44.651],[-71.1945,-44.6852],[-71.2145,-44.7106],[-71.2019,-44.7215],[-71.2055,-44.749],[-71.2411,-44.7723],[-71.2468,-44.7981],[-71.2923,-44.8139],[-71.3942,-44.791],[-71.471,-44.7377],[-71.582,-44.7543],[-71.5994,-44.7686],[-71.5952,-44.7807],[-71.6637,-44.7892],[-71.686,-44.7644],[-71.7332,-44.7684],[-71.7834,-44.7518],[-71.8245,-44.7744],[-71.8098,-44.7878],[-71.8159,-44.794],[-71.857,-44.8019],[-71.915,-44.7769],[-71.9333,-44.8023],[-71.9566,-44.786],[-72.0054,-44.7845],[-72.0157,-44.7584],[-72.0658,-44.7595],[-72.0729,-44.7809],[-72.0308,-44.8031],[-72.0671,-44.8474],[-72.0403,-44.8638],[-72.0636,-44.8772],[-72.0397,-44.9016],[-71.9831,-44.9024],[-71.9737,-44.9213],[-71.9471,-44.9214],[-71.9286,-44.9453],[-71.8851,-44.9457],[-71.8816,-44.9601],[-71.8512,-44.9306],[-71.8157,-44.9199],[-71.7792,-44.9424],[-71.7547,-44.927],[-71.7404,-44.9618],[-71.703,-44.9542],[-71.6592,-44.9763],[-71.5602,-44.9776],[-71.5415,-45.0001],[-71.5594,-45.0267],[-71.5066,-45.0697],[-71.5107,-45.0944],[-71.5276,-45.1037],[-71.4867,-45.1103],[-71.4863,-45.1422],[-71.4144,-45.1592],[-71.4254,-45.172],[-71.332,-45.2479],[-71.3361,-45.263],[-71.3517,-45.2661],[-71.3203,-45.2925],[-71.3338,-45.3165],[-71.3743,-45.3436],[-71.4488,-45.367],[-71.4384,-45.3955],[-71.4956,-45.3853],[-71.5387,-45.3999],[-71.5206,-45.426],[-71.534,-45.4325],[-71.5145,-45.4411],[-71.5014,-45.4675],[-71.4695,-45.4813],[-71.472,-45.4967],[-71.5551,-45.5251],[-71.6827,-45.5126],[-71.6946,-45.5336],[-71.7463,-45.5417],[-71.7647,-45.5748],[-71.7302,-45.5744],[-71.7299,-45.5912],[-71.7618,-45.6203],[-71.7778,-45.6185],[-71.7748,-45.6412],[-71.7967,-45.6664],[-71.774,-45.6812],[-71.7724,-45.696],[-71.8016,-45.7204],[-71.7716,-45.7432],[-71.7538,-45.773],[-71.7622,-45.7881],[-71.741,-45.8072],[-71.7678,-45.8465],[-71.7164,-45.8546],[-71.656,-45.8862],[-71.6466,-45.9174],[-71.6181,-45.9458],[-71.6145,-45.9757],[-71.6459,-45.9824],[-71.6527,-46.0168],[-71.7141,-46.0732],[-71.7191,-46.0917],[-71.7561,-46.0952],[-71.7856,-46.1212],[-71.828,-46.1118],[-71.9184,-46.1408],[-71.9036,-46.167],[-71.878,-46.1633],[-71.8629,-46.1962],[-71.7805,-46.2014],[-71.7293,-46.2779],[-71.7388,-46.3255],[-71.759,-46.3489],[-71.6729,-46.5236],[-71.6695,-46.6102],[-71.6459,-46.6381],[-71.6446,-46.6795],[-71.8332,-46.7968],[-71.9116,-46.7987],[-71.9585,-46.816],[-71.9336,-46.8475],[-71.9344,-46.8705],[-71.9729,-46.9059],[-71.9547,-46.9606],[-71.9602,-46.9766],[-71.9351,-46.978],[-71.9211,-46.9876],[-71.9329,-46.9969],[-71.8996,-46.9976],[-71.8814,-47.0147],[-71.916,-47.0605],[-71.957,-47.0773],[-71.8651,-47.1276],[-71.8526,-47.1654],[-71.8908,-47.1828],[-71.8807,-47.2061],[-71.8977,-47.2145],[-71.8653,-47.2339],[-72.0207,-47.2002],[-71.9948,-47.2228],[-72.0178,-47.2512],[-71.9997,-47.2964],[-72.0566,-47.3434],[-72.1302,-47.3301],[-72.1636,-47.3971],[-72.2011,-47.4187],[-72.226,-47.4047],[-72.2472,-47.4082],[-72.2973,-47.4484],[-72.3452,-47.4584],[-72.3305,-47.4826],[-72.3099,-47.4827],[-72.2922,-47.5142],[-72.3296,-47.5746],[-72.3125,-47.5943],[-72.3563,-47.6377],[-72.3843,-47.6387],[-72.403,-47.6512],[-72.399,-47.66],[-72.4202,-47.6616],[-72.4155,-47.6904],[-72.4521,-47.7125],[-72.4432,-47.7482],[-72.4661,-47.7398],[-72.486,-47.7603],[-72.5273,-47.7436],[-72.4988,-47.7995],[-72.4704,-47.8162],[-72.4808,-47.8628],[-72.5277,-47.9093],[-72.5307,-47.9394],[-72.5067,-47.9576],[-72.4282,-47.9693],[-72.4218,-48.0041],[-72.4462,-48.065],[-72.4202,-48.0793],[-72.363,-48.0758],[-72.3608,-48.105],[-72.3307,-48.1164],[-72.3029,-48.1581],[-72.3091,-48.2028],[-72.3283,-48.2171],[-72.318,-48.2376],[-72.2306,-48.3203],[-72.2457,-48.3487],[-72.2829,-48.3635],[-72.3453,-48.3476],[-72.3817,-48.3519],[-72.3789,-48.3736],[-72.3468,-48.3883],[-72.4097,-48.4171],[-72.4127,-48.4345],[-72.3802,-48.4537],[-72.3963,-48.4844],[-72.446,-48.5157],[-72.5057,-48.52],[-72.5379,-48.4844],[-72.5893,-48.4929],[-72.5376,-48.6689],[-72.5456,-48.742],[-72.5314,-48.7954],[-72.6392,-48.8653],[-72.6768,-48.8654],[-72.704,-48.9038],[-72.7571,-48.9177],[-72.7937,-48.9687],[-72.8427,-48.9667],[-72.8616,-48.9456],[-72.9183,-48.9352],[-72.9453,-48.9453],[-72.9567,-48.9791],[-72.9891,-48.9916],[-72.9823,-49.0288],[-73.0146,-49.0337],[-73.0043,-49.0555],[-73.0455,-49.0814],[-73.0833,-49.1453],[-73.1146,-49.1583],[-73.2314,-49.1583],[-73.9837,-48.7036],[-74.0238,-48.7205],[-74.083,-48.6913],[-74.1589,-48.6889],[-74.2429,-48.7178],[-74.2735,-48.7006],[-74.2624,-48.6835],[-74.1937,-48.6656],[-74.1742,-48.6387],[-74.2343,-48.6748],[-74.2542,-48.6617],[-74.2429,-48.6424],[-74.2511,-48.6274],[-74.2676,-48.6685],[-74.3012,-48.6758],[-74.3091,-48.6553],[-74.3249,-48.6648],[-74.3331,-48.6501],[-74.3117,-48.6428],[-74.3131,-48.6245],[-74.352,-48.6062],[-74.3587,-48.5869],[-74.3209,-48.5745],[-74.2359,-48.5163],[-74.1744,-48.5358],[-74.2273,-48.5145],[-74.1952,-48.4797],[-74.1446,-48.4663],[-74.0561,-48.5134],[-74.0391,-48.5185],[-74.057,-48.5064],[-74.0463,-48.5068],[-74.0097,-48.5451],[-74.0045,-48.5337],[-73.9284,-48.5781],[-73.9065,-48.6098],[-73.9166,-48.5755],[-73.8882,-48.5892],[-73.9164,-48.5548],[-73.9509,-48.5446],[-73.9538,-48.545]]],[[[-73.837,-47.9755],[-73.8642,-47.9798],[-73.8714,-47.965],[-73.8214,-47.9581],[-73.836,-47.9729],[-73.837,-47.9755]]],[[[-73.8626,-47.9555],[-73.8753,-47.9642],[-73.8898,-47.9536],[-73.8598,-47.9515],[-73.8626,-47.9555]]],[[[-73.8872,-46.4902],[-73.8733,-46.4921],[-73.8873,-46.491],[-73.8872,-46.4902]]],[[[-73.933,-46.1018],[-73.8804,-46.1015],[-73.8698,-46.1184],[-73.8972,-46.1304],[-73.9393,-46.1283],[-73.9376,-46.1066],[-73.933,-46.1018]]],[[[-73.9786805,-45.9837116],[-73.9784305,-45.9871116],[-73.9853605,-45.9894916],[-73.9874005,-45.9869416],[-73.9868505,-45.9844816],[-73.9844705,-45.9794816],[-73.9826605,-45.9794616],[-73.9807605,-45.9803816],[-73.9807505,-45.9831116],[-73.9786805,-45.9837116]]],[[[-73.9525,-46.0125],[-73.9815,-45.9971],[-73.9822,-45.9486],[-73.9566,-45.9576],[-73.9484,-46.0082],[-73.9525,-46.0125]]],[[[-73.9294,-45.9312],[-73.9219,-45.9368],[-73.9361,-45.951],[-73.9359,-45.9357],[-73.9294,-45.9312]]],[[[-73.9678,-45.9357],[-73.9712,-45.9464],[-73.9714,-45.9353],[-73.9678,-45.9357]]],[[[-74.0471905,-45.9150216],[-74.0492005,-45.9137016],[-74.0459905,-45.9097216],[-74.0416805,-45.9096016],[-74.0344005,-45.9099616],[-74.0374605,-45.9134216],[-74.0471905,-45.9150216]]],[[[-74.0341,-45.8667],[-74.0492,-45.8556],[-74.0325,-45.8627],[-74.0341,-45.8667]]],[[[-73.8981004,-45.8519616],[-73.8974504,-45.8555316],[-73.9007504,-45.8551416],[-73.9016104,-45.8577716],[-73.9035404,-45.8583916],[-73.9049204,-45.8562316],[-73.9028004,-45.8520716],[-73.9036104,-45.8507616],[-73.8964404,-45.8439316],[-73.8958304,-45.8477916],[-73.8981004,-45.8519616]]],[[[-73.8727,-45.7509],[-73.9553,-45.7878],[-73.9265,-45.7977],[-73.9413,-45.8392],[-73.9316,-45.8695],[-73.9436,-45.8728],[-73.9597,-45.9216],[-73.9947,-45.9332],[-74.0175,-45.8682],[-74.0009,-45.8427],[-74.0318,-45.8552],[-74.0302,-45.812],[-74.0297,-45.835],[-74.0384,-45.8357],[-74.0943,-45.7995],[-74.0626,-45.7693],[-74.0348,-45.7678],[-74.0336,-45.7376],[-73.9575,-45.7516],[-73.8726,-45.7489],[-73.8727,-45.7509]]],[[[-73.9027,-45.7951],[-73.9155,-45.7865],[-73.8885,-45.7882],[-73.8917,-45.8],[-73.9027,-45.7951]]],[[[-73.8594,-45.7489],[-73.843,-45.758],[-73.8782,-45.7828],[-73.8912,-45.7836],[-73.8931,-45.7694],[-73.8672,-45.7504],[-73.8594,-45.7489]]],[[[-73.9115,-45.5738],[-73.8884,-45.5729],[-73.8588,-45.6116],[-73.8636,-45.65],[-73.8814,-45.6671],[-73.8795,-45.7101],[-73.907,-45.707],[-73.9565,-45.7362],[-74.0354,-45.7237],[-74.0666,-45.6378],[-74.0983,-45.5993],[-74.0558,-45.5607],[-73.9914,-45.5356],[-73.9594,-45.5499],[-73.9728,-45.5569],[-73.9464,-45.5499],[-73.9215,-45.567],[-73.9115,-45.5738]]],[[[-74.0013505,-45.5335216],[-73.9970605,-45.5374916],[-74.0066705,-45.5386516],[-74.0158405,-45.5367216],[-74.0082705,-45.5333016],[-74.0013505,-45.5335216]]],[[[-73.9718,-45.4395],[-73.9233,-45.4547],[-73.9537,-45.469],[-73.8645,-45.4647],[-73.8619,-45.4838],[-73.8281,-45.4513],[-73.8072,-45.4633],[-73.7894,-45.4515],[-73.7754,-45.4631],[-73.8326,-45.5675],[-73.8514,-45.5785],[-73.8689,-45.5598],[-73.8918,-45.5647],[-73.9064,-45.552],[-73.8796,-45.5339],[-73.8709,-45.5165],[-73.8812,-45.5099],[-73.9072,-45.5433],[-73.9826,-45.5273],[-73.931,-45.5087],[-73.9845,-45.5242],[-74.0453,-45.5184],[-74.0316,-45.5357],[-74.1025,-45.5573],[-74.073,-45.5692],[-74.102,-45.5937],[-74.1144,-45.5837],[-74.1231,-45.5634],[-74.1035,-45.5521],[-74.1199,-45.5477],[-74.113,-45.5289],[-74.1014,-45.5189],[-74.0649,-45.5231],[-74.0968,-45.5164],[-74.0893,-45.5113],[-74.0997,-45.4953],[-74.063,-45.4555],[-73.9598,-45.4593],[-74.0614,-45.4488],[-74.0495,-45.4349],[-74.0577,-45.4322],[-74.0316,-45.4253],[-73.9981,-45.4419],[-73.9718,-45.4395]]],[[[-73.9057,-45.4532],[-73.924,-45.4297],[-74.0387,-45.4153],[-73.9929,-45.4025],[-74.0072,-45.3998],[-73.9779,-45.3842],[-73.8661,-45.3863],[-73.7934,-45.3696],[-73.7841,-45.4056],[-73.8013,-45.4262],[-73.8433,-45.4279],[-73.869,-45.4498],[-73.8944,-45.4497],[-73.9057,-45.4532]]],[[[-74.0224,-45.4053],[-74.0465,-45.4099],[-74.0753,-45.39],[-74.0769,-45.3443],[-74.0381,-45.3483],[-73.9727,-45.3804],[-74.0196,-45.403],[-74.0224,-45.4053]]],[[[-73.9019,-45.2627],[-73.8044,-45.25],[-73.7589,-45.3106],[-73.7512,-45.3319],[-73.765,-45.357],[-73.7986,-45.3675],[-73.8155,-45.3531],[-73.8093,-45.3625],[-73.8326,-45.3719],[-73.86,-45.3667],[-73.8308,-45.353],[-73.8713,-45.3536],[-73.866,-45.3659],[-73.9064,-45.3738],[-73.9254,-45.3668],[-73.8897,-45.3496],[-73.9816,-45.374],[-74.0001,-45.3552],[-74.0787,-45.3411],[-74.0941,-45.31],[-74.0801,-45.3512],[-74.089,-45.3672],[-74.1083,-45.3283],[-74.132,-45.3267],[-74.1335,-45.3183],[-74.1069,-45.3138],[-74.1416,-45.2906],[-74.1578,-45.2609],[-74.1547,-45.2359],[-74.1226,-45.2276],[-74.1462,-45.2245],[-74.0236,-45.2045],[-74.0119,-45.238],[-73.9854,-45.2628],[-73.9048,-45.265],[-73.9019,-45.2627]]],[[[-73.7813,-45.0385],[-73.7374,-45.0476],[-73.7178,-45.0753],[-73.732,-45.0529],[-73.7125,-45.0543],[-73.6841,-45.1149],[-73.6753,-45.154],[-73.6941,-45.1726],[-73.6724,-45.1633],[-73.6698,-45.177],[-73.682,-45.1909],[-73.7059,-45.1891],[-73.6765,-45.2002],[-73.7204,-45.2327],[-73.6879,-45.2565],[-73.6869,-45.2867],[-73.7346,-45.2798],[-73.7504,-45.2855],[-73.7405,-45.2995],[-73.7577,-45.3024],[-73.7673,-45.2933],[-73.7595,-45.2791],[-73.8098,-45.2367],[-73.9759,-45.256],[-73.9965,-45.2417],[-73.9887,-45.2378],[-74.0067,-45.2097],[-73.9802,-45.1949],[-73.8448,-45.2064],[-73.9589,-45.1891],[-74.0083,-45.2034],[-74.0714,-45.1773],[-74.0393,-45.1355],[-74.0677,-45.1381],[-74.0878,-45.1692],[-74.1322,-45.1622],[-74.1466,-45.1385],[-74.1354,-45.1184],[-74.1512,-45.0511],[-74.1484,-45.1594],[-74.1687,-45.1789],[-74.2054,-45.1759],[-74.2258,-45.1453],[-74.2343,-45.0766],[-74.1884,-45.0578],[-74.1713,-45.0301],[-74.1004,-45.0294],[-74.0951,-45.0481],[-74.0936,-45.0327],[-74.0588,-45.0309],[-74.0377,-45.0446],[-74.0296,-45.0288],[-73.9536,-45.0285],[-73.9046,-44.9951],[-73.831,-45.0023],[-73.851,-44.9903],[-73.8167,-44.9975],[-73.8224,-44.9846],[-73.8109,-44.9827],[-73.7973,-45.0043],[-73.8083,-45.0111],[-73.7953,-45.0262],[-73.7583,-45.033],[-73.7498,-45.0425],[-73.7648,-45.0424],[-73.7813,-45.0385]]],[[[-73.8749,-44.7665],[-73.8525,-44.7611],[-73.8371,-44.7676],[-73.8449,-44.7711],[-73.8749,-44.7665]]],[[[-73.9491,-44.7568],[-73.9653,-44.7559],[-73.9493,-44.759],[-73.9491,-44.7568]]],[[[-73.9559,-44.7336],[-73.945,-44.7503],[-73.971,-44.7394],[-73.9559,-44.7336]]],[[[-73.9295,-44.7474],[-73.9217,-44.734],[-73.9089,-44.7452],[-73.9223,-44.7486],[-73.9295,-44.7474]]],[[[-73.9054,-44.7369],[-73.93,-44.7269],[-73.8442,-44.7159],[-73.813,-44.7347],[-73.8183,-44.7442],[-73.9003,-44.7443],[-73.9054,-44.7369]]],[[[-73.8754804,-44.6226616],[-73.8756804,-44.6201816],[-73.8715304,-44.6158716],[-73.8698404,-44.6161116],[-73.8682904,-44.6210116],[-73.8627704,-44.6237916],[-73.8626504,-44.6256516],[-73.8648004,-44.6263916],[-73.8673004,-44.6230116],[-73.8703004,-44.6247716],[-73.8725204,-44.6223516],[-73.8754804,-44.6226616]]],[[[-73.9643,-44.5961],[-73.9898,-44.5963],[-73.98,-44.5899],[-73.9004,-44.5652],[-73.8819,-44.6222],[-73.9643,-44.5984],[-73.9643,-44.5961]]],[[[-73.9077,-44.526],[-73.9062,-44.5439],[-73.9158,-44.5366],[-73.9095,-44.5257],[-73.9077,-44.526]]],[[[-73.8803,-44.5246],[-73.8948,-44.5139],[-73.8948,-44.4872],[-73.8477,-44.477],[-73.8302,-44.4832],[-73.8325,-44.5088],[-73.8749,-44.5244],[-73.8803,-44.5246]]],[[[-74.0036,-44.4229],[-74.0288,-44.4142],[-74.003,-44.4218],[-74.0036,-44.4229]]],[[[-73.833,-44.3712],[-73.8876,-44.3983],[-73.8961,-44.3843],[-73.8706,-44.3561],[-73.8333,-44.3685],[-73.833,-44.3712]]],[[[-73.9472,-44.3424],[-73.9604,-44.3593],[-73.93,-44.3423],[-73.888,-44.3546],[-73.902,-44.3756],[-73.9143,-44.3721],[-73.9023,-44.4392],[-73.9243,-44.4536],[-73.9687,-44.4189],[-74.053,-44.3917],[-74.0779,-44.337],[-74.0797,-44.2975],[-74.0336,-44.3243],[-74.0087,-44.3555],[-74.0124,-44.3412],[-73.9571,-44.3384],[-73.9472,-44.3424]]],[[[-73.8768,-44.3265],[-73.8891,-44.3417],[-73.9448,-44.3244],[-73.9744,-44.2693],[-73.938,-44.2575],[-73.8726,-44.3173],[-73.8768,-44.3265]]],[[[-73.8584,-44.2866],[-73.8884,-44.2918],[-73.923,-44.2653],[-73.9279,-44.247],[-73.9008,-44.2446],[-73.8408,-44.2602],[-73.8605,-44.274],[-73.8475,-44.2732],[-73.8526,-44.2867],[-73.8584,-44.2866]]],[[[-73.9736,-44.189],[-73.9626,-44.1993],[-73.9324,-44.197],[-73.9311,-44.2102],[-73.9201,-44.1955],[-73.8786,-44.1994],[-73.8722,-44.2213],[-73.8543,-44.222],[-73.8593,-44.2376],[-73.9359,-44.2396],[-73.969,-44.2609],[-74.0493,-44.2378],[-73.9886,-44.2584],[-73.9646,-44.3114],[-73.9458,-44.3232],[-73.9554,-44.3342],[-74.0212,-44.3293],[-73.9741,-44.3251],[-74.0274,-44.3197],[-74.0586,-44.2966],[-74.0731,-44.2674],[-74.0618,-44.2472],[-74.0959,-44.2259],[-74.1052,-44.2039],[-74.0947,-44.1833],[-74.0633,-44.1679],[-74.0488,-44.1921],[-74.026,-44.1929],[-74.0053,-44.221],[-73.982,-44.2272],[-74.0139,-44.1921],[-74.0443,-44.189],[-74.045,-44.1552],[-74.0555,-44.1706],[-74.0663,-44.1669],[-74.0183,-44.1366],[-74.0082,-44.1633],[-73.9954,-44.1496],[-73.9741,-44.182],[-73.9736,-44.189]]],[[[-73.84,-44.1206],[-73.8438,-44.1431],[-73.8955,-44.1733],[-73.8513,-44.1591],[-73.8503,-44.1805],[-73.8395,-44.1655],[-73.8135,-44.1815],[-73.8398,-44.1617],[-73.8372,-44.153],[-73.8225,-44.1661],[-73.8265,-44.1492],[-73.8012,-44.1841],[-73.8103,-44.193],[-73.8333,-44.2033],[-73.899,-44.1849],[-73.9553,-44.1905],[-73.9955,-44.1439],[-73.9372,-44.0972],[-73.8715,-44.1118],[-73.8702,-44.1318],[-73.8629,-44.1168],[-73.8451,-44.1181],[-73.84,-44.1206]]],[[[-74.0515,-44.0904],[-74.0257,-44.0935],[-74.0529,-44.0922],[-74.0515,-44.0904]]],[[[-73.8783,-44.0729],[-73.8488,-44.0715],[-73.8437,-44.0878],[-73.9047,-44.0815],[-73.9012,-44.0672],[-73.8948,-44.0781],[-73.8827,-44.0714],[-73.8783,-44.0729]]],[[[-73.9457,-44.0627],[-73.9487,-44.0473],[-73.931,-44.0534],[-73.9484,-44.0682],[-73.9457,-44.0627]]],[[[-73.8904,-43.9865],[-73.9036,-43.9849],[-73.8879,-43.9849],[-73.8904,-43.9865]]],[[[-73.7997,-43.9625],[-73.7792,-43.9728],[-73.8031,-43.9954],[-73.9035,-43.9722],[-73.9268,-43.9577],[-73.9074,-43.9326],[-73.8773,-43.9325],[-73.8018,-43.9613],[-73.7997,-43.9625]]],[[[-73.8024,-43.7995],[-73.781,-43.8281],[-73.8091,-43.8514],[-73.8733,-43.8529],[-73.8882,-43.8431],[-73.9104,-43.8595],[-73.9422,-43.8514],[-73.9503,-43.8714],[-73.9386,-43.8839],[-73.8627,-43.9153],[-73.8878,-43.9238],[-73.9148,-43.9111],[-73.9099,-43.9282],[-73.9384,-43.9536],[-73.9988,-43.9218],[-74.0055,-43.8895],[-74.0174,-43.9078],[-74.0348,-43.8964],[-74.0545,-43.9082],[-74.0544,-43.8981],[-74.077,-43.905],[-74.1477,-43.8796],[-74.158,-43.8612],[-74.1367,-43.8528],[-74.1421,-43.8355],[-74.1244,-43.8343],[-74.1283,-43.8245],[-74.1045,-43.8092],[-74.0566,-43.8049],[-73.9569,-43.8469],[-73.8965,-43.839],[-73.8812,-43.8152],[-73.9043,-43.7977],[-73.8407,-43.8063],[-73.8689,-43.7892],[-73.8598,-43.7864],[-73.828,-43.8007],[-73.8646,-43.7725],[-73.8089,-43.7921],[-73.8024,-43.7995]]],[[[-73.9359604,-43.8350116],[-73.9411204,-43.8332316],[-73.9400004,-43.8294016],[-73.9374704,-43.8287516],[-73.9375404,-43.8269016],[-73.9343704,-43.8250716],[-73.9320404,-43.8260916],[-73.9331304,-43.8326016],[-73.9359604,-43.8350116]]],[[[-74.0369,-43.7976],[-74.0128,-43.8006],[-74.0247,-43.8159],[-74.0393,-43.8154],[-74.042,-43.8],[-74.0369,-43.7976]]],[[[-74.0052,-43.7834],[-73.9867,-43.7982],[-73.9943,-43.8148],[-74.0113,-43.788],[-74.0052,-43.7834]]],[[[-73.7208,-47.9753],[-73.7028,-47.9932],[-73.7259,-47.9792],[-73.7208,-47.9753]]],[[[-73.8417,-47.842],[-73.847,-47.8537],[-73.8658,-47.8406],[-73.8195,-47.8226],[-73.7977,-47.824],[-73.8334,-47.8366],[-73.8417,-47.842]]],[[[-73.761,-46.0363],[-73.7679,-46.0707],[-73.7437,-46.0322],[-73.6437,-46.0819],[-73.6748,-46.1259],[-73.6791,-46.1557],[-73.7143,-46.1491],[-73.6966,-46.1786],[-73.7342,-46.2106],[-73.7933,-46.1865],[-73.8187,-46.1594],[-73.7481,-46.1425],[-73.8293,-46.141],[-73.8647,-46.097],[-73.922,-46.0823],[-73.9012,-46.0025],[-73.8299,-45.9971],[-73.8067,-46.0242],[-73.7675,-46.0367],[-73.761,-46.0363]]],[[[-73.6553,-45.8871],[-73.6849,-45.908],[-73.6812,-45.918],[-73.6594,-45.9171],[-73.6715,-45.9738],[-73.6548,-46.0085],[-73.6687,-46.0332],[-73.8002,-46.0028],[-73.7879,-45.9641],[-73.7464,-45.9218],[-73.7558,-45.9145],[-73.7375,-45.8938],[-73.7205,-45.8917],[-73.709,-45.9096],[-73.7604,-45.9564],[-73.7083,-45.9292],[-73.7195,-45.9209],[-73.6791,-45.894],[-73.7051,-45.8778],[-73.8049,-45.8835],[-73.7817,-45.9029],[-73.752,-45.8942],[-73.7838,-45.905],[-73.7797,-45.9197],[-73.8067,-45.9385],[-73.8295,-45.9237],[-73.7961,-45.9452],[-73.8081,-45.9698],[-73.8241,-45.986],[-73.898,-45.9908],[-73.9116,-45.981],[-73.9206,-45.9406],[-73.9003,-45.8936],[-73.8735,-45.8777],[-73.8659,-45.8569],[-73.8127,-45.8696],[-73.8003,-45.8569],[-73.7734,-45.86],[-73.7644,-45.8301],[-73.7814,-45.8322],[-73.7797,-45.8535],[-73.8109,-45.8508],[-73.8062,-45.8335],[-73.7012,-45.8018],[-73.6994,-45.8212],[-73.6709,-45.8379],[-73.6789,-45.87],[-73.6526,-45.8888],[-73.6553,-45.8871]]],[[[-73.7862,-45.7986],[-73.7631,-45.808],[-73.8141,-45.8213],[-73.8246,-45.8487],[-73.8853,-45.8506],[-73.8675,-45.8264],[-73.823,-45.8201],[-73.8398,-45.8084],[-73.8823,-45.8265],[-73.8765,-45.7944],[-73.8603,-45.7921],[-73.8508,-45.7832],[-73.8674,-45.7851],[-73.8558,-45.7763],[-73.8286,-45.7656],[-73.8427,-45.7814],[-73.8336,-45.7808],[-73.8155,-45.7679],[-73.7797,-45.7881],[-73.7879,-45.7965],[-73.7862,-45.7986]]],[[[-73.7348,-45.7112],[-73.6942,-45.746],[-73.7125,-45.7486],[-73.7067,-45.7651],[-73.734,-45.7722],[-73.8012,-45.6848],[-73.7948,-45.6712],[-73.772,-45.6915],[-73.7583,-45.6817],[-73.7289,-45.7102],[-73.7348,-45.7112]]],[[[-73.7996,-45.6191],[-73.8089,-45.6587],[-73.815,-45.6245],[-73.8019,-45.6183],[-73.7996,-45.6191]]],[[[-73.7828,-45.5502],[-73.7726,-45.5525],[-73.7795,-45.567],[-73.7865,-45.5575],[-73.7828,-45.5502]]],[[[-73.7393,-45.3975],[-73.7249,-45.397],[-73.7428,-45.4132],[-73.7583,-45.4047],[-73.7434,-45.4002],[-73.7393,-45.3975]]],[[[-73.7756,-45.3662],[-73.7711,-45.3572],[-73.7637,-45.3641],[-73.7756,-45.3662]]],[[[-73.7202,-45.3367],[-73.7255,-45.3469],[-73.7442,-45.337],[-73.7401,-45.3258],[-73.72,-45.3321],[-73.7202,-45.3367]]],[[[-73.7069,-45.3117],[-73.7371,-45.3236],[-73.7291,-45.3076],[-73.7134,-45.3077],[-73.7069,-45.3117]]],[[[-73.7964,-45.0161],[-73.7857,-45.0168],[-73.7819,-45.0253],[-73.7925,-45.0213],[-73.7964,-45.0161]]],[[[-73.7777,-44.9856],[-73.755,-44.9827],[-73.744,-45.0054],[-73.7539,-45.022],[-73.7904,-44.9871],[-73.7769,-44.9837],[-73.7777,-44.9856]]],[[[-73.7206,-44.9272],[-73.7175,-44.9187],[-73.7142,-44.9271],[-73.7206,-44.9272]]],[[[-73.7243,-44.8877],[-73.7551,-44.8845],[-73.7643,-44.873],[-73.7544,-44.8676],[-73.7282,-44.8847],[-73.7243,-44.8877]]],[[[-73.7648,-44.8868],[-73.7247,-44.9087],[-73.7336,-44.9238],[-73.7662,-44.9048],[-73.7417,-44.9409],[-73.7724,-44.9595],[-73.8248,-44.9608],[-73.8835,-44.9163],[-73.9178,-44.8642],[-73.875,-44.8652],[-73.8444,-44.8979],[-73.796,-44.8965],[-73.8297,-44.892],[-73.8653,-44.8489],[-73.8344,-44.8408],[-73.8937,-44.8348],[-73.9129,-44.8165],[-73.9074,-44.7866],[-73.8303,-44.7732],[-73.7927,-44.8042],[-73.7657,-44.8751],[-73.7648,-44.8868]]],[[[-73.7211704,-44.8388716],[-73.7249204,-44.8413316],[-73.7328104,-44.8387816],[-73.7386704,-44.8342216],[-73.7392604,-44.8299916],[-73.7318404,-44.8315016],[-73.7211704,-44.8388716]]],[[[-73.7456,-44.8221],[-73.7629,-44.8273],[-73.7513,-44.804],[-73.7446,-44.8212],[-73.7456,-44.8221]]],[[[-73.7571,-44.802],[-73.7643,-44.777],[-73.7487,-44.7993],[-73.7571,-44.802]]],[[[-73.6561,-44.5414],[-73.6081,-44.5615],[-73.6258,-44.5804],[-73.6833,-44.5562],[-73.6295,-44.5873],[-73.6322,-44.5962],[-73.6186,-44.5917],[-73.6027,-44.6049],[-73.5858,-44.5876],[-73.5969,-44.6135],[-73.59,-44.6265],[-73.617,-44.6393],[-73.6067,-44.6522],[-73.6399,-44.6666],[-73.6708,-44.7104],[-73.7167,-44.7299],[-73.6338,-44.6975],[-73.6199,-44.6721],[-73.6036,-44.6706],[-73.5639,-44.7069],[-73.5891,-44.7306],[-73.587,-44.715],[-73.6073,-44.7127],[-73.6643,-44.7455],[-73.7493,-44.7478],[-73.7657,-44.7305],[-73.755,-44.7185],[-73.7724,-44.6912],[-73.7939,-44.695],[-73.8368,-44.6515],[-73.8205,-44.6319],[-73.8543,-44.6266],[-73.8807,-44.5958],[-73.8314,-44.5876],[-73.8079,-44.6249],[-73.8146,-44.6375],[-73.8027,-44.6348],[-73.7927,-44.656],[-73.799,-44.6308],[-73.7877,-44.6285],[-73.7882,-44.6101],[-73.8059,-44.5858],[-73.8032,-44.5621],[-73.765,-44.5481],[-73.7302,-44.5517],[-73.7375,-44.5293],[-73.7191,-44.5338],[-73.728,-44.5455],[-73.6863,-44.5294],[-73.6604,-44.5378],[-73.6561,-44.5414]]],[[[-73.7645,-44.5384],[-73.7779,-44.5309],[-73.7654,-44.5272],[-73.7464,-44.5335],[-73.7515,-44.5399],[-73.7645,-44.5384]]],[[[-73.7897,-44.5203],[-73.7977,-44.5263],[-73.7959,-44.5178],[-73.7897,-44.5203]]],[[[-73.7662,-44.5253],[-73.7573,-44.5122],[-73.755,-44.5277],[-73.7662,-44.5253]]],[[[-73.7327,-44.5263],[-73.7527,-44.5149],[-73.7597,-44.4851],[-73.7353,-44.4832],[-73.6961,-44.504],[-73.6951,-44.5237],[-73.7151,-44.531],[-73.7327,-44.5263]]],[[[-73.8113,-44.5108],[-73.8318,-44.499],[-73.8211,-44.4866],[-73.7941,-44.4807],[-73.7601,-44.4962],[-73.7862,-44.5173],[-73.8091,-44.5101],[-73.8113,-44.5108]]],[[[-73.8777,-44.4383],[-73.8204,-44.4108],[-73.8105,-44.4223],[-73.8271,-44.4419],[-73.8096,-44.4314],[-73.7978,-44.4007],[-73.7842,-44.4009],[-73.7598,-44.4176],[-73.7528,-44.4518],[-73.8113,-44.4633],[-73.8657,-44.4601],[-73.8897,-44.4456],[-73.9002,-44.4543],[-73.8845,-44.4404],[-73.8899,-44.4034],[-73.8232,-44.3729],[-73.8068,-44.4007],[-73.86,-44.4156],[-73.8747,-44.4339],[-73.8777,-44.4383]]],[[[-73.7289,-44.3413],[-73.7179,-44.3298],[-73.7086,-44.3347],[-73.7165,-44.3389],[-73.697,-44.3365],[-73.7006,-44.3515],[-73.7278,-44.3454],[-73.7289,-44.3413]]],[[[-73.7629,-44.322],[-73.7753,-44.3372],[-73.766,-44.339],[-73.8021,-44.3572],[-73.8783,-44.3358],[-73.8687,-44.3212],[-73.8878,-44.3008],[-73.8446,-44.2956],[-73.8453,-44.3155],[-73.8343,-44.3167],[-73.8383,-44.2841],[-73.8062,-44.2614],[-73.7807,-44.2684],[-73.7643,-44.3192],[-73.7629,-44.322]]],[[[-73.7313,-44.3027],[-73.7261,-44.3134],[-73.7429,-44.3132],[-73.7325,-44.3018],[-73.7313,-44.3027]]],[[[-73.8095,-44.2422],[-73.8008,-44.235],[-73.8042,-44.251],[-73.8145,-44.244],[-73.8095,-44.2422]]],[[[-73.8427,-44.2363],[-73.849,-44.2149],[-73.831,-44.2104],[-73.802,-44.2322],[-73.8348,-44.2512],[-73.8458,-44.2389],[-73.8427,-44.2363]]],[[[-73.755,-44.2297],[-73.7403,-44.2158],[-73.7253,-44.224],[-73.736,-44.2384],[-73.7559,-44.2331],[-73.755,-44.2297]]],[[[-73.8074,-44.1572],[-73.8172,-44.1456],[-73.8081,-44.1468],[-73.8074,-44.1572]]],[[[-73.8053,-44.1467],[-73.7989,-44.1413],[-73.8029,-44.1491],[-73.8053,-44.1467]]],[[[-73.8276404,-44.1349516],[-73.8257204,-44.1322416],[-73.8208604,-44.1312816],[-73.8175104,-44.1337416],[-73.8167504,-44.1357816],[-73.8183604,-44.1399516],[-73.8205204,-44.1406916],[-73.8237304,-44.1389316],[-73.8304004,-44.1402516],[-73.8348604,-44.1363516],[-73.8310804,-44.1340816],[-73.8276404,-44.1349516]]],[[[-73.766,-44.0909],[-73.7814,-44.0885],[-73.7657,-44.0846],[-73.766,-44.0909]]],[[[-73.7201,-44.0471],[-73.7096,-44.0545],[-73.7228,-44.0517],[-73.7201,-44.0471]]],[[[-73.7362,-44.056],[-73.7463,-44.0358],[-73.7204,-44.0325],[-73.7324,-44.0623],[-73.7362,-44.056]]],[[[-73.8065,-44.0284],[-73.8187,-44.0396],[-73.8347,-44.0339],[-73.8192,-44.0283],[-73.8065,-44.0284]]],[[[-73.7491,-44.0183],[-73.7612,-44.0145],[-73.7474,-44.0089],[-73.7491,-44.0183]]],[[[-73.7753,-43.947],[-73.7643,-43.9522],[-73.7808,-43.9568],[-73.7803,-43.946],[-73.7753,-43.947]]],[[[-73.7939,-43.948],[-73.8513,-43.9246],[-73.8371,-43.9132],[-73.8497,-43.9101],[-73.7706,-43.903],[-73.754,-43.9149],[-73.786,-43.9481],[-73.7939,-43.948]]],[[[-73.7488,-43.9262],[-73.7356,-43.9196],[-73.7467,-43.9297],[-73.7488,-43.9262]]],[[[-73.7416,-43.862],[-73.7365,-43.899],[-73.7452,-43.89],[-73.8468,-43.9031],[-73.8532,-43.889],[-73.8888,-43.8802],[-73.8897,-43.8595],[-73.8592,-43.854],[-73.8296,-43.8653],[-73.7965,-43.8433],[-73.7817,-43.8478],[-73.794,-43.8594],[-73.7782,-43.8552],[-73.7754,-43.8197],[-73.747,-43.8516],[-73.7416,-43.862]]],[[[-73.6211,-47.9203],[-73.6224,-47.9292],[-73.6675,-47.9255],[-73.6322,-47.9375],[-73.6228,-47.9704],[-73.6779,-47.9966],[-73.677,-47.9854],[-73.6576,-47.9836],[-73.6868,-47.9819],[-73.6936,-47.965],[-73.7155,-47.9641],[-73.7373,-47.9439],[-73.6819,-47.9473],[-73.6669,-47.9413],[-73.6691,-47.9274],[-73.6872,-47.9399],[-73.7478,-47.9276],[-73.7348,-47.9187],[-73.7257,-47.868],[-73.6416,-47.8821],[-73.624,-47.9228],[-73.6211,-47.9203]]],[[[-73.6466,-47.8507],[-73.6361,-47.8469],[-73.6472,-47.8538],[-73.6466,-47.8507]]],[[[-73.6281,-47.8412],[-73.5888,-47.8341],[-73.5903,-47.8521],[-73.6191,-47.8482],[-73.6281,-47.8412]]],[[[-73.6912,-47.8384],[-73.7143,-47.8196],[-73.6666,-47.8072],[-73.6259,-47.8155],[-73.6314,-47.8073],[-73.6137,-47.7963],[-73.5873,-47.8119],[-73.6088,-47.8284],[-73.6851,-47.8395],[-73.6912,-47.8384]]],[[[-73.6574,-46.0503],[-73.6669,-46.0425],[-73.6543,-46.0362],[-73.6479,-46.0622],[-73.6586,-46.0553],[-73.6574,-46.0503]]],[[[-73.63,-45.7777],[-73.63,-45.7968],[-73.6522,-45.7959],[-73.6417,-45.772],[-73.6314,-45.7748],[-73.63,-45.7777]]],[[[-73.5435,-45.4924],[-73.5522,-45.5177],[-73.5756,-45.5203],[-73.5636,-45.5364],[-73.5766,-45.5745],[-73.5671,-45.5888],[-73.5903,-45.6018],[-73.5685,-45.6052],[-73.5578,-45.6453],[-73.5941,-45.6359],[-73.5861,-45.6289],[-73.6013,-45.6221],[-73.603,-45.6383],[-73.6245,-45.6351],[-73.6719,-45.6065],[-73.6573,-45.6295],[-73.5896,-45.6629],[-73.5792,-45.6854],[-73.5875,-45.7351],[-73.624,-45.7689],[-73.7156,-45.6885],[-73.7687,-45.6808],[-73.7822,-45.6598],[-73.777,-45.6745],[-73.7928,-45.6698],[-73.7827,-45.6234],[-73.7951,-45.605],[-73.7706,-45.6051],[-73.7785,-45.5841],[-73.7454,-45.5243],[-73.7532,-45.5186],[-73.7218,-45.4761],[-73.7075,-45.4842],[-73.6911,-45.4613],[-73.7043,-45.4593],[-73.6715,-45.4288],[-73.6298,-45.4473],[-73.5687,-45.4525],[-73.5426,-45.4876],[-73.5435,-45.4924]]],[[[-73.6562,-45.4255],[-73.6257,-45.4196],[-73.6096,-45.4247],[-73.6138,-45.4334],[-73.6605,-45.4296],[-73.6562,-45.4255]]],[[[-73.6408,-45.2534],[-73.606,-45.2457],[-73.6227,-45.2803],[-73.6489,-45.265],[-73.6391,-45.2573],[-73.6408,-45.2534]]],[[[-73.651,-45.0144],[-73.6451,-45.0259],[-73.6632,-45.0249],[-73.6655,-45.045],[-73.6897,-45.0405],[-73.707,-45.0107],[-73.7006,-45.0311],[-73.7213,-45.0324],[-73.7173,-44.9817],[-73.6763,-44.9866],[-73.6745,-45.0183],[-73.6528,-45.0157],[-73.651,-45.0144]]],[[[-73.6697,-44.9805],[-73.6837,-44.9741],[-73.678,-44.9599],[-73.6597,-44.9611],[-73.6569,-44.978],[-73.6697,-44.9805]]],[[[-73.7031,-44.9194],[-73.6916,-44.9141],[-73.6996,-44.9221],[-73.7031,-44.9194]]],[[[-73.674,-44.8948],[-73.6691,-44.9045],[-73.691,-44.9014],[-73.6784,-44.8932],[-73.674,-44.8948]]],[[[-73.6544,-44.8848],[-73.639,-44.8856],[-73.6541,-44.8877],[-73.6544,-44.8848]]],[[[-73.6371,-44.8643],[-73.6207,-44.8773],[-73.6305,-44.8871],[-73.6315,-44.8735],[-73.6592,-44.8791],[-73.6492,-44.8674],[-73.6371,-44.8643]]],[[[-73.7289,-44.8648],[-73.7356,-44.8569],[-73.6851,-44.8553],[-73.6738,-44.8705],[-73.6939,-44.8753],[-73.7061,-44.8736],[-73.705,-44.8612],[-73.7124,-44.8714],[-73.7255,-44.8644],[-73.7289,-44.8648]]],[[[-73.6676,-44.8628],[-73.6706,-44.8545],[-73.6594,-44.8597],[-73.6676,-44.8628]]],[[[-73.6063,-44.7902],[-73.5937,-44.7943],[-73.5995,-44.8333],[-73.6346,-44.8498],[-73.678,-44.8449],[-73.6784,-44.8331],[-73.7168,-44.8227],[-73.7303,-44.8064],[-73.7399,-44.7639],[-73.7265,-44.7491],[-73.6696,-44.757],[-73.6167,-44.7305],[-73.5835,-44.7434],[-73.5827,-44.7854],[-73.6063,-44.7902]]],[[[-73.624,-44.5368],[-73.6118,-44.5414],[-73.6258,-44.5392],[-73.624,-44.5368]]],[[[-73.5937,-44.5371],[-73.6284,-44.5238],[-73.669,-44.5281],[-73.6889,-44.5062],[-73.6429,-44.5056],[-73.6758,-44.502],[-73.6911,-44.4765],[-73.6657,-44.4768],[-73.6061,-44.5103],[-73.5751,-44.5085],[-73.5882,-44.5343],[-73.5937,-44.5371]]],[[[-73.6175,-44.4936],[-73.6005,-44.482],[-73.6348,-44.4804],[-73.6528,-44.4608],[-73.6409,-44.4494],[-73.651,-44.4487],[-73.6281,-44.4371],[-73.5833,-44.4602],[-73.6158,-44.4381],[-73.5978,-44.4236],[-73.5863,-44.4384],[-73.5653,-44.4366],[-73.562,-44.4586],[-73.5675,-44.4846],[-73.5981,-44.4932],[-73.6175,-44.4936]]],[[[-73.6494,-44.4052],[-73.6271,-44.3897],[-73.6162,-44.3994],[-73.6512,-44.4077],[-73.6494,-44.4052]]],[[[-73.5944803,-44.3931216],[-73.5938703,-44.3952316],[-73.5967903,-44.3976416],[-73.6091203,-44.4002216],[-73.6101003,-44.3982616],[-73.6067003,-44.3977816],[-73.6035003,-44.3945916],[-73.5944803,-44.3931216]]],[[[-73.6993,-44.3918],[-73.6423,-44.4185],[-73.6581,-44.4401],[-73.6919,-44.4385],[-73.7424,-44.414],[-73.7925,-44.3695],[-73.7382,-44.3762],[-73.7233,-44.3711],[-73.7364,-44.3649],[-73.7257,-44.3574],[-73.72,-44.3657],[-73.686,-44.3553],[-73.6448,-44.3777],[-73.6373,-44.3638],[-73.6725,-44.3575],[-73.6753,-44.345],[-73.6562,-44.338],[-73.6268,-44.3507],[-73.6252,-44.3749],[-73.6478,-44.3892],[-73.6913,-44.3919],[-73.6993,-44.3918]]],[[[-73.615,-44.3901],[-73.6153,-44.3816],[-73.6027,-44.3876],[-73.615,-44.3901]]],[[[-73.6109,-44.3342],[-73.5936,-44.3237],[-73.575,-44.3413],[-73.5937,-44.3534],[-73.5989,-44.3452],[-73.5867,-44.3431],[-73.6101,-44.3377],[-73.6109,-44.3342]]],[[[-73.6726,-44.3217],[-73.6594,-44.3143],[-73.6456,-44.331],[-73.6821,-44.3427],[-73.6966,-44.3279],[-73.6797,-44.3254],[-73.6726,-44.3217]]],[[[-73.6275,-44.2825],[-73.611,-44.29],[-73.6319,-44.2955],[-73.6333,-44.2862],[-73.6275,-44.2825]]],[[[-73.7222,-44.302],[-73.7445,-44.2749],[-73.7445,-44.2527],[-73.6959,-44.2534],[-73.6717,-44.235],[-73.6328,-44.2474],[-73.6316,-44.2615],[-73.6698,-44.2946],[-73.7162,-44.3072],[-73.7222,-44.302]]],[[[-73.6187,-44.1898],[-73.6194,-44.201],[-73.6532,-44.2108],[-73.6406,-44.1882],[-73.6255,-44.187],[-73.6187,-44.1898]]],[[[-73.6813,-44.2022],[-73.718,-44.1986],[-73.722,-44.1682],[-73.7021,-44.1582],[-73.6939,-44.1847],[-73.6658,-44.156],[-73.6732,-44.1486],[-73.6538,-44.1539],[-73.6525,-44.1989],[-73.678,-44.2064],[-73.6813,-44.2022]]],[[[-73.6264,-44.1681],[-73.6168,-44.1758],[-73.6314,-44.1734],[-73.6264,-44.1681]]],[[[-73.6989,-44.1516],[-73.6969,-44.139],[-73.6835,-44.138],[-73.6958,-44.1532],[-73.6989,-44.1516]]],[[[-73.6938003,-44.0856616],[-73.6898803,-44.0871416],[-73.6898903,-44.0909316],[-73.7028203,-44.0887516],[-73.7031503,-44.0857616],[-73.6938003,-44.0856616]]],[[[-73.7164,-44.0776],[-73.7273,-44.0665],[-73.6968,-44.0802],[-73.7145,-44.0766],[-73.7164,-44.0776]]],[[[-73.6794,-44.0809],[-73.6941,-44.0689],[-73.6756,-44.0592],[-73.6583,-44.072],[-73.673,-44.0829],[-73.6794,-44.0809]]],[[[-73.6944,-44.0589],[-73.7087,-44.061],[-73.6992,-44.055],[-73.6944,-44.0589]]],[[[-73.6288,-43.9836],[-73.5976,-44.0025],[-73.6017,-44.0168],[-73.65,-44.0331],[-73.6298,-44.0313],[-73.6177,-44.0504],[-73.5796,-44.0618],[-73.6035,-44.0846],[-73.5837,-44.0815],[-73.5754,-44.0957],[-73.615,-44.1309],[-73.6574,-44.135],[-73.6552,-44.107],[-73.6361,-44.0918],[-73.6481,-44.09],[-73.6442,-44.0727],[-73.6523,-44.0889],[-73.664,-44.0869],[-73.6573,-44.052],[-73.6873,-44.0529],[-73.7017,-44.0414],[-73.6888,-44.0455],[-73.6904,-44.0286],[-73.7103,-44.0357],[-73.7369,-43.9879],[-73.6921,-43.9338],[-73.664,-43.9624],[-73.6433,-43.9624],[-73.6336,-43.9806],[-73.6288,-43.9836]]],[[[-73.7069,-43.9434],[-73.7196,-43.944],[-73.7047,-43.9401],[-73.7069,-43.9434]]],[[[-73.6521,-43.9321],[-73.6355,-43.9295],[-73.6442,-43.9507],[-73.6562,-43.933],[-73.6521,-43.9321]]],[[[-73.7068,-43.9298],[-73.6927,-43.9208],[-73.6862,-43.9322],[-73.7,-43.9342],[-73.7068,-43.9298]]],[[[-73.6697,-43.9193],[-73.6539,-43.9222],[-73.6659,-43.924],[-73.6697,-43.9193]]],[[[-73.6564203,-43.9048816],[-73.6581703,-43.9027116],[-73.6609703,-43.9035316],[-73.6659203,-43.9002216],[-73.6613803,-43.8982316],[-73.6544803,-43.8981216],[-73.6473503,-43.9013716],[-73.6564203,-43.9048816]]],[[[-73.6629,-43.8758],[-73.6702,-43.8873],[-73.6809,-43.8787],[-73.6691,-43.8745],[-73.6629,-43.8758]]],[[[-73.5001,-48.1791],[-73.5198,-48.1762],[-73.5078,-48.1571],[-73.4847,-48.1718],[-73.4968,-48.1791],[-73.5001,-48.1791]]],[[[-73.5403826,-48.1249354],[-73.5413438,-48.1293392],[-73.5535419,-48.1170735],[-73.5527684,-48.1144807],[-73.5493921,-48.11548],[-73.5427585,-48.1160969],[-73.5418925,-48.1182534],[-73.5447003,-48.1220409],[-73.5403826,-48.1249354]]],[[[-73.5248,-48.1099],[-73.5659,-48.1014],[-73.6297,-48.0596],[-73.623,-48.0425],[-73.6012,-48.0421],[-73.5798,-48.0673],[-73.545,-48.0735],[-73.5269,-48.1078],[-73.5248,-48.1099]]],[[[-73.5702,-47.8308],[-73.5526,-47.8183],[-73.5091,-47.8351],[-73.4844,-47.8687],[-73.4915,-47.8725],[-73.5447,-47.8511],[-73.5702,-47.8308]]],[[[-73.5748,-47.8109],[-73.5893,-47.8232],[-73.58,-47.8105],[-73.5748,-47.8109]]],[[[-73.5522,-46.2178],[-73.5767,-46.2244],[-73.5858,-46.2151],[-73.5486,-46.211],[-73.5522,-46.2178]]],[[[-73.5959,-45.8045],[-73.5793,-45.7951],[-73.577,-45.8067],[-73.5942,-45.8073],[-73.5959,-45.8045]]],[[[-73.553,-45.4007],[-73.5274,-45.4136],[-73.557,-45.4139],[-73.5736,-45.4067],[-73.5597,-45.4006],[-73.553,-45.4007]]],[[[-73.5676,-45.3565],[-73.5844,-45.3559],[-73.5884,-45.3322],[-73.5569,-45.32],[-73.5058,-45.3159],[-73.4594,-45.3311],[-73.4574,-45.3408],[-73.4923,-45.3642],[-73.5354,-45.3533],[-73.5649,-45.3597],[-73.5676,-45.3565]]],[[[-73.4076,-45.3409],[-73.427,-45.3363],[-73.4047,-45.314],[-73.4256,-45.3179],[-73.4264,-45.3026],[-73.3256,-45.2997],[-73.3982,-45.3375],[-73.4076,-45.3409]]],[[[-73.4726,-45.3188],[-73.4941,-45.3119],[-73.4705,-45.3173],[-73.4726,-45.3188]]],[[[-73.543,-45.2988],[-73.5358,-45.3161],[-73.5905,-45.3024],[-73.584,-45.2945],[-73.569,-45.3053],[-73.573,-45.2726],[-73.5439,-45.2573],[-73.553,-45.2518],[-73.5426,-45.2409],[-73.4849,-45.2676],[-73.4914,-45.291],[-73.5281,-45.3083],[-73.5354,-45.3003],[-73.543,-45.2988]]],[[[-73.4605,-45.2747],[-73.4653,-45.2662],[-73.4563,-45.2709],[-73.4605,-45.2747]]],[[[-73.5511,-45.2424],[-73.568,-45.2429],[-73.558,-45.235],[-73.5489,-45.2408],[-73.5511,-45.2424]]],[[[-73.5362,-45.1922],[-73.5257,-45.1746],[-73.5134,-45.1839],[-73.5246,-45.2031],[-73.5348,-45.1951],[-73.5362,-45.1922]]],[[[-73.4605,-45.1824],[-73.461,-45.1707],[-73.4576,-45.1821],[-73.4605,-45.1824]]],[[[-73.5494,-45.1747],[-73.5303,-45.1708],[-73.5485,-45.1763],[-73.5494,-45.1747]]],[[[-73.5781,-45.1716],[-73.5884,-45.1669],[-73.5768,-45.1673],[-73.5781,-45.1716]]],[[[-73.482,-45.1671],[-73.4934,-45.1718],[-73.4857,-45.1617],[-73.482,-45.1671]]],[[[-73.5133,-45.162],[-73.5145,-45.1727],[-73.5151,-45.161],[-73.5133,-45.162]]],[[[-73.5339,-45.1409],[-73.5023,-45.1487],[-73.5215,-45.1655],[-73.5354,-45.142],[-73.5339,-45.1409]]],[[[-73.3347,-45.1333],[-73.3287,-45.1529],[-73.339,-45.1604],[-73.3989,-45.1536],[-73.4211,-45.1388],[-73.4256,-45.0948],[-73.4359,-45.1194],[-73.4409,-45.1126],[-73.4159,-45.0724],[-73.3862,-45.0683],[-73.3925,-45.0897],[-73.3684,-45.0863],[-73.3691,-45.1092],[-73.343,-45.1299],[-73.3347,-45.1333]]],[[[-73.499,-45.1091],[-73.5136,-45.1082],[-73.5019,-45.1054],[-73.499,-45.1091]]],[[[-73.5045,-45.0714],[-73.4975,-45.1023],[-73.5189,-45.0915],[-73.5245,-45.0681],[-73.5132,-45.0717],[-73.5045,-45.0714]]],[[[-73.4614,-45.092],[-73.4666,-45.0753],[-73.4509,-45.0472],[-73.4365,-45.0445],[-73.4329,-45.059],[-73.4509,-45.0745],[-73.4405,-45.0715],[-73.452,-45.0971],[-73.462,-45.0967],[-73.4614,-45.092]]],[[[-73.592,-45.0691],[-73.5871,-45.0568],[-73.5863,-45.0744],[-73.592,-45.0691]]],[[[-73.404,-45.0417],[-73.4107,-45.066],[-73.4366,-45.0852],[-73.4238,-45.0463],[-73.407,-45.0393],[-73.404,-45.0417]]],[[[-73.5078,-45.0559],[-73.5169,-45.0606],[-73.5095,-45.0528],[-73.5078,-45.0559]]],[[[-73.432,-45.0353],[-73.4189,-45.0358],[-73.4305,-45.0428],[-73.4327,-45.0332],[-73.432,-45.0353]]],[[[-73.5325,-45.0181],[-73.5118,-45.0138],[-73.5064,-45.0397],[-73.5436,-45.0295],[-73.5483,-45.0163],[-73.5366,-45.0182],[-73.5325,-45.0181]]],[[[-73.4724,-45.0281],[-73.4488,-44.9865],[-73.4367,-44.9834],[-73.4275,-45.0053],[-73.4615,-45.0409],[-73.4732,-45.0313],[-73.4724,-45.0281]]],[[[-73.4985,-45.0091],[-73.4893,-44.9964],[-73.4883,-45.0136],[-73.5002,-45.01],[-73.4985,-45.0091]]],[[[-73.4985,-44.996],[-73.4857,-44.9864],[-73.4989,-44.9947],[-73.4985,-44.996]]],[[[-73.4865,-44.9757],[-73.4969,-44.9811],[-73.4999,-44.9712],[-73.4838,-44.9695],[-73.4865,-44.9757]]],[[[-73.4969,-44.9228],[-73.4881,-44.9411],[-73.507,-44.9542],[-73.5179,-44.9328],[-73.4995,-44.9228],[-73.4969,-44.9228]]],[[[-73.5791,-44.7362],[-73.5828,-44.7257],[-73.563,-44.7168],[-73.5759,-44.732],[-73.5791,-44.7362]]],[[[-73.5953,-44.6134],[-73.5831,-44.6044],[-73.5842,-44.6172],[-73.5937,-44.6142],[-73.5953,-44.6134]]],[[[-73.362,-44.5519],[-73.3572,-44.5598],[-73.3695,-44.5592],[-73.362,-44.5519]]],[[[-73.479,-44.297],[-73.4691,-44.3029],[-73.4811,-44.2989],[-73.479,-44.297]]],[[[-73.5409,-44.2768],[-73.5375,-44.2853],[-73.5463,-44.2811],[-73.5409,-44.2768]]],[[[-73.4759,-44.2935],[-73.4961,-44.2838],[-73.4796,-44.2687],[-73.4774,-44.2925],[-73.4759,-44.2935]]],[[[-73.5108203,-44.2613516],[-73.5103903,-44.2568516],[-73.5079803,-44.2560116],[-73.5047903,-44.2576516],[-73.5054803,-44.2619016],[-73.5014003,-44.2606716],[-73.4995503,-44.2681416],[-73.5065303,-44.2669616],[-73.5108203,-44.2613516]]],[[[-73.5654,-44.2534],[-73.5643,-44.2654],[-73.568,-44.2529],[-73.5654,-44.2534]]],[[[-73.4553,-44.1521],[-73.4621,-44.1462],[-73.4527,-44.1417],[-73.4532,-44.1519],[-73.4553,-44.1521]]],[[[-73.5808,-44.1525],[-73.5864,-44.1422],[-73.5544,-44.1194],[-73.538,-44.1439],[-73.5627,-44.162],[-73.5791,-44.159],[-73.5808,-44.1525]]],[[[-73.4912,-44.1196],[-73.5057,-44.1291],[-73.4933,-44.1227],[-73.4879,-44.1329],[-73.4812,-44.1161],[-73.452,-44.1118],[-73.4444,-44.1298],[-73.4614,-44.1424],[-73.4813,-44.1378],[-73.4827,-44.1689],[-73.5157,-44.1797],[-73.5194,-44.1406],[-73.5392,-44.13],[-73.5384,-44.1078],[-73.4966,-44.1026],[-73.4815,-44.1145],[-73.4896,-44.1174],[-73.4912,-44.1196]]],[[[-73.5596,-44.0328],[-73.5352,-44.0391],[-73.5469,-44.0669],[-73.5264,-44.0762],[-73.554,-44.0866],[-73.5632,-44.0788],[-73.5535,-44.0617],[-73.581,-44.0508],[-73.5788,-44.0409],[-73.6123,-44.0399],[-73.5859,-44.0185],[-73.5577,-44.0293],[-73.5596,-44.0328]]],[[[-73.4951215,-43.7241429],[-73.486238,-43.7242057],[-73.4855317,-43.72606],[-73.4904802,-43.7294792],[-73.4942,-43.730046],[-73.4957018,-43.7271532],[-73.501251,-43.7279194],[-73.5025754,-43.7255283],[-73.498459,-43.7227058],[-73.4951215,-43.7241429]]],[[[-73.2343,-45.6656],[-73.219,-45.6617],[-73.2336,-45.6692],[-73.2343,-45.6656]]],[[[-73.3258,-45.6616],[-73.2925,-45.652],[-73.322,-45.664],[-73.3258,-45.6616]]],[[[-72.83,-45.4269],[-72.8722,-45.4628],[-72.8808,-45.4567],[-72.8394,-45.4304],[-72.83,-45.4269]]],[[[-72.8406,-45.4132],[-72.841,-45.4244],[-72.864,-45.4327],[-72.8393,-45.417],[-72.8406,-45.4132]]],[[[-72.9790502,-45.4144716],[-72.9834102,-45.4115416],[-72.9813502,-45.4096916],[-72.9691102,-45.4083016],[-72.9684002,-45.4114516],[-72.9727802,-45.4138216],[-72.9790502,-45.4144716]]],[[[-72.8185,-45.4072],[-72.8037,-45.4107],[-72.8157,-45.4116],[-72.8185,-45.4072]]],[[[-73.2746,-45.2655],[-73.2597,-45.2654],[-73.273,-45.2758],[-73.2737,-45.2666],[-73.2746,-45.2655]]],[[[-73.2429702,-45.2683316],[-73.2448802,-45.2668716],[-73.2443802,-45.2654016],[-73.2364602,-45.2627216],[-73.2352302,-45.2651816],[-73.2382902,-45.2702416],[-73.2501102,-45.2725516],[-73.2496402,-45.2703216],[-73.2429702,-45.2683316]]],[[[-73.3228,-44.9381],[-73.3418,-44.9323],[-73.3275,-44.9298],[-73.3228,-44.9381]]],[[[-72.8991,-44.447],[-72.963,-44.5176],[-72.9575,-44.5259],[-72.9837,-44.5752],[-72.9537,-44.5211],[-72.9351,-44.5206],[-72.941,-44.5138],[-72.8679,-44.4273],[-72.817,-44.4513],[-72.7806,-44.4591],[-72.7798,-44.4468],[-72.7648,-44.4744],[-72.734,-44.4829],[-72.7296,-44.5047],[-72.6858,-44.5303],[-72.7095,-44.5683],[-72.7283,-44.5731],[-72.8047,-44.6471],[-72.9018,-44.6304],[-72.8977,-44.6149],[-72.9231,-44.6049],[-72.9392,-44.6134],[-72.9436,-44.5958],[-72.967,-44.584],[-72.9565,-44.5949],[-72.9604,-44.6289],[-72.9268,-44.6301],[-72.8765,-44.6641],[-72.7941,-44.6692],[-72.7931,-44.6922],[-72.8204,-44.7343],[-72.9539,-44.7893],[-72.9645,-44.8159],[-73.011,-44.8399],[-73.0571,-44.8861],[-73.209,-44.9367],[-73.2636,-44.9304],[-73.2863,-44.8963],[-73.2893,-44.9194],[-73.3094,-44.885],[-73.3771,-44.8471],[-73.3907,-44.8154],[-73.3262,-44.8218],[-73.2767,-44.7911],[-73.2487,-44.8113],[-73.1594,-44.8105],[-73.175,-44.7952],[-73.1935,-44.8069],[-73.2165,-44.7873],[-73.2367,-44.7922],[-73.2633,-44.7792],[-73.2587,-44.7428],[-73.283,-44.7747],[-73.3076,-44.775],[-73.331,-44.7999],[-73.3637,-44.7995],[-73.3861,-44.7807],[-73.39,-44.7584],[-73.3511,-44.7364],[-73.3891,-44.7513],[-73.4282,-44.7343],[-73.4301,-44.6514],[-73.4454,-44.6589],[-73.453,-44.6458],[-73.3879,-44.5674],[-73.3958,-44.5975],[-73.3812,-44.5822],[-73.3505,-44.586],[-73.3762,-44.598],[-73.3503,-44.6044],[-73.3548,-44.6326],[-73.3411,-44.6099],[-73.3078,-44.6021],[-73.2929,-44.6162],[-73.2591,-44.6147],[-73.2385,-44.6376],[-73.2102,-44.6351],[-73.2338,-44.6033],[-73.2821,-44.5867],[-73.263,-44.582],[-73.2785,-44.5421],[-73.2684,-44.5411],[-73.264,-44.5585],[-73.2449,-44.5371],[-73.1819,-44.5525],[-73.1257,-44.5854],[-73.1153,-44.5734],[-73.1304,-44.5597],[-73.1216,-44.5474],[-73.1708,-44.5276],[-73.223,-44.5237],[-73.2468,-44.5025],[-73.2578,-44.4695],[-73.2334,-44.4229],[-73.1585,-44.4005],[-73.1309,-44.4541],[-73.1336,-44.4271],[-73.1207,-44.418],[-73.1188,-44.4466],[-73.0983,-44.4593],[-73.1176,-44.4175],[-73.0936,-44.4302],[-73.0906,-44.4162],[-73.0724,-44.4151],[-73.0679,-44.4365],[-73.0551,-44.4251],[-73.0351,-44.4823],[-73.0028,-44.496],[-73.0334,-44.453],[-73.0366,-44.4174],[-73.0826,-44.4144],[-73.098,-44.3921],[-73.0892,-44.3741],[-73.0352,-44.3853],[-72.9743,-44.3646],[-72.9588,-44.3733],[-72.9402,-44.4247],[-72.9282,-44.4302],[-72.9405,-44.3992],[-72.9293,-44.4028],[-72.9038,-44.4249],[-72.9098,-44.4463],[-72.9001,-44.4461],[-72.8991,-44.447]]],[[[-73.2996,-44.5784],[-73.2781,-44.5731],[-73.2948,-44.5855],[-73.3018,-44.5797],[-73.2996,-44.5784]]],[[[-73.134,-44.5734],[-73.1447,-44.5625],[-73.1335,-44.5535],[-73.1349,-44.5715],[-73.134,-44.5734]]],[[[-73.3037,-44.5727],[-73.3101,-44.5546],[-73.299,-44.5541],[-73.3015,-44.5686],[-73.3037,-44.5727]]],[[[-73.3169,-44.5295],[-73.3349,-44.5425],[-73.3151,-44.5454],[-73.3202,-44.5787],[-73.3575,-44.5717],[-73.3486,-44.5574],[-73.3673,-44.5403],[-73.3558,-44.523],[-73.3357,-44.5105],[-73.3111,-44.5201],[-73.3185,-44.5277],[-73.3169,-44.5295]]],[[[-73.3039,-44.543],[-73.3017,-44.5313],[-73.2999,-44.5422],[-73.3039,-44.543]]],[[[-73.2732,-44.4238],[-73.2638,-44.4189],[-73.2766,-44.4344],[-73.2755,-44.4211],[-73.2732,-44.4238]]],[[[-73.2958,-44.4167],[-73.288,-44.4068],[-73.278,-44.4165],[-73.2961,-44.4205],[-73.2958,-44.4167]]],[[[-72.8159,-44.4084],[-72.8065,-44.4191],[-72.8408,-44.4072],[-72.8221,-44.3975],[-72.815,-44.4052],[-72.8159,-44.4084]]],[[[-73.1103,-44.4056],[-73.1228,-44.3957],[-73.1079,-44.4021],[-73.1103,-44.4056]]],[[[-73.28,-44.4014],[-73.2736,-44.4098],[-73.2975,-44.4008],[-73.306,-44.3869],[-73.2827,-44.4024],[-73.28,-44.4014]]],[[[-73.1767,-44.3537],[-73.1515,-44.3807],[-73.1918,-44.3921],[-73.1749,-44.3779],[-73.1957,-44.379],[-73.2645,-44.397],[-73.2932,-44.3689],[-73.2873,-44.34],[-73.2422,-44.3097],[-73.2255,-44.3144],[-73.2193,-44.3326],[-73.2078,-44.3185],[-73.1889,-44.3242],[-73.1779,-44.3496],[-73.1767,-44.3537]]],[[[-72.9196402,-44.3494816],[-72.9173702,-44.3513216],[-72.9202202,-44.3574616],[-72.9237302,-44.3545016],[-72.9242902,-44.3510316],[-72.9290302,-44.3481316],[-72.9209902,-44.3434916],[-72.9188102,-44.3450416],[-72.9165502,-44.3460816],[-72.9196402,-44.3494816]]],[[[-73.0149,-44.3601],[-73.0632,-44.364],[-73.0863,-44.3474],[-73.105,-44.3582],[-73.1111,-44.3681],[-73.1015,-44.3587],[-73.0977,-44.3706],[-73.1088,-44.3824],[-73.1217,-44.3679],[-73.1305,-44.3396],[-73.1124,-44.3307],[-73.0771,-44.3433],[-73.0818,-44.322],[-73.0506,-44.3101],[-72.9918,-44.3204],[-72.98,-44.3545],[-73.0025,-44.3482],[-73.0058,-44.3604],[-73.0149,-44.3601]]],[[[-73.1376,-44.3296],[-73.1466,-44.3199],[-73.1402,-44.3359],[-73.1505,-44.3345],[-73.1642,-44.3026],[-73.1469,-44.3176],[-73.1473,-44.2998],[-73.0905,-44.3115],[-73.1014,-44.329],[-73.1098,-44.3193],[-73.1301,-44.3266],[-73.1376,-44.3296]]],[[[-73.2892,-44.3176],[-73.277,-44.3023],[-73.2694,-44.3111],[-73.2909,-44.3228],[-73.2892,-44.3176]]],[[[-73.146,-44.2701],[-73.1244,-44.2802],[-73.1482,-44.2699],[-73.146,-44.2701]]],[[[-73.2219,-44.2773],[-73.223,-44.2636],[-73.2117,-44.2682],[-73.2157,-44.2808],[-73.2219,-44.2773]]],[[[-73.2025,-44.2576],[-73.1982,-44.2669],[-73.2114,-44.2674],[-73.2154,-44.2561],[-73.2025,-44.2576]]],[[[-73.203,-44.2399],[-73.1962,-44.2563],[-73.2062,-44.2557],[-73.2168,-44.2447],[-73.2044,-44.2391],[-73.203,-44.2399]]],[[[-73.2208,-44.2207],[-73.2079,-44.2317],[-73.2337,-44.2347],[-73.2339,-44.2148],[-73.2238,-44.2179],[-73.2208,-44.2207]]],[[[-73.1937,-44.23],[-73.1986,-44.2209],[-73.1882,-44.2237],[-73.1937,-44.23]]],[[[-73.2384,-44.0746],[-73.2682,-44.0829],[-73.2678,-44.0718],[-73.2421,-44.0715],[-73.2384,-44.0746]]],[[[-73.2591,-44.0233],[-73.2567,-44.0343],[-73.2787,-44.0244],[-73.2729,-44.0071],[-73.2496,-44.0113],[-73.2254,-44.0418],[-73.2378,-44.0494],[-73.2587,-44.0204],[-73.2591,-44.0233]]],[[[-73.1297,-44.0203],[-73.136,-44.0145],[-73.1241,-44.0108],[-73.1297,-44.0203]]],[[[-73.2576,-43.9989],[-73.2663,-44.0052],[-73.2611,-43.9942],[-73.2576,-43.9989]]],[[[-73.1365,-43.9852],[-73.1458,-44.0327],[-73.1742,-44.0178],[-73.1975,-44.037],[-73.2085,-44.0256],[-73.1865,-44.019],[-73.2169,-44.0224],[-73.2642,-43.9666],[-73.2412,-43.911],[-73.144,-43.8784],[-73.1153,-43.9016],[-73.1176,-43.9473],[-73.136,-43.9761],[-73.1365,-43.9852]]],[[[-72.9731,-43.7674],[-72.9552,-43.762],[-72.9487,-43.7967],[-72.9275,-43.8003],[-72.9396,-43.8086],[-72.923,-43.8054],[-72.9526,-43.8237],[-72.9687,-43.7839],[-72.9731,-43.7674]]]]}},{"type":"Feature","properties":{"codigo_region":"12","region":"Región de Magallanes y Antártica Chilena","area_km2":133053.1423},"geometry":{"type":"MultiPolygon","coordinates":[[[[-75.3078852,-50.5769347],[-75.3125425,-50.5745395],[-75.3068445,-50.5725632],[-75.3058976,-50.5701138],[-75.3036546,-50.5705312],[-75.2946919,-50.5724018],[-75.2937494,-50.5749079],[-75.3012151,-50.5770213],[-75.3002322,-50.5745432],[-75.3049838,-50.5748444],[-75.3078852,-50.5769347]]],[[[-75.3139,-50.5619],[-75.2992,-50.5631],[-75.3163,-50.5691],[-75.3139,-50.5619]]],[[[-75.3973,-50.4113],[-75.3676,-50.4279],[-75.396,-50.4317],[-75.3985,-50.413],[-75.3973,-50.4113]]],[[[-75.3679,-50.4162],[-75.3459,-50.4117],[-75.3681,-50.4179],[-75.3679,-50.4162]]],[[[-75.437,-50.4215],[-75.4598,-50.4317],[-75.4842,-50.41],[-75.4084,-50.3812],[-75.381,-50.3401],[-75.3614,-50.3594],[-75.4025,-50.3865],[-75.408,-50.4103],[-75.4329,-50.4211],[-75.437,-50.4215]]],[[[-75.3818,-50.4143],[-75.3926,-50.4022],[-75.3445,-50.3575],[-75.3131,-50.3738],[-75.3422,-50.4049],[-75.3784,-50.4121],[-75.3818,-50.4143]]],[[[-75.3958,-49.7653],[-75.3772,-49.7677],[-75.3878,-49.8058],[-75.4149,-49.7921],[-75.4004,-49.7718],[-75.3958,-49.7653]]],[[[-75.4191,-49.7838],[-75.4268,-49.7763],[-75.4161,-49.7733],[-75.419,-49.7838],[-75.4191,-49.7838]]],[[[-75.444,-49.6033],[-75.4374,-49.5957],[-75.466,-49.5906],[-75.4446,-49.5686],[-75.4324,-49.5875],[-75.4156,-49.5829],[-75.3907,-49.61],[-75.3896,-49.5963],[-75.377,-49.5961],[-75.3567,-49.619],[-75.3706,-49.5996],[-75.3642,-49.5788],[-75.3529,-49.571],[-75.3258,-49.5916],[-75.1986,-49.7804],[-75.1978,-49.7983],[-75.1563,-49.8387],[-75.1648,-49.8599],[-75.1435,-49.8785],[-75.149,-49.8909],[-75.1714,-49.8937],[-75.1597,-49.8811],[-75.1723,-49.8734],[-75.2168,-49.873],[-75.2293,-49.8394],[-75.2714,-49.8247],[-75.2784,-49.8101],[-75.278,-49.8266],[-75.2448,-49.8526],[-75.2422,-49.8818],[-75.2906,-49.8831],[-75.3506,-49.8538],[-75.3405,-49.8458],[-75.3802,-49.8218],[-75.3799,-49.798],[-75.3564,-49.7824],[-75.3514,-49.7574],[-75.3202,-49.7612],[-75.3548,-49.7528],[-75.354,-49.6878],[-75.3573,-49.7171],[-75.3732,-49.7151],[-75.3794,-49.7476],[-75.4482,-49.7614],[-75.4696,-49.784],[-75.5047,-49.785],[-75.5473,-49.81],[-75.5575,-49.8214],[-75.5479,-49.8306],[-75.5926,-49.8477],[-75.616,-49.8537],[-75.6199,-49.8361],[-75.6021,-49.8197],[-75.6231,-49.807],[-75.6093,-49.8028],[-75.6377,-49.7733],[-75.6338,-49.7622],[-75.6014,-49.7546],[-75.5995,-49.7389],[-75.54,-49.7412],[-75.5163,-49.7286],[-75.5124,-49.713],[-75.5282,-49.6973],[-75.5794,-49.6976],[-75.5784,-49.6461],[-75.6087,-49.6406],[-75.5998,-49.6233],[-75.5875,-49.6301],[-75.5681,-49.6052],[-75.5446,-49.5981],[-75.561,-49.5953],[-75.5336,-49.5945],[-75.5218,-49.5811],[-75.5067,-49.597],[-75.494,-49.5855],[-75.5037,-49.5574],[-75.4834,-49.5663],[-75.4884,-49.5779],[-75.4711,-49.5762],[-75.4543,-49.6102],[-75.4451,-49.5993],[-75.444,-49.6033]]],[[[-75.3782,-49.5804],[-75.3747,-49.5909],[-75.3993,-49.5819],[-75.3868,-49.5809],[-75.3782,-49.5804]]],[[[-75.3825,-49.5768],[-75.4016,-49.5738],[-75.3802,-49.5669],[-75.3751,-49.579],[-75.387,-49.5795],[-75.3825,-49.5768]]],[[[-75.4492,-49.5685],[-75.4699,-49.5713],[-75.4495,-49.5656],[-75.4492,-49.5685]]],[[[-75.3109,-49.5519],[-75.3257,-49.5506],[-75.3115,-49.5359],[-75.3003,-49.5521],[-75.294,-49.5445],[-75.2577,-49.5555],[-75.3109,-49.5893],[-75.3322,-49.5642],[-75.3243,-49.5557],[-75.3109,-49.5519]]],[[[-75.3303,-49.5513],[-75.3382,-49.5591],[-75.3459,-49.5497],[-75.3246,-49.5417],[-75.3303,-49.5513]]],[[[-75.4373,-49.5543],[-75.4276,-49.5298],[-75.3921,-49.5451],[-75.4034,-49.5318],[-75.388,-49.5279],[-75.3814,-49.5568],[-75.4348,-49.5556],[-75.4373,-49.5543]]],[[[-75.3532,-49.5345],[-75.3301,-49.5293],[-75.3514,-49.538],[-75.3532,-49.5345]]],[[[-75.4212,-49.5017],[-75.4248,-49.4886],[-75.4136,-49.4931],[-75.4094,-49.5275],[-75.4264,-49.5214],[-75.4244,-49.5022],[-75.4212,-49.5017]]],[[[-75.3349,-49.5221],[-75.3595,-49.5235],[-75.3753,-49.5005],[-75.3516,-49.5067],[-75.3561,-49.4874],[-75.3386,-49.4881],[-75.3586,-49.4805],[-75.3519,-49.4725],[-75.3416,-49.4692],[-75.331,-49.4872],[-75.3229,-49.5081],[-75.3314,-49.5099],[-75.3197,-49.5168],[-75.3321,-49.5199],[-75.3349,-49.5221]]],[[[-75.3758,-49.4934],[-75.3573,-49.4867],[-75.3675,-49.497],[-75.3758,-49.4934]]],[[[-75.4338,-49.4578],[-75.4324,-49.5117],[-75.4517,-49.5246],[-75.4631,-49.5145],[-75.449,-49.5093],[-75.5032,-49.4956],[-75.4989,-49.4832],[-75.5344,-49.4632],[-75.5428,-49.4421],[-75.5223,-49.4296],[-75.4964,-49.4515],[-75.487,-49.4503],[-75.4955,-49.4301],[-75.4744,-49.4373],[-75.4708,-49.4553],[-75.4551,-49.4538],[-75.4613,-49.4637],[-75.4443,-49.4477],[-75.4376,-49.46],[-75.4338,-49.4578]]],[[[-75.4462,-49.4429],[-75.4551,-49.4536],[-75.4499,-49.439],[-75.4462,-49.4429]]],[[[-75.4939,-49.4042],[-75.4656,-49.399],[-75.4651,-49.4292],[-75.5016,-49.4263],[-75.5048,-49.409],[-75.5396,-49.4191],[-75.5489,-49.4045],[-75.5135,-49.372],[-75.4956,-49.3993],[-75.4939,-49.4042]]],[[[-75.4757,-49.3872],[-75.4762,-49.3965],[-75.483,-49.3903],[-75.4757,-49.3872]]],[[[-75.2959,-49.2161],[-75.3171,-49.2158],[-75.3086,-49.2101],[-75.2913,-49.2138],[-75.2959,-49.2161]]],[[[-75.4336,-49.2104],[-75.4324,-49.1993],[-75.4307,-49.2093],[-75.4336,-49.2104]]],[[[-75.4173,-49.185],[-75.397,-49.1789],[-75.3932,-49.1936],[-75.4153,-49.2176],[-75.4245,-49.2123],[-75.4159,-49.1886],[-75.4173,-49.185]]],[[[-75.6682,-49.2005],[-75.6906,-49.1931],[-75.6713,-49.1848],[-75.6714,-49.1988],[-75.6682,-49.2005]]],[[[-75.6802,-49.1816],[-75.6607,-49.1834],[-75.6758,-49.1793],[-75.6802,-49.1816]]],[[[-75.3941,-49.1656],[-75.3745,-49.1773],[-75.3962,-49.182],[-75.3956,-49.1686],[-75.4098,-49.1657],[-75.3997,-49.1619],[-75.3941,-49.1656]]],[[[-75.6796,-49.1499],[-75.6432,-49.1602],[-75.6309,-49.155],[-75.6373,-49.1407],[-75.6184,-49.1443],[-75.6194,-49.1592],[-75.6602,-49.173],[-75.6805,-49.1645],[-75.6791,-49.1537],[-75.6796,-49.1499]]],[[[-75.3242,-49.1337],[-75.3119,-49.1385],[-75.3318,-49.152],[-75.3278,-49.1419],[-75.3242,-49.1337]]],[[[-75.6465,-49.0906],[-75.6118,-49.0898],[-75.6203,-49.0972],[-75.6091,-49.1135],[-75.6263,-49.129],[-75.6377,-49.1239],[-75.6445,-49.0919],[-75.6465,-49.0906]]],[[[-75.5964,-49.0881],[-75.5859,-49.1006],[-75.6017,-49.1235],[-75.6088,-49.1045],[-75.5936,-49.0886],[-75.5964,-49.0881]]],[[[-75.5753,-49.087],[-75.5689,-49.077],[-75.5524,-49.0856],[-75.5447,-49.0733],[-75.5388,-49.0837],[-75.5594,-49.0893],[-75.564,-49.105],[-75.5734,-49.0874],[-75.5753,-49.087]]],[[[-75.3263,-49.0257],[-75.278,-49.0041],[-75.2585,-49.0545],[-75.2374,-49.0731],[-75.3025,-49.1268],[-75.3208,-49.1273],[-75.3052,-49.0887],[-75.3363,-49.1185],[-75.3427,-49.1554],[-75.3742,-49.1761],[-75.3899,-49.1611],[-75.3751,-49.144],[-75.3828,-49.1343],[-75.36,-49.0962],[-75.3275,-49.093],[-75.3487,-49.0942],[-75.3382,-49.0724],[-75.3837,-49.1205],[-75.3936,-49.1569],[-75.3928,-49.1426],[-75.4146,-49.1636],[-75.4526,-49.1401],[-75.4174,-49.1688],[-75.4443,-49.203],[-75.4254,-49.2177],[-75.4531,-49.2391],[-75.4781,-49.2428],[-75.5665,-49.2131],[-75.5927,-49.2242],[-75.6116,-49.193],[-75.6294,-49.1922],[-75.6224,-49.1649],[-75.6042,-49.1611],[-75.5671,-49.1967],[-75.5957,-49.1661],[-75.5878,-49.1334],[-75.553,-49.0964],[-75.5042,-49.0743],[-75.4909,-49.0757],[-75.5007,-49.0931],[-75.5505,-49.153],[-75.4971,-49.1006],[-75.4364,-49.1087],[-75.4955,-49.0954],[-75.4301,-49.0532],[-75.4134,-49.0715],[-75.422,-49.0488],[-75.3532,-49.0264],[-75.405,-49.0389],[-75.4194,-49.0304],[-75.3403,-48.9544],[-75.2816,-48.9333],[-75.2731,-48.9679],[-75.2694,-48.9969],[-75.3016,-48.9986],[-75.3387,-49.0192],[-75.3284,-49.023],[-75.3263,-49.0257]]],[[[-75.5695,-49.0692],[-75.5603,-49.0605],[-75.5533,-49.0769],[-75.567,-49.0706],[-75.5695,-49.0692]]],[[[-75.6387,-49.0314],[-75.6273,-49.0219],[-75.6298,-49.0386],[-75.606,-49.0541],[-75.6217,-49.0598],[-75.6465,-49.0506],[-75.6421,-49.0309],[-75.6387,-49.0314]]],[[[-75.4826,-49.0242],[-75.4572,-49.0451],[-75.4826,-49.0692],[-75.483,-49.0542],[-75.5209,-49.0723],[-75.5414,-49.0517],[-75.6051,-49.0495],[-75.6044,-49.0296],[-75.6198,-49.0337],[-75.621,-49.0132],[-75.6813,-49.0204],[-75.6886,-49.0031],[-75.6613,-48.9887],[-75.6686,-48.9813],[-75.6209,-48.9727],[-75.5314,-49.006],[-75.5051,-49.0031],[-75.4843,-49.0223],[-75.4826,-49.0242]]],[[[-75.5648,-48.9755],[-75.5856,-48.9574],[-75.5484,-48.9772],[-75.5621,-48.9778],[-75.5648,-48.9755]]],[[[-75.5665,-48.9483],[-75.542,-48.9605],[-75.5652,-48.9507],[-75.5665,-48.9483]]],[[[-75.5924,-48.9491],[-75.5737,-48.9458],[-75.5719,-48.9557],[-75.5914,-48.9524],[-75.5924,-48.9491]]],[[[-75.4437,-48.8414],[-75.5082,-48.8822],[-75.4527,-48.8708],[-75.4145,-48.8306],[-75.4012,-48.842],[-75.395,-48.8179],[-75.3407,-48.7945],[-75.3376,-48.8107],[-75.3972,-48.8753],[-75.3443,-48.8261],[-75.3279,-48.8525],[-75.3599,-48.8847],[-75.3213,-48.8659],[-75.2859,-48.9087],[-75.3178,-48.8669],[-75.3258,-48.821],[-75.3376,-48.8251],[-75.3295,-48.8082],[-75.227,-48.8418],[-75.2106,-48.8701],[-75.2199,-48.8814],[-75.1769,-48.9551],[-75.1839,-48.9809],[-75.2029,-48.9852],[-75.1542,-48.9825],[-75.1442,-49.0023],[-75.1526,-49.0137],[-75.1831,-49.023],[-75.1704,-49.0283],[-75.2109,-49.0587],[-75.22,-49.0598],[-75.2085,-49.0466],[-75.2158,-49.0415],[-75.2292,-49.0651],[-75.2471,-49.05],[-75.2587,-49.0152],[-75.2502,-48.9874],[-75.2743,-48.9391],[-75.2548,-48.9032],[-75.3261,-48.9423],[-75.3204,-48.9104],[-75.343,-48.9463],[-75.4491,-49.0371],[-75.4904,-48.9966],[-75.5331,-48.986],[-75.5149,-48.9771],[-75.5296,-48.9836],[-75.5446,-48.9719],[-75.5258,-48.9616],[-75.4858,-48.9668],[-75.4943,-48.9608],[-75.446,-48.9384],[-75.4539,-48.959],[-75.4218,-48.9279],[-75.4509,-48.9341],[-75.4353,-48.9079],[-75.46,-48.9071],[-75.4455,-48.9098],[-75.4547,-48.9283],[-75.5059,-48.9595],[-75.5349,-48.9431],[-75.6033,-48.9362],[-75.6129,-48.9221],[-75.6308,-48.9309],[-75.6129,-48.9112],[-75.6319,-48.8486],[-75.5998,-48.8516],[-75.5541,-48.8027],[-75.5425,-48.8047],[-75.5221,-48.8469],[-75.5378,-48.8041],[-75.4976,-48.8169],[-75.517,-48.7874],[-75.4946,-48.7814],[-75.4677,-48.8059],[-75.3906,-48.8023],[-75.4584,-48.8554],[-75.4437,-48.8414]]],[[[-75.645,-48.9258],[-75.6552,-48.9244],[-75.6449,-48.9193],[-75.6524,-48.9113],[-75.6376,-48.9174],[-75.645,-48.9238],[-75.645,-48.9258]]],[[[-75.6565,-48.9036],[-75.6442,-48.8979],[-75.6368,-48.9072],[-75.6484,-48.9065],[-75.6565,-48.9036]]],[[[-75.5393,-48.795],[-75.5246,-48.7888],[-75.5148,-48.8055],[-75.5346,-48.7963],[-75.5393,-48.795]]],[[[-75.3348,-48.7802],[-75.2871,-48.7588],[-75.2488,-48.83],[-75.3273,-48.7813],[-75.3348,-48.7802]]],[[[-75.4688,-48.7801],[-75.3605,-48.7322],[-75.3011,-48.7342],[-75.3806,-48.7824],[-75.4538,-48.7914],[-75.4689,-48.7835],[-75.4688,-48.7801]]],[[[-75.0474239,-52.0896604],[-75.0475441,-52.088452],[-75.0428878,-52.0862284],[-75.0399363,-52.0864049],[-75.0375848,-52.0891303],[-75.0329426,-52.0896408],[-75.035619,-52.0897379],[-75.0359546,-52.0918251],[-75.0391204,-52.0933303],[-75.0497498,-52.0896134],[-75.0474239,-52.0896604]]],[[[-75.124,-51.9131],[-75.1356,-51.9122],[-75.1233,-51.9088],[-75.124,-51.9131]]],[[[-75.1025,-51.5161],[-75.0834,-51.5009],[-75.0784,-51.5224],[-75.0981,-51.5198],[-75.1025,-51.5161]]],[[[-75.0414,-51.4506],[-75.061,-51.4438],[-75.0476,-51.4437],[-75.0414,-51.4506]]],[[[-75.1191,-51.3409],[-75.1403,-51.3852],[-75.1238,-51.3793],[-75.1105,-51.3316],[-75.0881,-51.328],[-75.0969,-51.322],[-75.0866,-51.2973],[-75.0694,-51.2954],[-75.0562,-51.3062],[-75.0606,-51.3207],[-74.979,-51.3221],[-74.9921,-51.3423],[-74.9765,-51.3625],[-74.9925,-51.3782],[-74.9975,-51.3633],[-75.026,-51.3562],[-74.9976,-51.3809],[-75.0093,-51.4082],[-75.0368,-51.3903],[-75.0367,-51.3699],[-75.0735,-51.362],[-75.0387,-51.4086],[-75.0592,-51.42],[-75.0574,-51.4004],[-75.0778,-51.3954],[-75.068,-51.401],[-75.0799,-51.4065],[-75.0722,-51.4198],[-75.0854,-51.4443],[-75.1102,-51.4302],[-75.0923,-51.4473],[-75.1207,-51.4525],[-75.0896,-51.4805],[-75.1184,-51.4737],[-75.1154,-51.4629],[-75.1353,-51.4512],[-75.124,-51.4488],[-75.138,-51.4426],[-75.1243,-51.4357],[-75.1508,-51.4088],[-75.1434,-51.4474],[-75.1527,-51.4594],[-75.142,-51.4594],[-75.1312,-51.5145],[-75.1433,-51.5206],[-75.1355,-51.5335],[-75.1475,-51.5675],[-75.171,-51.5676],[-75.1581,-51.5769],[-75.1649,-51.5946],[-75.1898,-51.5903],[-75.1778,-51.5899],[-75.1836,-51.5836],[-75.222,-51.557],[-75.182,-51.6092],[-75.2001,-51.611],[-75.1948,-51.6202],[-75.2123,-51.6285],[-75.262,-51.6141],[-75.3131,-51.6438],[-75.3256,-51.6272],[-75.3122,-51.6119],[-75.3491,-51.5877],[-75.3179,-51.5696],[-75.342,-51.5541],[-75.3273,-51.5504],[-75.3321,-51.5298],[-75.2982,-51.5306],[-75.293,-51.5092],[-75.2688,-51.5214],[-75.2429,-51.4964],[-75.1959,-51.4861],[-75.2185,-51.4694],[-75.2099,-51.4581],[-75.2348,-51.4435],[-75.2184,-51.4446],[-75.2297,-51.4355],[-75.2074,-51.4231],[-75.2208,-51.4014],[-75.2014,-51.3989],[-75.1917,-51.3785],[-75.1486,-51.39],[-75.1613,-51.365],[-75.1833,-51.3756],[-75.2047,-51.3564],[-75.1991,-51.3424],[-75.2221,-51.338],[-75.1892,-51.3154],[-75.1999,-51.3084],[-75.1744,-51.2903],[-75.1571,-51.304],[-75.1504,-51.2777],[-75.1586,-51.2762],[-75.1321,-51.2705],[-75.1121,-51.2488],[-75.0989,-51.285],[-75.1189,-51.3381],[-75.1191,-51.3409]]],[[[-75.0831,-51.2314],[-75.0864,-51.258],[-75.095,-51.2449],[-75.086,-51.2317],[-75.0831,-51.2314]]],[[[-75.117,-51.1442],[-75.104,-51.1353],[-75.0763,-51.1423],[-75.1034,-51.1622],[-75.0962,-51.1504],[-75.1113,-51.1438],[-75.117,-51.1442]]],[[[-75.2355,-50.7292],[-75.2354,-50.7409],[-75.2519,-50.7338],[-75.2372,-50.7306],[-75.2355,-50.7292]]],[[[-75.0778,-50.6681],[-75.0565,-50.6612],[-75.0777,-50.6716],[-75.0778,-50.6681]]],[[[-75.0624,-50.6538],[-75.0803,-50.6563],[-75.0596,-50.6509],[-75.0624,-50.6538]]],[[[-75.0527,-50.6453],[-75.0836,-50.6446],[-75.0515,-50.6411],[-75.0527,-50.6453]]],[[[-75.2655,-50.6477],[-75.3088,-50.6395],[-75.2997,-50.6546],[-75.2297,-50.6548],[-75.2392,-50.6597],[-75.2157,-50.6688],[-75.2354,-50.6817],[-75.2363,-50.6711],[-75.2391,-50.689],[-75.2798,-50.6927],[-75.2317,-50.7093],[-75.3161,-50.7101],[-75.2454,-50.7265],[-75.2681,-50.7302],[-75.2551,-50.7363],[-75.2624,-50.7474],[-75.2362,-50.7515],[-75.2634,-50.7571],[-75.2419,-50.7643],[-75.2672,-50.7957],[-75.3268,-50.8113],[-75.3365,-50.8075],[-75.3061,-50.7786],[-75.3142,-50.7496],[-75.3207,-50.7838],[-75.3777,-50.7914],[-75.4273,-50.7632],[-75.4273,-50.7387],[-75.3946,-50.7365],[-75.453,-50.7376],[-75.4452,-50.7212],[-75.4602,-50.7091],[-75.4008,-50.6885],[-75.3583,-50.7009],[-75.3407,-50.6873],[-75.3639,-50.6982],[-75.3875,-50.6729],[-75.4341,-50.6798],[-75.5069,-50.6681],[-75.4852,-50.6437],[-75.4388,-50.6519],[-75.398,-50.6434],[-75.4454,-50.6421],[-75.446,-50.623],[-75.4627,-50.6141],[-75.4244,-50.5925],[-75.3423,-50.63],[-75.396,-50.5971],[-75.3679,-50.5892],[-75.3205,-50.5995],[-75.373,-50.583],[-75.3778,-50.5681],[-75.4143,-50.5627],[-75.4369,-50.5413],[-75.4252,-50.5324],[-75.4391,-50.5315],[-75.4337,-50.5236],[-75.4732,-50.5065],[-75.4719,-50.4943],[-75.4377,-50.4839],[-75.3993,-50.4944],[-75.4316,-50.4771],[-75.4017,-50.4627],[-75.3409,-50.4722],[-75.3355,-50.513],[-75.3323,-50.4746],[-75.27,-50.4846],[-75.2992,-50.5298],[-75.2508,-50.4872],[-75.2069,-50.5059],[-75.1999,-50.4957],[-75.1486,-50.4939],[-75.0608,-50.5061],[-75.1314,-50.5554],[-75.1544,-50.5577],[-75.1718,-50.5375],[-75.152,-50.5687],[-75.1891,-50.5703],[-75.2176,-50.5531],[-75.1669,-50.5903],[-75.1983,-50.6117],[-75.2122,-50.5913],[-75.2018,-50.6101],[-75.2102,-50.6177],[-75.2793,-50.578],[-75.2798,-50.5575],[-75.2615,-50.5439],[-75.2846,-50.5595],[-75.3191,-50.5506],[-75.3232,-50.5733],[-75.2887,-50.5818],[-75.2633,-50.614],[-75.2319,-50.6227],[-75.2259,-50.636],[-75.2512,-50.6452],[-75.2655,-50.6477]]],[[[-75.0999,-50.4769],[-75.0834,-50.4835],[-75.0994,-50.4857],[-75.1159,-50.4801],[-75.1038,-50.4764],[-75.0999,-50.4769]]],[[[-75.2071,-50.4814],[-75.2135,-50.4753],[-75.2022,-50.4785],[-75.2071,-50.4814]]],[[[-75.0899,-50.462],[-75.0881,-50.4729],[-75.1257,-50.4685],[-75.0891,-50.4609],[-75.0899,-50.462]]],[[[-75.2134,-50.4647],[-75.2296,-50.4655],[-75.216,-50.4621],[-75.2134,-50.4647]]],[[[-75.2397,-50.4675],[-75.2738,-50.4472],[-75.239,-50.4635],[-75.2397,-50.4675]]],[[[-75.2024,-50.4547],[-75.2216,-50.4542],[-75.2015,-50.4524],[-75.2024,-50.4547]]],[[[-75.0106,-50.4384],[-75.0324,-50.4736],[-75.0787,-50.4785],[-75.0778,-50.458],[-75.1056,-50.4544],[-75.0764,-50.4319],[-75.0693,-50.4094],[-75.0359,-50.4083],[-75.0464,-50.4228],[-75.0109,-50.4196],[-75.0146,-50.4371],[-75.0106,-50.4384]]],[[[-75.0977,-50.4306],[-75.1167,-50.4489],[-75.1206,-50.4376],[-75.1501,-50.4759],[-75.1847,-50.4693],[-75.2071,-50.4492],[-75.1757,-50.4375],[-75.1517,-50.3926],[-75.0817,-50.3974],[-75.1135,-50.4085],[-75.0923,-50.4138],[-75.094,-50.4233],[-75.0977,-50.4306]]],[[[-75.1102,-50.3616],[-75.1285,-50.3593],[-75.1098,-50.348],[-75.1071,-50.3561],[-75.1102,-50.3616]]],[[[-75.3103,-50.4443],[-75.3402,-50.4393],[-75.3172,-50.424],[-75.3015,-50.3903],[-75.2509,-50.386],[-75.2788,-50.3757],[-75.2669,-50.3608],[-75.2381,-50.3437],[-75.2144,-50.35],[-75.2273,-50.3416],[-75.1904,-50.3381],[-75.2126,-50.3279],[-75.1915,-50.293],[-75.211,-50.2963],[-75.1975,-50.2997],[-75.2235,-50.3173],[-75.2195,-50.33],[-75.2733,-50.3352],[-75.2755,-50.352],[-75.3213,-50.354],[-75.3098,-50.3349],[-75.247,-50.3152],[-75.2465,-50.3068],[-75.2773,-50.3203],[-75.2831,-50.303],[-75.3019,-50.3201],[-75.3269,-50.3097],[-75.3077,-50.3242],[-75.3444,-50.3505],[-75.375,-50.3412],[-75.3661,-50.32],[-75.3754,-50.3394],[-75.4134,-50.3476],[-75.4183,-50.3736],[-75.4565,-50.3788],[-75.4717,-50.3654],[-75.4655,-50.3294],[-75.4794,-50.3146],[-75.4418,-50.2954],[-75.4652,-50.2823],[-75.4557,-50.2767],[-75.4629,-50.2718],[-75.3976,-50.258],[-75.4056,-50.246],[-75.4422,-50.2395],[-75.4301,-50.2096],[-75.4074,-50.2009],[-75.4188,-50.166],[-75.3684,-50.1434],[-75.2538,-50.1744],[-75.2457,-50.1862],[-75.2732,-50.2004],[-75.3207,-50.2071],[-75.3483,-50.1901],[-75.342,-50.2023],[-75.3617,-50.2089],[-75.3415,-50.2106],[-75.3283,-50.2287],[-75.2741,-50.2206],[-75.2606,-50.2336],[-75.2718,-50.253],[-75.2273,-50.2431],[-75.2045,-50.2575],[-75.2056,-50.2696],[-75.175,-50.2517],[-75.1354,-50.2566],[-75.1361,-50.2443],[-75.1681,-50.241],[-75.1626,-50.2143],[-75.1478,-50.1844],[-75.0969,-50.1586],[-75.0946,-50.1308],[-75.1109,-50.1295],[-75.1129,-50.154],[-75.1422,-50.1222],[-75.1556,-50.1473],[-75.1402,-50.1615],[-75.1322,-50.1381],[-75.1212,-50.1625],[-75.1714,-50.1793],[-75.1912,-50.1459],[-75.2086,-50.1591],[-75.2442,-50.1563],[-75.2564,-50.125],[-75.2828,-50.1456],[-75.2969,-50.1262],[-75.3115,-50.1337],[-75.3412,-50.1232],[-75.3377,-50.1008],[-75.3563,-50.0794],[-75.4034,-50.0747],[-75.3907,-50.0613],[-75.4081,-50.0595],[-75.4006,-50.0469],[-75.4173,-50.0259],[-75.3671,-50.0001],[-75.3598,-50.014],[-75.377,-50.036],[-75.3472,-50.038],[-75.3635,-50.0239],[-75.3462,-50.0199],[-75.3551,-50.0086],[-75.3269,-49.9967],[-75.3367,-49.9924],[-75.2731,-49.9959],[-75.3118,-50.0369],[-75.2969,-50.0586],[-75.2925,-50.0222],[-75.2687,-50.0262],[-75.2825,-50.054],[-75.2677,-50.0694],[-75.2503,-50.0531],[-75.2418,-50.0601],[-75.2211,-50.0133],[-75.2022,-50.0218],[-75.1427,-50.0145],[-75.0896,-50.0595],[-75.0978,-50.0766],[-75.1316,-50.0761],[-75.1352,-50.0839],[-75.1185,-50.0852],[-75.1328,-50.1021],[-75.1163,-50.0882],[-75.0896,-50.0916],[-75.0728,-50.0712],[-75.0886,-50.109],[-75.0749,-50.1114],[-75.0691,-50.0769],[-75.05,-50.0988],[-75.0637,-50.1288],[-75.0471,-50.1101],[-75.0249,-50.1401],[-75.0323,-50.1149],[-75.022,-50.0939],[-74.9955,-50.0961],[-74.9802,-50.0684],[-74.962,-50.0643],[-74.9324,-50.0979],[-74.9906,-50.1563],[-75.0153,-50.1374],[-75.0073,-50.1539],[-75.0524,-50.1767],[-75.0487,-50.1859],[-75.0232,-50.1767],[-75.0235,-50.1974],[-75.0076,-50.1551],[-74.9876,-50.1613],[-74.9543,-50.1297],[-74.971,-50.1654],[-74.9504,-50.1516],[-74.931,-50.1048],[-74.9182,-50.1085],[-74.911,-50.1322],[-74.9191,-50.1383],[-74.9231,-50.1284],[-74.9564,-50.1634],[-74.9444,-50.177],[-74.9229,-50.1436],[-74.8963,-50.1291],[-74.8821,-50.1537],[-74.8936,-50.1901],[-74.8822,-50.147],[-74.8654,-50.1544],[-74.8668,-50.1749],[-74.8494,-50.1766],[-74.8751,-50.1305],[-74.8056,-50.1552],[-74.8179,-50.1345],[-74.8838,-50.1195],[-74.8331,-50.1207],[-74.8661,-50.1145],[-74.8273,-50.116],[-74.8449,-50.1033],[-74.7705,-50.1468],[-74.796,-50.1457],[-74.7715,-50.1693],[-74.7828,-50.17],[-74.7858,-50.1877],[-74.832,-50.1661],[-74.8124,-50.1818],[-74.8464,-50.1774],[-74.8206,-50.1856],[-74.8174,-50.1983],[-74.8804,-50.1899],[-74.8151,-50.2029],[-74.8226,-50.2279],[-74.9189,-50.2226],[-74.8974,-50.2017],[-74.9272,-50.2086],[-74.9196,-50.2123],[-74.9307,-50.2222],[-74.9568,-50.2048],[-74.9727,-50.2108],[-74.9544,-50.2077],[-74.9769,-50.2318],[-74.9559,-50.2293],[-74.9514,-50.242],[-74.935,-50.2321],[-74.936,-50.2559],[-74.9585,-50.2523],[-74.9513,-50.2623],[-75.0018,-50.2751],[-74.9836,-50.2822],[-75.0391,-50.3169],[-75.0641,-50.3097],[-75.0536,-50.3255],[-75.1033,-50.3122],[-75.0782,-50.3236],[-75.0734,-50.3409],[-75.1116,-50.34],[-75.1278,-50.3569],[-75.1561,-50.3411],[-75.1341,-50.3737],[-75.1711,-50.3871],[-75.1691,-50.4142],[-75.2074,-50.4492],[-75.2313,-50.4567],[-75.2654,-50.432],[-75.2639,-50.4438],[-75.2744,-50.4369],[-75.2839,-50.4514],[-75.2851,-50.4402],[-75.3127,-50.4465],[-75.3103,-50.4443]]],[[[-75.1801,-50.2343],[-75.1707,-50.2419],[-75.1863,-50.2447],[-75.251,-50.223],[-75.2587,-50.2126],[-75.2499,-50.2005],[-75.2249,-50.1952],[-75.1901,-50.205],[-75.1996,-50.2308],[-75.1854,-50.2342],[-75.1801,-50.2343]]],[[[-75.2257,-50.1668],[-75.1921,-50.1633],[-75.1958,-50.1749],[-75.2234,-50.1698],[-75.2257,-50.1668]]],[[[-75.0484,-50.0915],[-75.0649,-50.0652],[-75.0657,-50.0263],[-75.0107,-50.0327],[-75.0178,-50.0491],[-75.0413,-50.0556],[-75.0328,-50.073],[-75.0499,-50.0825],[-75.045,-50.0899],[-75.0484,-50.0915]]],[[[-75.258,-50.0018],[-75.2364,-50.0107],[-75.2615,-50.0491],[-75.2597,-50.0275],[-75.2758,-50.0168],[-75.2653,-50.0006],[-75.258,-50.0018]]],[[[-75.0735,-50.0176],[-75.0796,-50.0289],[-75.0981,-50.0115],[-75.0737,-50.0097],[-75.0735,-50.0176]]],[[[-75.1698,-50.013],[-75.1868,-50.009],[-75.174,-50.0083],[-75.1698,-50.013]]],[[[-75.0643,-49.8887],[-75.0803,-49.9042],[-75.092,-49.894],[-75.0766,-49.8899],[-75.0643,-49.8887]]],[[[-75.1004904,-49.8866891],[-75.103047,-49.8843901],[-75.0907398,-49.8834348],[-75.0813316,-49.8856925],[-75.079888,-49.8881947],[-75.080723,-49.889377],[-75.0889424,-49.8894486],[-75.1004904,-49.8866891]]],[[[-75.0855857,-49.8819089],[-75.0859181,-49.8797342],[-75.0958173,-49.8817023],[-75.1059468,-49.8790039],[-75.1017432,-49.8763209],[-75.0827747,-49.8774426],[-75.0585264,-49.8740569],[-75.0580874,-49.8774922],[-75.0622188,-49.8835256],[-75.0644726,-49.8834697],[-75.0656065,-49.8869214],[-75.0696605,-49.8886301],[-75.0750074,-49.8879605],[-75.0765001,-49.8853346],[-75.0790695,-49.8848148],[-75.0738952,-49.8816048],[-75.0855857,-49.8819089]]],[[[-75.0643226,-49.8685172],[-75.0619776,-49.8698799],[-75.0619435,-49.8727422],[-75.0733551,-49.8741718],[-75.0901132,-49.8703651],[-75.0914435,-49.868581],[-75.0825906,-49.8683286],[-75.0795265,-49.8693885],[-75.0643226,-49.8685172]]],[[[-75.0928,-49.8709],[-75.1136,-49.8707],[-75.0965,-49.8683],[-75.0928,-49.8709]]],[[[-75.2782,-49.5418],[-75.3011,-49.54],[-75.2828,-49.5344],[-75.2716,-49.5423],[-75.2804,-49.5438],[-75.2782,-49.5418]]],[[[-75.2529,-49.2067],[-75.2345,-49.2115],[-75.2496,-49.2107],[-75.2529,-49.2067]]],[[[-75.2482,-49.1997],[-75.2235,-49.1951],[-75.2151,-49.2099],[-75.2393,-49.2016],[-75.2482,-49.1997]]],[[[-75.0717,-49.2159],[-75.0391,-49.2332],[-75.1133,-49.2455],[-75.1615,-49.2387],[-75.2053,-49.2101],[-75.2169,-49.1713],[-75.1996,-49.1589],[-75.1338,-49.1725],[-75.1313,-49.1982],[-75.0767,-49.2107],[-75.0717,-49.2159]]],[[[-75.1171,-49.1933],[-75.1216,-49.1705],[-75.0855,-49.1725],[-75.0463,-49.2182],[-75.1191,-49.1959],[-75.1171,-49.1933]]],[[[-75.2532,-49.1433],[-75.2406,-49.1466],[-75.251,-49.1614],[-75.2991,-49.1781],[-75.2817,-49.1613],[-75.2909,-49.1552],[-75.2541,-49.1426],[-75.2532,-49.1433]]],[[[-75.264,-49.1397],[-75.2534,-49.1294],[-75.255,-49.1391],[-75.264,-49.1397]]],[[[-75.1995,-49.0927],[-75.1885,-49.0841],[-75.2078,-49.1212],[-75.2283,-49.1328],[-75.217,-49.1174],[-75.2331,-49.12],[-75.1984,-49.0935],[-75.1995,-49.0927]]],[[[-75.0327,-48.8505],[-75.0143,-48.8728],[-75.018,-48.8947],[-75.0564,-48.8821],[-75.0387,-48.8978],[-75.0554,-48.904],[-75.123,-48.8793],[-75.087,-48.8995],[-75.1163,-48.908],[-75.0712,-48.9068],[-74.9955,-48.9339],[-75.0529,-48.9445],[-75.0792,-48.9372],[-75.0739,-48.9439],[-75.0971,-48.9573],[-75.1213,-48.9568],[-75.106,-48.9661],[-75.1375,-48.995],[-75.1496,-48.9721],[-75.1753,-48.9754],[-75.1731,-48.94],[-75.1988,-48.9045],[-75.212,-48.8503],[-75.172,-48.862],[-75.2331,-48.8274],[-75.2456,-48.8064],[-75.232,-48.8025],[-75.2515,-48.7979],[-75.259,-48.7715],[-75.2311,-48.7661],[-75.1451,-48.7901],[-75.1349,-48.7954],[-75.1401,-48.8063],[-75.109,-48.8061],[-75.0349,-48.8493],[-75.0327,-48.8505]]],[[[-75.1662,-48.779],[-75.1747,-48.7718],[-75.1632,-48.7776],[-75.1662,-48.779]]],[[[-75.2387,-48.748],[-75.231,-48.752],[-75.2405,-48.7502],[-75.2387,-48.748]]],[[[-75.218916,-48.7356555],[-75.2130637,-48.7297621],[-75.2018911,-48.7248336],[-75.2013561,-48.7259976],[-75.2055259,-48.7295282],[-75.2121552,-48.7341309],[-75.218916,-48.7356555]]],[[[-75.0103,-48.7394],[-75.0276,-48.8001],[-75.049,-48.8268],[-75.1543,-48.784],[-75.1759,-48.7641],[-75.2178,-48.7614],[-75.2178,-48.7479],[-75.1866,-48.7661],[-75.2143,-48.7423],[-75.1606,-48.7119],[-75.1196,-48.7115],[-75.1253,-48.7222],[-75.1126,-48.7253],[-75.1,-48.7181],[-75.1423,-48.6981],[-75.0976,-48.6734],[-75.0695,-48.6862],[-75.0664,-48.6764],[-75.0934,-48.6721],[-75.081,-48.6681],[-75.0877,-48.6626],[-75.005,-48.5955],[-74.9892,-48.6511],[-75.0136,-48.7356],[-75.0103,-48.7394]]],[[[-75.0260965,-52.1402167],[-75.0226317,-52.1379121],[-75.0177403,-52.1394155],[-75.0145337,-52.1459173],[-75.0187816,-52.144297],[-75.0172042,-52.1434967],[-75.0193791,-52.1418686],[-75.02392,-52.1426331],[-75.0246432,-52.1440485],[-75.0279853,-52.1436649],[-75.0257654,-52.1417229],[-75.0270719,-52.1409745],[-75.033658,-52.1427032],[-75.0390795,-52.1406883],[-75.0260965,-52.1402167]]],[[[-74.9328,-52.1328],[-74.8979,-52.1187],[-74.9052,-52.1368],[-74.936,-52.1362],[-74.9328,-52.1328]]],[[[-74.9974608,-51.9622535],[-74.9927249,-51.9622631],[-74.9864592,-51.9589138],[-74.9876074,-51.960474],[-74.9871134,-51.9622631],[-74.991384,-51.9665203],[-74.9990115,-51.9707107],[-75.0121055,-51.9738388],[-75.014318,-51.9731598],[-75.0141349,-51.9705886],[-75.0106559,-51.9697017],[-75.0116191,-51.9657154],[-75.0091891,-51.9643802],[-75.0050273,-51.9629459],[-75.003303,-51.965023],[-74.9974608,-51.9622535]]],[[[-75.0081,-51.9099],[-74.9982,-51.9108],[-75.0083,-51.9123],[-75.0081,-51.9099]]],[[[-74.8182,-51.6381],[-74.8026,-51.6348],[-74.7656,-51.6558],[-74.7861,-51.6894],[-74.7642,-51.6737],[-74.7559,-51.6816],[-74.7802,-51.6983],[-74.7779,-51.7109],[-74.7579,-51.7086],[-74.7669,-51.7281],[-74.7533,-51.7252],[-74.7881,-51.7366],[-74.7999,-51.7572],[-74.7517,-51.7375],[-74.7465,-51.8026],[-74.7682,-51.7939],[-74.7733,-51.8067],[-74.7564,-51.8076],[-74.751,-51.8283],[-74.7854,-51.8451],[-74.7632,-51.8444],[-74.791,-51.8632],[-74.7796,-51.8763],[-74.7926,-51.9047],[-74.809,-51.9006],[-74.7934,-51.9106],[-74.7999,-51.9295],[-74.8249,-51.9208],[-74.8028,-51.9334],[-74.8066,-51.9428],[-74.8543,-51.9593],[-74.8061,-51.951],[-74.8158,-51.976],[-74.8317,-51.9771],[-74.8181,-51.9846],[-74.8719,-51.981],[-74.8275,-51.992],[-74.8328,-52.0191],[-74.921,-52.0018],[-74.8696,-52.0121],[-74.8642,-52.0338],[-74.8489,-52.0357],[-74.892,-52.0513],[-74.855,-52.045],[-74.8572,-52.0557],[-74.8682,-52.0487],[-74.8578,-52.0597],[-74.8666,-52.0868],[-74.9046,-52.1167],[-74.9431,-52.1258],[-74.9284,-52.13],[-74.9494,-52.1324],[-74.9078,-52.0782],[-74.9186,-52.0573],[-74.9164,-52.0744],[-74.953,-52.1307],[-75.0119,-52.1388],[-74.999,-52.113],[-74.9847,-52.1101],[-74.9962,-52.0984],[-74.9431,-52.103],[-74.9647,-52.0874],[-74.944,-52.0499],[-74.9763,-52.0872],[-75.0158,-52.0896],[-74.9466,-52.0376],[-75.003,-52.0578],[-74.9854,-52.0648],[-75.0224,-52.0725],[-75.0066,-52.0602],[-75.01,-52.0441],[-75.0315,-52.0555],[-75.0639,-52.0199],[-75.0436,-52.0116],[-75.0412,-51.9864],[-74.9409,-51.9535],[-75.0061,-51.9567],[-75.0095,-51.9397],[-74.9755,-51.8757],[-74.9562,-51.8785],[-74.9679,-51.8672],[-74.943,-51.8075],[-74.9279,-51.8089],[-74.9252,-51.8398],[-74.8902,-51.8535],[-74.9082,-51.8672],[-74.9188,-51.8611],[-74.9205,-51.8807],[-74.8834,-51.8649],[-74.9224,-51.8999],[-74.933,-51.9277],[-74.8901,-51.8891],[-74.8939,-51.9233],[-74.8789,-51.8959],[-74.8843,-51.8829],[-74.8679,-51.8723],[-74.8565,-51.9426],[-74.8443,-51.8678],[-74.7945,-51.8621],[-74.8207,-51.8529],[-74.8176,-51.8363],[-74.8256,-51.8506],[-74.8467,-51.8514],[-74.8558,-51.8307],[-74.8269,-51.8153],[-74.8398,-51.8156],[-74.8423,-51.8017],[-74.8563,-51.8166],[-74.8789,-51.7876],[-74.8664,-51.7619],[-74.8501,-51.7615],[-74.8429,-51.7833],[-74.8298,-51.7786],[-74.8466,-51.7545],[-74.8059,-51.7825],[-74.7958,-51.7838],[-74.8006,-51.7731],[-74.8821,-51.7105],[-74.8826,-51.6872],[-74.8629,-51.6922],[-74.8733,-51.687],[-74.8672,-51.6802],[-74.9177,-51.6766],[-74.9297,-51.6503],[-74.9023,-51.6314],[-74.8843,-51.629],[-74.8799,-51.6417],[-74.8507,-51.627],[-74.8293,-51.6418],[-74.8444,-51.6623],[-74.8168,-51.6407],[-74.8182,-51.6381]]],[[[-74.9547,-51.7837],[-74.9841,-51.7896],[-74.9781,-51.8004],[-74.952,-51.7949],[-74.9692,-51.8331],[-74.9816,-51.8342],[-74.9953,-51.9],[-75.0069,-51.8913],[-75.0313,-51.9054],[-75.07,-51.9016],[-75.051,-51.9107],[-75.0593,-51.9233],[-75.1019,-51.9263],[-75.1045,-51.9098],[-75.0909,-51.9062],[-75.1031,-51.8907],[-75.0909,-51.8837],[-75.102,-51.8769],[-75.0836,-51.877],[-75.0797,-51.8595],[-75.0629,-51.8559],[-75.073,-51.8374],[-75.1076,-51.8409],[-75.1267,-51.8238],[-75.0791,-51.8031],[-75.0775,-51.7933],[-75.095,-51.7871],[-75.0729,-51.7816],[-75.0658,-51.7479],[-75.0473,-51.7587],[-75.0537,-51.728],[-74.9742,-51.72],[-74.955,-51.7592],[-74.9756,-51.7659],[-74.9524,-51.7644],[-74.9602,-51.7682],[-74.9491,-51.7809],[-74.9547,-51.7837]]],[[[-74.9363,-51.5436],[-74.9305,-51.5247],[-74.9592,-51.543],[-74.9957,-51.5413],[-74.9912,-51.4975],[-74.9134,-51.4649],[-74.896,-51.4855],[-74.9133,-51.4956],[-74.9154,-51.5223],[-74.8841,-51.5314],[-74.9031,-51.5431],[-74.8971,-51.5531],[-74.9323,-51.5567],[-74.9102,-51.5484],[-74.923,-51.5496],[-74.9135,-51.5328],[-74.9318,-51.5444],[-74.9363,-51.5436]]],[[[-74.955913,-51.3951988],[-74.9628862,-51.397356],[-74.9674295,-51.3956527],[-74.9591307,-51.3891315],[-74.9476274,-51.3882999],[-74.9472765,-51.3898506],[-74.955913,-51.3951988]]],[[[-74.9761,-51.3131],[-74.9919,-51.3202],[-75.0041,-51.3131],[-74.9987,-51.3049],[-75.0411,-51.3048],[-75.0652,-51.284],[-75.0479,-51.2848],[-75.0555,-51.2654],[-75.0361,-51.2563],[-74.9651,-51.2755],[-74.9516,-51.2657],[-74.9982,-51.2551],[-74.9702,-51.2448],[-74.9242,-51.2543],[-74.9383,-51.2532],[-74.9245,-51.2477],[-74.934,-51.238],[-74.9684,-51.2348],[-74.9519,-51.2291],[-74.8915,-51.2327],[-74.8689,-51.2508],[-74.975,-51.3095],[-74.9761,-51.3131]]],[[[-74.8044,-51.1923],[-74.8477,-51.2445],[-74.8778,-51.2202],[-74.8623,-51.1963],[-74.88,-51.2127],[-74.9495,-51.2087],[-75.0003,-51.2308],[-75.0278,-51.2271],[-75.0099,-51.2246],[-75.0184,-51.2085],[-75.0102,-51.1998],[-74.9857,-51.2116],[-74.9902,-51.192],[-74.9756,-51.1825],[-74.8578,-51.164],[-74.8407,-51.1643],[-74.8502,-51.1842],[-74.8354,-51.1764],[-74.8368,-51.1949],[-74.8281,-51.1757],[-74.8013,-51.1871],[-74.8044,-51.1923]]],[[[-74.8153,-51.1232],[-74.8306,-51.1552],[-74.9076,-51.1629],[-74.9453,-51.1525],[-74.9302,-51.1633],[-74.9367,-51.1695],[-75.0186,-51.1805],[-75.0122,-51.1503],[-74.9947,-51.149],[-75.0017,-51.1246],[-74.9555,-51.0938],[-74.9203,-51.1105],[-74.924,-51.1259],[-74.9022,-51.1259],[-74.9037,-51.1134],[-74.9337,-51.0996],[-74.9245,-51.0908],[-74.8875,-51.098],[-74.8816,-51.1111],[-74.8465,-51.0974],[-74.8263,-51.1115],[-74.8506,-51.1162],[-74.8453,-51.1317],[-74.8177,-51.1165],[-74.8153,-51.1232]]],[[[-75.0038,-51.0089],[-75.002,-50.9989],[-75.046,-51.0065],[-75.0613,-50.9871],[-75.0461,-50.9709],[-74.9864,-50.9839],[-74.9887,-50.9746],[-74.9661,-50.994],[-75.0023,-51.0093],[-75.0038,-51.0089]]],[[[-74.9979,-50.9528],[-75.0063,-50.9425],[-74.9925,-50.9433],[-74.962,-50.9634],[-74.9709,-50.9881],[-75.0015,-50.9536],[-74.9979,-50.9528]]],[[[-74.9113696,-50.8259944],[-74.9184139,-50.8221291],[-74.9156767,-50.8209962],[-74.9081249,-50.8217272],[-74.9029498,-50.8241863],[-74.8999804,-50.8275967],[-74.9035639,-50.8282472],[-74.9113696,-50.8259944]]],[[[-74.9269,-50.8187],[-74.9463,-50.8293],[-74.951,-50.8051],[-74.9374,-50.8085],[-74.9269,-50.8187]]],[[[-75.0257,-50.8107],[-75.0127,-50.82],[-75.032,-50.812],[-75.0257,-50.8107]]],[[[-74.9666,-50.8003],[-74.9895,-50.8187],[-74.9823,-50.8259],[-75.0059,-50.8235],[-74.9993,-50.8146],[-75.0169,-50.8072],[-75.0054,-50.7989],[-75.0162,-50.8042],[-75.0576,-50.7678],[-75.0347,-50.7558],[-75.0679,-50.7577],[-75.0936,-50.7377],[-75.0825,-50.7332],[-75.1029,-50.7108],[-75.0644,-50.7064],[-75.0379,-50.729],[-75.0406,-50.711],[-75.0255,-50.6948],[-75.0376,-50.7014],[-75.0683,-50.6875],[-75.0453,-50.6742],[-75.0481,-50.6553],[-75.0156,-50.6568],[-75.0178,-50.667],[-74.997,-50.6499],[-74.9922,-50.6585],[-75.0093,-50.6696],[-74.9955,-50.6663],[-75.0006,-50.6821],[-74.9711,-50.6426],[-74.9768,-50.6965],[-74.9675,-50.7119],[-74.9899,-50.7172],[-75.0122,-50.7433],[-74.9703,-50.7328],[-74.969,-50.7485],[-74.9858,-50.7582],[-74.9725,-50.7579],[-74.973,-50.7845],[-74.9925,-50.7911],[-74.9766,-50.7956],[-74.9666,-50.8003]]],[[[-74.9191,-50.6383],[-74.8968,-50.6429],[-74.8976,-50.6554],[-74.9121,-50.6573],[-74.9305,-50.6428],[-74.934,-50.6337],[-74.9226,-50.6341],[-74.9191,-50.6383]]],[[[-74.9908,-50.4151],[-74.9735,-50.4104],[-74.9602,-50.4219],[-74.9987,-50.4484],[-74.9823,-50.4355],[-74.9941,-50.4396],[-74.9906,-50.4126],[-74.9908,-50.4151]]],[[[-75.0382,-50.4167],[-75.0054,-50.405],[-75.0051,-50.4168],[-75.0202,-50.4177],[-75.0382,-50.4167]]],[[[-74.8998,-50.3303],[-74.9244,-50.3613],[-74.9774,-50.3559],[-74.9738,-50.3376],[-74.9891,-50.3343],[-74.9969,-50.3471],[-75.0214,-50.3312],[-75.0262,-50.3397],[-75.0031,-50.3454],[-75.0217,-50.351],[-75.033,-50.3404],[-75.0402,-50.3512],[-75.0103,-50.3512],[-75.0097,-50.3603],[-75.0753,-50.3573],[-75.037,-50.3666],[-75.0373,-50.378],[-74.9692,-50.3655],[-74.9742,-50.3748],[-74.9447,-50.3828],[-74.9904,-50.3889],[-74.9649,-50.3969],[-74.9747,-50.4069],[-75.0262,-50.3996],[-75.0584,-50.4101],[-75.0703,-50.3983],[-75.0533,-50.4],[-75.1049,-50.3779],[-75.108,-50.3902],[-75.1364,-50.3843],[-75.0969,-50.3543],[-75.0204,-50.3248],[-75.0177,-50.3106],[-74.9496,-50.2683],[-74.9539,-50.2812],[-74.9305,-50.2671],[-74.8991,-50.289],[-74.8822,-50.3117],[-74.899,-50.3282],[-74.8998,-50.3303]]],[[[-74.9452,-50.2197],[-74.9586,-50.2244],[-74.948,-50.2171],[-74.9452,-50.2197]]],[[[-75.0359,-50.0925],[-75.0385,-50.105],[-75.0479,-50.0955],[-75.0386,-50.0909],[-75.0359,-50.0925]]],[[[-75.0117,-50.0826],[-75.0015,-50.0702],[-74.9965,-50.0834],[-75.0063,-50.0849],[-75.0117,-50.0826]]],[[[-74.9963,-50.0673],[-75.0132,-50.0698],[-74.9958,-50.0637],[-74.9963,-50.0673]]],[[[-75.0193,-50.0561],[-75.0347,-50.0615],[-75.021,-50.0551],[-75.0193,-50.0561]]],[[[-74.993518,-50.0518638],[-74.9914669,-50.0492533],[-74.989235,-50.0521154],[-74.9985233,-50.0586376],[-75.0045185,-50.05917],[-75.0055957,-50.0576187],[-75.0044018,-50.056102],[-74.9982105,-50.055725],[-74.9973398,-50.0523791],[-74.993518,-50.0518638]]],[[[-75.0298,-49.928],[-75.016,-49.9332],[-75.0322,-49.929],[-75.0298,-49.928]]],[[[-75.0152,-49.9081],[-75.0515,-49.9055],[-74.9911,-49.9076],[-75.0075,-49.927],[-75.04,-49.9233],[-75.0188,-49.9075],[-75.0152,-49.9081]]],[[[-74.9846,-49.8587],[-74.9742,-49.8502],[-74.9655,-49.8541],[-74.9795,-49.8595],[-74.9846,-49.8587]]],[[[-74.9592,-49.846],[-74.9761,-49.8486],[-74.9607,-49.8443],[-74.9592,-49.846]]],[[[-74.9936894,-49.7188129],[-74.9906375,-49.7184428],[-74.9905568,-49.7222594],[-74.9863674,-49.7246205],[-74.9862416,-49.7301208],[-74.9900706,-49.7335794],[-74.9940607,-49.7315117],[-74.9953044,-49.7282075],[-74.9937263,-49.7252011],[-74.9936894,-49.7188129]]],[[[-74.9544,-49.5932],[-74.9276,-49.613],[-74.9648,-49.5997],[-74.9454,-49.5735],[-74.9111,-49.591],[-74.9171,-49.6103],[-74.9469,-49.5815],[-74.9398,-49.5941],[-74.9529,-49.5923],[-74.9544,-49.5932]]],[[[-74.9053,-49.5748],[-74.9128,-49.5825],[-74.9442,-49.557],[-74.9098,-49.5723],[-74.9053,-49.5748]]],[[[-75.062,-49.904],[-75.0189,-49.8155],[-75.0527,-49.8649],[-75.1254,-49.8551],[-75.1317,-49.8279],[-75.176,-49.7676],[-75.1222,-49.7484],[-75.187,-49.7567],[-75.2072,-49.7168],[-75.1741,-49.7079],[-75.2106,-49.7144],[-75.222,-49.6947],[-75.2132,-49.6901],[-75.2275,-49.6854],[-75.1544,-49.6731],[-75.2335,-49.677],[-75.2082,-49.6575],[-75.2366,-49.6713],[-75.2524,-49.6557],[-75.2358,-49.6449],[-75.1433,-49.6543],[-75.1295,-49.6363],[-75.1635,-49.6488],[-75.233,-49.6397],[-75.1394,-49.5735],[-75.2433,-49.6352],[-75.2534,-49.6307],[-75.2326,-49.6177],[-75.2422,-49.6097],[-75.2761,-49.6306],[-75.2978,-49.6046],[-75.2538,-49.5671],[-75.1702,-49.5504],[-75.2263,-49.5519],[-75.1426,-49.5036],[-75.1709,-49.5161],[-75.1657,-49.5042],[-75.2519,-49.5564],[-75.2593,-49.5388],[-75.2363,-49.5341],[-75.2781,-49.5256],[-75.3005,-49.5336],[-75.309,-49.5222],[-75.2602,-49.4922],[-75.1857,-49.4757],[-75.2346,-49.4792],[-75.189,-49.4444],[-75.201,-49.4384],[-75.2217,-49.4648],[-75.3131,-49.5153],[-75.326,-49.4926],[-75.3035,-49.4868],[-75.3247,-49.4878],[-75.3385,-49.4638],[-75.2956,-49.4388],[-75.2913,-49.4223],[-75.3714,-49.4531],[-75.31,-49.4388],[-75.3747,-49.4848],[-75.3921,-49.4808],[-75.4003,-49.4533],[-75.3231,-49.4113],[-75.3357,-49.4115],[-75.3068,-49.3787],[-75.3583,-49.4249],[-75.4012,-49.4425],[-75.435,-49.3844],[-75.423,-49.336],[-75.4518,-49.3458],[-75.4337,-49.3149],[-75.4542,-49.299],[-75.4465,-49.2834],[-75.46,-49.2864],[-75.4388,-49.2789],[-75.4493,-49.271],[-75.4044,-49.2562],[-75.3466,-49.2447],[-75.3311,-49.2542],[-75.3397,-49.2646],[-75.3237,-49.2525],[-75.3334,-49.2799],[-75.4021,-49.3041],[-75.4154,-49.3258],[-75.3449,-49.2903],[-75.3449,-49.3049],[-75.3206,-49.2763],[-75.3034,-49.3023],[-75.3326,-49.3138],[-75.2964,-49.3107],[-75.2889,-49.3282],[-75.3083,-49.3395],[-75.2835,-49.3316],[-75.2794,-49.3455],[-75.2905,-49.3525],[-75.272,-49.3513],[-75.2549,-49.3862],[-75.235,-49.3949],[-75.2505,-49.4052],[-75.2342,-49.4029],[-75.2073,-49.4237],[-75.2237,-49.4329],[-75.2013,-49.4206],[-75.1475,-49.4661],[-75.1017,-49.4781],[-75.1489,-49.4579],[-75.1961,-49.414],[-75.0802,-49.418],[-75.0065,-49.4118],[-74.9777,-49.3961],[-74.9491,-49.4033],[-74.9522,-49.3942],[-75.069,-49.4126],[-75.2064,-49.4085],[-75.2076,-49.3915],[-75.1419,-49.3899],[-75.1839,-49.3922],[-75.2355,-49.3769],[-75.2398,-49.3696],[-75.2179,-49.3566],[-75.2418,-49.3662],[-75.2733,-49.3144],[-75.207,-49.3252],[-75.2753,-49.31],[-75.3063,-49.2612],[-75.276,-49.2536],[-75.2402,-49.2642],[-75.2704,-49.2472],[-75.3056,-49.2481],[-75.2725,-49.2258],[-75.2121,-49.231],[-75.205,-49.242],[-75.2223,-49.2394],[-75.2165,-49.2779],[-75.1866,-49.2835],[-75.2085,-49.2737],[-75.2163,-49.2464],[-75.1982,-49.2483],[-75.1229,-49.3402],[-75.1412,-49.3382],[-75.1092,-49.3623],[-75.1059,-49.3493],[-75.0861,-49.3451],[-75.0225,-49.3469],[-75.1065,-49.3428],[-75.1381,-49.2977],[-75.0839,-49.2877],[-75.1098,-49.2761],[-75.1381,-49.2921],[-75.1695,-49.2631],[-75.1707,-49.2514],[-75.0999,-49.2616],[-75.012,-49.3315],[-75.0842,-49.2724],[-75.0692,-49.2719],[-75.0782,-49.2595],[-75.0888,-49.2657],[-75.0844,-49.2482],[-75.0554,-49.2522],[-75.0486,-49.2703],[-75.0436,-49.2581],[-75.0547,-49.2499],[-75.0326,-49.2391],[-74.9657,-49.2926],[-75.0246,-49.2372],[-74.9729,-49.244],[-75.0078,-49.2324],[-75.0022,-49.2249],[-75.0384,-49.2209],[-75.0411,-49.208],[-74.9982,-49.2205],[-75.0504,-49.1962],[-75.0633,-49.1696],[-75.0149,-49.1925],[-74.9344,-49.2715],[-74.8662,-49.3027],[-74.8599,-49.3403],[-74.8763,-49.352],[-74.8559,-49.3715],[-74.8554,-49.3136],[-74.8314,-49.3203],[-74.859,-49.2865],[-74.8468,-49.2131],[-74.7796,-49.2291],[-74.8458,-49.2056],[-74.8391,-49.175],[-74.8104,-49.1561],[-74.7442,-49.1918],[-74.8142,-49.1437],[-74.7773,-49.1116],[-74.7986,-49.121],[-74.8117,-49.1102],[-74.789,-49.0836],[-74.7223,-49.0896],[-74.7675,-49.0836],[-74.8193,-49.0509],[-74.8364,-49.023],[-74.845,-49.0302],[-74.904,-48.9876],[-74.8306,-48.9615],[-74.8142,-48.9822],[-74.8005,-48.9682],[-74.8203,-48.9555],[-74.7912,-48.9428],[-74.7757,-48.9703],[-74.7974,-48.9666],[-74.7465,-49.0129],[-74.7027,-49.0227],[-74.7373,-49.0108],[-74.7709,-48.9701],[-74.7783,-48.9429],[-74.7616,-48.9376],[-74.7645,-48.916],[-74.7716,-48.9315],[-74.9378,-48.9746],[-74.9316,-48.9551],[-74.8741,-48.9342],[-74.9403,-48.949],[-74.9578,-48.9375],[-74.9519,-48.9258],[-74.8226,-48.8765],[-74.9574,-48.912],[-74.9817,-48.8797],[-74.8415,-48.8286],[-74.7962,-48.8312],[-74.8307,-48.824],[-74.7926,-48.8001],[-74.9762,-48.8679],[-75.015,-48.8259],[-74.9959,-48.793],[-74.9993,-48.7704],[-74.9851,-48.7649],[-74.8501,-48.8234],[-74.8438,-48.8163],[-74.864,-48.8073],[-74.8534,-48.8008],[-74.8689,-48.7879],[-74.8795,-48.7916],[-74.8643,-48.8069],[-74.8849,-48.8049],[-74.9326,-48.7795],[-74.9074,-48.781],[-74.9253,-48.7639],[-74.8914,-48.7468],[-74.9489,-48.7593],[-74.9367,-48.7748],[-74.9702,-48.7549],[-74.8623,-48.7252],[-74.8327,-48.6994],[-74.8062,-48.6966],[-74.8263,-48.6944],[-74.8214,-48.6868],[-74.7794,-48.7038],[-74.7983,-48.6843],[-74.7677,-48.6689],[-74.7386,-48.7027],[-74.7655,-48.737],[-74.8038,-48.7112],[-74.7998,-48.755],[-74.7877,-48.7494],[-74.7515,-48.7752],[-74.7484,-48.7918],[-74.7617,-48.7954],[-74.7349,-48.8194],[-74.7469,-48.7983],[-74.742,-48.7788],[-74.7726,-48.7411],[-74.7456,-48.731],[-74.7251,-48.7389],[-74.7396,-48.7215],[-74.7327,-48.6959],[-74.752,-48.6766],[-74.6831,-48.6526],[-74.6444,-48.6872],[-74.6175,-48.6835],[-74.5849,-48.7047],[-74.6284,-48.7305],[-74.5802,-48.7095],[-74.5657,-48.7311],[-74.5831,-48.7785],[-74.5734,-48.8225],[-74.582,-48.8381],[-74.6418,-48.862],[-74.6216,-48.8669],[-74.5624,-48.829],[-74.5667,-48.7789],[-74.5419,-48.7236],[-74.4695,-48.6959],[-74.4553,-48.7493],[-74.4781,-48.7616],[-74.4594,-48.763],[-74.4647,-48.8729],[-74.5752,-48.9533],[-74.4629,-48.8837],[-74.4502,-48.9118],[-74.4072,-48.9479],[-74.4215,-48.9804],[-74.4393,-48.9779],[-74.431,-48.9829],[-74.4455,-49.0034],[-74.5159,-49.014],[-74.4505,-49.0176],[-74.4497,-49.0513],[-74.4048,-49.0945],[-74.3993,-49.1213],[-74.415,-49.1291],[-74.4112,-49.1126],[-74.4306,-49.1269],[-74.4079,-49.1589],[-74.4138,-49.169],[-74.4008,-49.1678],[-74.3926,-49.248],[-74.4132,-49.2666],[-74.3874,-49.3007],[-74.403,-49.3425],[-74.4261,-49.3414],[-74.4124,-49.3745],[-74.4462,-49.4799],[-74.4707,-49.5073],[-74.4985,-49.5097],[-74.5299,-49.4897],[-74.5243,-49.5014],[-74.5499,-49.5101],[-74.5162,-49.5047],[-74.5172,-49.5313],[-74.5003,-49.5153],[-74.4787,-49.5161],[-74.4443,-49.6081],[-74.4988,-49.619],[-74.5048,-49.6025],[-74.5265,-49.6432],[-74.5566,-49.6359],[-74.527,-49.6476],[-74.5126,-49.6745],[-74.5353,-49.6854],[-74.5775,-49.6751],[-74.5343,-49.6898],[-74.5086,-49.6798],[-74.5036,-49.6602],[-74.521,-49.6441],[-74.5173,-49.6319],[-74.5069,-49.6219],[-74.4691,-49.6346],[-74.4621,-49.6274],[-74.4764,-49.6223],[-74.4667,-49.6198],[-74.4278,-49.6311],[-74.3938,-49.672],[-74.3808,-49.7453],[-74.3941,-49.7704],[-74.4267,-49.7647],[-74.4661,-49.7381],[-74.5442,-49.7363],[-74.5172,-49.7492],[-74.4768,-49.7434],[-74.4038,-49.7823],[-74.3969,-49.8522],[-74.4172,-49.8794],[-74.406,-49.9017],[-74.4274,-49.9066],[-74.4365,-49.8683],[-74.4738,-49.8438],[-74.4462,-49.8674],[-74.4337,-49.9178],[-74.4978,-49.9794],[-74.5515,-49.9445],[-74.5456,-49.9345],[-74.5676,-49.9326],[-74.6158,-49.8986],[-74.6105,-49.8717],[-74.6314,-49.8764],[-74.6184,-49.9036],[-74.5119,-49.9867],[-74.6392,-50.059],[-74.6613,-50.0525],[-74.6373,-50.0315],[-74.6548,-50.0358],[-74.6554,-50.0169],[-74.6587,-50.0403],[-74.6757,-50.0491],[-74.6882,-50.04],[-74.6385,-49.9881],[-74.698,-50.0356],[-74.7028,-50.015],[-74.7073,-50.0428],[-74.7531,-50.0469],[-74.8073,-50.0247],[-74.7875,-49.9937],[-74.7491,-49.9841],[-74.7904,-49.9895],[-74.8147,-50.0212],[-74.7834,-50.0473],[-74.7948,-50.0549],[-74.8269,-50.0426],[-74.8184,-50.0227],[-74.8351,-50.0415],[-74.8677,-50.028],[-74.8612,-50.0224],[-74.8727,-50.0173],[-74.8585,-50.0059],[-74.8804,-49.9914],[-74.8277,-49.9648],[-74.843,-49.9626],[-74.8289,-49.9507],[-74.7147,-49.9088],[-74.6168,-49.9517],[-74.6482,-49.9333],[-74.6509,-49.9066],[-74.6627,-49.9248],[-74.7138,-49.8986],[-74.8361,-49.9424],[-74.871,-49.9733],[-74.8883,-49.9601],[-74.8672,-49.9609],[-74.8858,-49.9561],[-74.8852,-49.9436],[-74.9131,-49.9354],[-74.8941,-49.9002],[-74.9051,-49.8903],[-74.8908,-49.8853],[-74.8991,-49.88],[-74.8627,-49.8746],[-74.8888,-49.8689],[-74.8654,-49.8472],[-74.7688,-49.8791],[-74.773,-49.8656],[-74.7573,-49.8566],[-74.6392,-49.8165],[-74.6112,-49.7938],[-74.778,-49.8588],[-74.8155,-49.8487],[-74.8293,-49.832],[-74.8007,-49.7904],[-74.7885,-49.7903],[-74.7998,-49.7769],[-74.7223,-49.7633],[-74.7573,-49.7661],[-74.7103,-49.7189],[-74.7355,-49.7196],[-74.7367,-49.7463],[-74.7564,-49.7531],[-74.7746,-49.7299],[-74.803,-49.7196],[-74.7715,-49.6935],[-74.7976,-49.6815],[-74.777,-49.6918],[-74.8229,-49.726],[-74.7628,-49.7493],[-74.8117,-49.7751],[-74.8073,-49.7858],[-74.8328,-49.815],[-74.848,-49.8072],[-74.8409,-49.7945],[-74.8586,-49.8007],[-74.8854,-49.7831],[-74.8862,-49.7425],[-74.8772,-49.728],[-74.8245,-49.7172],[-74.8754,-49.7136],[-74.8867,-49.6626],[-74.8981,-49.6911],[-74.9116,-49.6733],[-74.8815,-49.6451],[-74.8066,-49.6776],[-74.8837,-49.6405],[-74.8712,-49.5959],[-74.8377,-49.598],[-74.7593,-49.6335],[-74.7063,-49.6204],[-74.6754,-49.6329],[-74.7019,-49.6134],[-74.7381,-49.6285],[-74.7705,-49.6162],[-74.7233,-49.5785],[-74.7336,-49.5658],[-74.7198,-49.5569],[-74.7264,-49.5494],[-74.7388,-49.5695],[-74.7286,-49.5781],[-74.7934,-49.6118],[-74.8206,-49.5996],[-74.8227,-49.5865],[-74.8696,-49.5849],[-74.8734,-49.5309],[-74.8117,-49.4862],[-74.7793,-49.485],[-74.7491,-49.4606],[-74.7249,-49.4927],[-74.7234,-49.5155],[-74.699,-49.5158],[-74.716,-49.5045],[-74.7111,-49.4916],[-74.7302,-49.4851],[-74.7268,-49.4665],[-74.7463,-49.4586],[-74.6825,-49.4234],[-74.6403,-49.4175],[-74.6043,-49.4293],[-74.6283,-49.4143],[-74.6705,-49.4109],[-74.6931,-49.4229],[-74.7061,-49.4148],[-74.6623,-49.3686],[-74.5803,-49.319],[-74.5919,-49.3041],[-74.5951,-49.3212],[-74.6658,-49.361],[-74.7108,-49.4033],[-74.7202,-49.3801],[-74.7481,-49.3824],[-74.7894,-49.3464],[-74.7689,-49.3621],[-74.7676,-49.3841],[-74.7348,-49.3876],[-74.7169,-49.4117],[-74.7817,-49.4691],[-74.8035,-49.4701],[-74.7932,-49.4522],[-74.8596,-49.5037],[-74.8479,-49.3962],[-74.8568,-49.3885],[-74.8644,-49.4963],[-74.9064,-49.5319],[-74.9446,-49.5356],[-74.9352,-49.4893],[-74.9159,-49.4696],[-74.9364,-49.4812],[-74.934,-49.4385],[-74.9121,-49.4378],[-74.92,-49.4259],[-74.8875,-49.4087],[-74.9278,-49.4241],[-74.9416,-49.4172],[-74.9283,-49.4266],[-74.9444,-49.4346],[-74.9398,-49.468],[-74.951,-49.4927],[-74.9905,-49.4693],[-74.9977,-49.4776],[-74.9524,-49.495],[-74.961,-49.5406],[-75.0215,-49.5084],[-74.9622,-49.5488],[-74.9689,-49.5732],[-75.007,-49.5537],[-74.9702,-49.5756],[-74.9845,-49.5742],[-74.9717,-49.5843],[-74.9774,-49.5932],[-75.0873,-49.5332],[-75.0056,-49.5837],[-75.002,-49.6003],[-74.9724,-49.607],[-74.9963,-49.6201],[-74.9786,-49.6223],[-75.0107,-49.6312],[-74.9793,-49.6305],[-75.0112,-49.6985],[-74.9861,-49.6761],[-74.9649,-49.6125],[-74.9241,-49.6239],[-74.9336,-49.6585],[-74.9526,-49.6678],[-74.973,-49.7065],[-74.9923,-49.7142],[-74.9925,-49.6857],[-74.9989,-49.7139],[-75.0147,-49.719],[-74.9944,-49.7341],[-75.005,-49.7497],[-74.9969,-49.7602],[-75.0127,-49.7647],[-75.0043,-49.7905],[-74.9928,-49.7476],[-74.9766,-49.7472],[-74.9897,-49.7365],[-74.9567,-49.7096],[-74.9495,-49.7487],[-74.9329,-49.7352],[-74.9166,-49.7473],[-74.9218,-49.789],[-74.9351,-49.7865],[-74.9242,-49.7984],[-74.933,-49.8044],[-74.9353,-49.7909],[-74.9479,-49.7979],[-74.9399,-49.8074],[-74.9562,-49.8018],[-74.9492,-49.8174],[-74.9643,-49.8211],[-74.9639,-49.8401],[-75.0075,-49.8551],[-74.9731,-49.8658],[-75.0298,-49.8901],[-74.9795,-49.8745],[-74.9977,-49.8988],[-75.0582,-49.905],[-75.062,-49.904]]],[[[-74.9452,-49.0512],[-74.9517,-49.0908],[-74.9279,-49.0497],[-74.9467,-49.0044],[-74.9233,-49.0022],[-74.8674,-49.0342],[-74.8769,-49.0417],[-74.8612,-49.0364],[-74.8218,-49.0838],[-74.8441,-49.1128],[-74.831,-49.1153],[-74.8886,-49.1476],[-74.8293,-49.1211],[-74.8536,-49.1792],[-74.8648,-49.2779],[-74.8846,-49.2822],[-74.9283,-49.2495],[-74.9094,-49.2398],[-74.9348,-49.248],[-74.9581,-49.2382],[-75.006,-49.1729],[-75.0445,-49.16],[-75.0494,-49.1531],[-75.0297,-49.1489],[-75.0401,-49.1392],[-75.0634,-49.1525],[-75.1784,-49.1414],[-75.1401,-49.1123],[-75.0688,-49.1078],[-75.1244,-49.1017],[-75.0942,-49.0848],[-75.1799,-49.1302],[-75.2061,-49.128],[-75.1798,-49.0818],[-75.1237,-49.0419],[-75.131,-49.0318],[-75.1176,-49.0169],[-75.1032,-49.0143],[-75.0966,-49.0293],[-75.1012,-49.0025],[-75.0541,-49.0182],[-75.0248,-49.0426],[-75.031,-49.0271],[-75.0941,-48.9974],[-75.0803,-48.9818],[-75.0187,-49.013],[-75.0251,-49.0265],[-74.9921,-49.0218],[-74.9523,-49.0367],[-74.9473,-49.0507],[-74.9452,-49.0512]]],[[[-74.95,-49.0213],[-74.9508,-49.0355],[-75.0702,-48.9758],[-74.9975,-48.9631],[-74.9763,-48.9713],[-74.9567,-48.9915],[-74.9791,-49.0119],[-74.9551,-49.018],[-74.95,-49.0213]]],[[[-75.0404,-48.9097],[-75.0168,-48.9033],[-74.9804,-48.9173],[-74.9987,-48.9268],[-75.0287,-48.9187],[-75.0404,-48.9097]]],[[[-74.9565,-48.9126],[-74.934,-48.9071],[-74.9557,-48.9148],[-74.9565,-48.9126]]],[[[-74.9879,-48.8674],[-74.9754,-48.8714],[-74.9873,-48.8718],[-74.9879,-48.8674]]],[[[-74.7792,-52.3543],[-74.7864,-52.3486],[-74.7771,-52.3446],[-74.7501,-52.3535],[-74.7695,-52.3654],[-74.761,-52.3587],[-74.7753,-52.3646],[-74.7695,-52.3563],[-74.7811,-52.3577],[-74.7694,-52.3512],[-74.7806,-52.3522],[-74.7792,-52.3543]]],[[[-74.7892,-52.347],[-74.8041,-52.355],[-74.8021,-52.3437],[-74.8212,-52.3339],[-74.7911,-52.3393],[-74.7892,-52.347]]],[[[-74.7825968,-52.3310471],[-74.7731043,-52.3313917],[-74.7721108,-52.3342078],[-74.7769429,-52.3370968],[-74.7822387,-52.337019],[-74.7885798,-52.3334472],[-74.7886311,-52.3315514],[-74.7857104,-52.3314886],[-74.7853165,-52.3299243],[-74.7825968,-52.3310471]]],[[[-74.8159,-52.3099],[-74.7971,-52.3224],[-74.8112,-52.3101],[-74.8159,-52.3099]]],[[[-74.8458,-52.3221],[-74.8767,-52.3084],[-74.8637,-52.3036],[-74.875,-52.2983],[-74.8607,-52.2815],[-74.9269,-52.2782],[-74.9265,-52.2697],[-74.9142,-52.2746],[-74.9145,-52.251],[-74.8644,-52.267],[-74.8378,-52.3013],[-74.8611,-52.3089],[-74.8428,-52.3203],[-74.8458,-52.3221]]],[[[-74.8502724,-52.2715789],[-74.8449575,-52.2682987],[-74.8401911,-52.2700131],[-74.8409974,-52.2714268],[-74.8326935,-52.2728696],[-74.8332641,-52.2757762],[-74.8419291,-52.2762719],[-74.8502724,-52.2715789]]],[[[-74.7576,-52.2474],[-74.7417,-52.263],[-74.6778,-52.2708],[-74.6889,-52.2575],[-74.6783,-52.2417],[-74.6605,-52.2411],[-74.6691,-52.2343],[-74.6549,-52.2409],[-74.6416,-52.2233],[-74.5951,-52.2065],[-74.5805,-52.2142],[-74.591,-52.2424],[-74.6232,-52.2655],[-74.6208,-52.2923],[-74.6402,-52.2895],[-74.6155,-52.3103],[-74.6504,-52.3163],[-74.6877,-52.3039],[-74.65,-52.3244],[-74.7418,-52.3348],[-74.7455,-52.322],[-74.784,-52.3105],[-74.7573,-52.3116],[-74.7556,-52.2918],[-74.7715,-52.2892],[-74.7588,-52.2996],[-74.7703,-52.3048],[-74.8083,-52.2812],[-74.7694,-52.2786],[-74.7808,-52.2691],[-74.8288,-52.2764],[-74.8333,-52.2563],[-74.8628,-52.2632],[-74.9078,-52.2265],[-74.8791,-52.2004],[-74.8341,-52.1978],[-74.8471,-52.2162],[-74.796,-52.2219],[-74.762,-52.2499],[-74.7576,-52.2474]]],[[[-74.693,-52.2351],[-74.6809,-52.2276],[-74.6795,-52.2395],[-74.7045,-52.2606],[-74.7227,-52.2506],[-74.739,-52.257],[-74.7372,-52.2485],[-74.7661,-52.2446],[-74.7624,-52.2219],[-74.7132,-52.222],[-74.7333,-52.2286],[-74.7361,-52.2466],[-74.6945,-52.2357],[-74.693,-52.2351]]],[[[-74.7873,-52.2222],[-74.7787,-52.2237],[-74.7866,-52.2261],[-74.7873,-52.2222]]],[[[-74.8076657,-52.2061311],[-74.806302,-52.2052888],[-74.8081931,-52.2032837],[-74.8052546,-52.2027841],[-74.8010296,-52.2030935],[-74.8010611,-52.2044515],[-74.7951539,-52.2039409],[-74.7946765,-52.2059194],[-74.7981539,-52.207387],[-74.8023536,-52.2065424],[-74.8038457,-52.2101181],[-74.8104073,-52.2111358],[-74.8201036,-52.208389],[-74.8194415,-52.2065942],[-74.8129209,-52.2081074],[-74.8076657,-52.2061311]]],[[[-74.7895,-52.1998],[-74.7798,-52.2175],[-74.793,-52.2019],[-74.7895,-52.1998]]],[[[-74.8814,-52.1957],[-74.8919,-52.1931],[-74.8809,-52.1946],[-74.8814,-52.1957]]],[[[-74.7978,-52.1916],[-74.8137,-52.1953],[-74.7994,-52.1893],[-74.7978,-52.1916]]],[[[-74.7208,-52.067],[-74.7108,-52.0869],[-74.7297,-52.0744],[-74.7208,-52.067]]],[[[-74.8561,-52.0224],[-74.8456,-52.0323],[-74.8583,-52.0235],[-74.8561,-52.0224]]],[[[-74.8764,-52.123],[-74.8362,-52.0818],[-74.8421,-52.075],[-74.8081,-52.0705],[-74.7448,-52.0324],[-74.7847,-52.0481],[-74.7776,-52.0165],[-74.7891,-52.0428],[-74.8055,-52.0333],[-74.7875,-52.0521],[-74.8305,-52.0607],[-74.8079,-51.9805],[-74.7479,-51.9635],[-74.8081,-51.9744],[-74.7827,-51.9066],[-74.7539,-51.909],[-74.7721,-51.8977],[-74.741,-51.8347],[-74.7297,-51.8299],[-74.6939,-51.8529],[-74.7099,-51.8695],[-74.7141,-51.8621],[-74.7115,-51.872],[-74.6672,-51.8513],[-74.662,-51.8718],[-74.6862,-51.8687],[-74.6654,-51.8762],[-74.6648,-51.8919],[-74.6155,-51.8468],[-74.6161,-51.8838],[-74.5753,-51.8396],[-74.6158,-51.9123],[-74.675,-51.9274],[-74.6476,-51.9446],[-74.6666,-51.9612],[-74.6515,-51.9499],[-74.6305,-51.9587],[-74.6613,-51.9706],[-74.6723,-51.9601],[-74.6738,-51.9726],[-74.7013,-51.9765],[-74.6755,-51.9843],[-74.7171,-52.0097],[-74.6906,-52.0111],[-74.6736,-51.9805],[-74.6546,-51.9719],[-74.6365,-51.9696],[-74.632,-51.9873],[-74.6727,-52.0216],[-74.7024,-52.0161],[-74.6905,-52.0336],[-74.7056,-52.0414],[-74.6951,-52.0504],[-74.7059,-52.0659],[-74.7304,-52.0666],[-74.7379,-52.0844],[-74.7244,-52.091],[-74.7368,-52.1159],[-74.7516,-52.1215],[-74.7496,-52.099],[-74.7651,-52.1163],[-74.7847,-52.113],[-74.7853,-52.1012],[-74.7996,-52.1188],[-74.8132,-52.1003],[-74.8126,-52.1165],[-74.7754,-52.1341],[-74.81,-52.1424],[-74.8022,-52.1495],[-74.8207,-52.1629],[-74.8348,-52.1563],[-74.8482,-52.166],[-74.865,-52.1495],[-74.8881,-52.1487],[-74.8738,-52.1281],[-74.8764,-52.123]]],[[[-74.8572,-51.7419],[-74.8681,-51.7377],[-74.8582,-51.7428],[-74.8572,-51.7419]]],[[[-74.7407256,-51.7112713],[-74.7427397,-51.7122993],[-74.7410536,-51.7155418],[-74.7425853,-51.7166824],[-74.7449961,-51.7128315],[-74.7436343,-51.711174],[-74.7461024,-51.7104778],[-74.7475253,-51.7078094],[-74.7441836,-51.7024173],[-74.744403,-51.6996441],[-74.7428008,-51.6981067],[-74.7408744,-51.6982422],[-74.7415343,-51.699255],[-74.7407256,-51.7112713]]],[[[-74.7083,-51.5632],[-74.6954,-51.5628],[-74.7093,-51.5753],[-74.744,-51.5643],[-74.7052,-51.561],[-74.7083,-51.5632]]],[[[-74.7145,-51.5443],[-74.7464,-51.5526],[-74.7066,-51.5566],[-74.7642,-51.5583],[-74.775,-51.5551],[-74.762,-51.5462],[-74.7214,-51.5427],[-74.7145,-51.5443]]],[[[-74.7578,-51.4934],[-74.783,-51.5029],[-74.7531,-51.4894],[-74.7578,-51.4934]]],[[[-74.7901,-51.496],[-74.7781,-51.4904],[-74.7852,-51.4845],[-74.7687,-51.4864],[-74.7907,-51.497],[-74.7901,-51.496]]],[[[-74.8631,-51.5104],[-74.887,-51.5005],[-74.8848,-51.4839],[-74.862,-51.4623],[-74.8309,-51.458],[-74.8603,-51.4935],[-74.8476,-51.5093],[-74.8622,-51.5132],[-74.8631,-51.5104]]],[[[-74.8091,-51.4781],[-74.8069,-51.4886],[-74.8422,-51.4977],[-74.8267,-51.4568],[-74.7815,-51.4493],[-74.7638,-51.47],[-74.7857,-51.4731],[-74.7998,-51.4564],[-74.8023,-51.4734],[-74.8091,-51.4781]]],[[[-74.7249,-51.4529],[-74.7036,-51.4489],[-74.7249,-51.4545],[-74.7249,-51.4529]]],[[[-74.5678,-51.2086],[-74.5366,-51.2261],[-74.5566,-51.2262],[-74.5143,-51.2501],[-74.4989,-51.2786],[-74.515,-51.3019],[-74.5391,-51.2606],[-74.5217,-51.2577],[-74.5583,-51.2395],[-74.5402,-51.2614],[-74.5496,-51.2596],[-74.539,-51.2696],[-74.5458,-51.2814],[-74.5316,-51.2887],[-74.5273,-51.3148],[-74.6006,-51.2578],[-74.6116,-51.2562],[-74.6051,-51.2656],[-74.6707,-51.2436],[-74.6258,-51.2603],[-74.6301,-51.2693],[-74.6198,-51.2705],[-74.636,-51.2795],[-74.607,-51.2697],[-74.5737,-51.2888],[-74.5636,-51.3058],[-74.59,-51.3266],[-74.5606,-51.3167],[-74.5413,-51.3299],[-74.5798,-51.3536],[-74.5396,-51.3368],[-74.5202,-51.3568],[-74.5476,-51.389],[-74.5854,-51.3911],[-74.6131,-51.4076],[-74.6131,-51.3925],[-74.6343,-51.3793],[-74.6214,-51.3711],[-74.6221,-51.3536],[-74.6395,-51.3638],[-74.6705,-51.3269],[-74.6589,-51.301],[-74.6718,-51.2991],[-74.6714,-51.2774],[-74.6872,-51.2951],[-74.6668,-51.3041],[-74.6861,-51.3178],[-74.7014,-51.2993],[-74.7317,-51.2939],[-74.6873,-51.3241],[-74.7216,-51.3745],[-74.7419,-51.3769],[-74.7383,-51.3588],[-74.7693,-51.3812],[-74.7706,-51.3907],[-74.7276,-51.3805],[-74.7504,-51.4229],[-74.76,-51.4043],[-74.798,-51.4098],[-74.7791,-51.3906],[-74.8023,-51.4097],[-74.7642,-51.4252],[-74.8088,-51.4501],[-74.8323,-51.4475],[-74.8249,-51.4302],[-74.8401,-51.4294],[-74.8446,-51.4476],[-74.8808,-51.4528],[-74.8723,-51.4644],[-74.892,-51.4672],[-74.8826,-51.4228],[-74.8945,-51.425],[-74.8848,-51.4335],[-74.8978,-51.4475],[-74.888,-51.4451],[-74.8903,-51.4571],[-74.9088,-51.4617],[-74.9045,-51.4459],[-74.9384,-51.4625],[-74.9367,-51.4356],[-74.9512,-51.471],[-74.9947,-51.4844],[-75.0323,-51.4796],[-75.0175,-51.4545],[-75.0399,-51.4417],[-75.0229,-51.4385],[-74.9998,-51.4546],[-74.9871,-51.4376],[-75.0097,-51.4513],[-75.0352,-51.4321],[-74.9346,-51.4077],[-74.9288,-51.3928],[-74.8444,-51.3671],[-74.7802,-51.3278],[-74.8091,-51.3278],[-74.8681,-51.3641],[-74.8574,-51.3405],[-74.8755,-51.3656],[-74.8907,-51.3691],[-74.8966,-51.357],[-74.8957,-51.3703],[-74.9476,-51.3871],[-74.9697,-51.378],[-74.9225,-51.3703],[-74.9515,-51.363],[-74.9487,-51.3549],[-74.9654,-51.3607],[-74.9805,-51.3443],[-74.9182,-51.283],[-74.9089,-51.2847],[-74.9115,-51.3081],[-74.9083,-51.2822],[-74.8866,-51.2761],[-74.8609,-51.2761],[-74.8593,-51.2941],[-74.8526,-51.2801],[-74.829,-51.2927],[-74.8426,-51.2719],[-74.794,-51.287],[-74.8017,-51.2718],[-74.8499,-51.2624],[-74.8238,-51.2531],[-74.8364,-51.2449],[-74.8225,-51.2249],[-74.7726,-51.2464],[-74.8044,-51.2281],[-74.7982,-51.2095],[-74.7623,-51.2095],[-74.7581,-51.2206],[-74.7245,-51.2267],[-74.7493,-51.2107],[-74.7198,-51.1898],[-74.661,-51.2126],[-74.6161,-51.187],[-74.5853,-51.1971],[-74.6014,-51.2032],[-74.5901,-51.2157],[-74.5712,-51.2228],[-74.5783,-51.2107],[-74.5652,-51.2108],[-74.5678,-51.2086]]],[[[-74.8077,-51.1742],[-74.782,-51.1669],[-74.7365,-51.1886],[-74.7527,-51.2108],[-74.7947,-51.2027],[-74.7855,-51.179],[-74.8059,-51.1765],[-74.8077,-51.1742]]],[[[-74.8099846,-51.1696035],[-74.8130406,-51.1677093],[-74.8133299,-51.1640552],[-74.8111427,-51.1639769],[-74.8034463,-51.1647614],[-74.7996403,-51.1675087],[-74.8099846,-51.1696035]]],[[[-74.7847,-51.1394],[-74.7686,-51.1518],[-74.7914,-51.128],[-74.76,-51.1325],[-74.7732,-51.1613],[-74.8102,-51.1534],[-74.8016,-51.1364],[-74.7889,-51.1369],[-74.7847,-51.1394]]],[[[-74.7097,-51.1363],[-74.7302,-51.1317],[-74.7003,-51.1334],[-74.7097,-51.1363]]],[[[-74.7394,-51.1283],[-74.7388,-51.1165],[-74.7279,-51.1297],[-74.7394,-51.1283]]],[[[-74.7837,-51.1126],[-74.759,-51.1117],[-74.7525,-51.1194],[-74.7736,-51.1165],[-74.7837,-51.1126]]],[[[-74.9017,-51.0614],[-74.8789,-51.0639],[-74.8994,-51.0678],[-74.9017,-51.0614]]],[[[-74.8947,-51.0457],[-74.9429,-51.0713],[-74.9711,-51.0667],[-74.9587,-51.0383],[-74.9092,-51.0387],[-74.9109,-51.0271],[-74.9513,-51.02],[-74.9026,-50.9848],[-74.8141,-50.9925],[-74.857,-51.0099],[-74.8862,-51.043],[-74.8947,-51.0457]]],[[[-74.8909,-50.9725],[-74.8761,-50.9565],[-74.8893,-50.9735],[-74.8909,-50.9725]]],[[[-74.7972285,-50.8951708],[-74.8071783,-50.8936951],[-74.8052243,-50.8906293],[-74.8030135,-50.8904584],[-74.7944081,-50.8915303],[-74.789738,-50.893962],[-74.7972285,-50.8951708]]],[[[-74.7437,-50.6858],[-74.7523,-50.6908],[-74.7414,-50.6964],[-74.7303,-50.6994],[-74.7354,-50.6834],[-74.7152,-50.696],[-74.7302,-50.7186],[-74.7647,-50.7079],[-74.7356,-50.7234],[-74.7317,-50.7544],[-74.7945,-50.7375],[-74.7403,-50.7611],[-74.7495,-50.7731],[-74.7797,-50.7674],[-74.7725,-50.7757],[-74.7491,-50.7795],[-74.7343,-50.7655],[-74.7115,-50.7828],[-74.7351,-50.7988],[-74.7079,-50.7865],[-74.6904,-50.7929],[-74.702,-50.7978],[-74.6882,-50.7982],[-74.6951,-50.8241],[-74.7872,-50.8058],[-74.7531,-50.816],[-74.7477,-50.8284],[-74.699,-50.8324],[-74.7364,-50.8514],[-74.7199,-50.8566],[-74.7187,-50.8482],[-74.71,-50.8623],[-74.7189,-50.8872],[-74.6737,-50.8303],[-74.6751,-50.8056],[-74.6498,-50.8061],[-74.6357,-50.8183],[-74.6512,-50.8577],[-74.6712,-50.8573],[-74.6549,-50.8663],[-74.6768,-50.8856],[-74.6633,-50.8831],[-74.6782,-50.8977],[-74.6916,-50.8934],[-74.6819,-50.8988],[-74.6899,-50.9045],[-74.7547,-50.9006],[-74.8232,-50.8799],[-74.7986,-50.8687],[-74.8294,-50.8799],[-74.8736,-50.8671],[-74.8531,-50.8489],[-74.9056,-50.8716],[-74.9216,-50.8617],[-74.9194,-50.8493],[-74.938,-50.8457],[-74.9281,-50.831],[-74.8954,-50.839],[-74.9152,-50.8304],[-74.8701,-50.8429],[-74.8854,-50.8306],[-74.8579,-50.8271],[-74.8919,-50.8271],[-74.9126,-50.815],[-74.8736,-50.8179],[-74.9302,-50.8001],[-74.8467,-50.8096],[-74.9094,-50.7888],[-74.9465,-50.7898],[-74.9469,-50.7624],[-74.8708,-50.7827],[-74.9307,-50.762],[-74.9134,-50.752],[-74.9482,-50.7498],[-74.9441,-50.7348],[-74.9272,-50.7334],[-74.9412,-50.7233],[-74.9102,-50.7115],[-74.8919,-50.7161],[-74.894,-50.7259],[-74.8596,-50.7216],[-74.8456,-50.7345],[-74.8371,-50.7256],[-74.8285,-50.7316],[-74.8566,-50.7421],[-74.8804,-50.7406],[-74.858,-50.7589],[-74.8269,-50.763],[-74.8557,-50.7535],[-74.8198,-50.7546],[-74.8484,-50.7452],[-74.8306,-50.7485],[-74.8326,-50.7389],[-74.8079,-50.7327],[-74.8684,-50.7081],[-74.8556,-50.7059],[-74.9285,-50.6934],[-74.9213,-50.6797],[-74.9305,-50.6752],[-74.9131,-50.6798],[-74.9218,-50.6921],[-74.8934,-50.6688],[-74.8588,-50.6748],[-74.8434,-50.6917],[-74.8169,-50.6879],[-74.8062,-50.7017],[-74.8134,-50.7144],[-74.7928,-50.6982],[-74.7728,-50.7044],[-74.8188,-50.6813],[-74.8378,-50.6561],[-74.7945,-50.6618],[-74.7757,-50.6713],[-74.7849,-50.6814],[-74.7701,-50.6728],[-74.746,-50.6885],[-74.7437,-50.6858]]],[[[-74.8456,-50.6723],[-74.8719,-50.6679],[-74.8478,-50.6688],[-74.8456,-50.6723]]],[[[-74.7294,-50.6708],[-74.7331,-50.6783],[-74.744,-50.6638],[-74.7244,-50.6541],[-74.724,-50.6739],[-74.7094,-50.6737],[-74.7192,-50.6845],[-74.7253,-50.6726],[-74.7294,-50.6708]]],[[[-74.755,-50.6645],[-74.7709,-50.6688],[-74.7555,-50.6609],[-74.755,-50.6645]]],[[[-74.76,-50.6538],[-74.7736,-50.6666],[-74.8086,-50.6533],[-74.7997,-50.6443],[-74.7706,-50.6363],[-74.7577,-50.6529],[-74.76,-50.6538]]],[[[-74.8665,-50.5477],[-74.8801,-50.5391],[-74.863,-50.5302],[-74.8352,-50.5522],[-74.8352,-50.5656],[-74.8576,-50.5659],[-74.8696,-50.5522],[-74.8665,-50.5477]]],[[[-74.7121,-50.5076],[-74.7219,-50.52],[-74.7405,-50.5173],[-74.7149,-50.5018],[-74.7121,-50.5076]]],[[[-74.8787,-50.287],[-74.9158,-50.2576],[-74.9265,-50.2304],[-74.8322,-50.2521],[-74.8523,-50.2788],[-74.8808,-50.2908],[-74.8787,-50.287]]],[[[-74.8576,-50.2307],[-74.8292,-50.2415],[-74.8725,-50.2339],[-74.8576,-50.2307]]],[[[-74.8756,-50.1106],[-74.8682,-50.1038],[-74.8592,-50.109],[-74.8706,-50.112],[-74.8756,-50.1106]]],[[[-74.745,-50.0659],[-74.7787,-50.0496],[-74.7357,-50.0495],[-74.7243,-50.054],[-74.7362,-50.0622],[-74.745,-50.0659]]],[[[-74.8018,-50.0587],[-74.821,-50.0562],[-74.8012,-50.0568],[-74.8018,-50.0587]]],[[[-74.8546,-49.836],[-74.8608,-49.844],[-74.8853,-49.8189],[-74.8611,-49.833],[-74.8546,-49.836]]],[[[-74.8413,-49.8213],[-74.8533,-49.8271],[-74.8518,-49.815],[-74.8413,-49.8213]]],[[[-74.8749,-49.8175],[-74.889,-49.7926],[-74.8708,-49.802],[-74.8699,-49.8177],[-74.8749,-49.8175]]],[[[-74.8770894,-49.5585493],[-74.8809901,-49.5543086],[-74.878844,-49.546391],[-74.8773212,-49.5455315],[-74.8749583,-49.552051],[-74.8707708,-49.562984],[-74.8710148,-49.5652768],[-74.8740249,-49.5649347],[-74.8755129,-49.5688465],[-74.8782096,-49.5676706],[-74.8770894,-49.5585493]]],[[[-74.8224997,-49.1419379],[-74.8240014,-49.1403685],[-74.8222236,-49.1326729],[-74.8179068,-49.1291429],[-74.8160914,-49.1242609],[-74.8139329,-49.1238357],[-74.813113,-49.1260825],[-74.8115907,-49.1296494],[-74.8224997,-49.1419379]]],[[[-74.7926,-49.078],[-74.7999,-49.0849],[-74.8034,-49.0667],[-74.7853,-49.0772],[-74.7926,-49.078]]],[[[-74.9147,-48.6297],[-74.8283,-48.6421],[-74.8054,-48.6286],[-74.7653,-48.656],[-74.8188,-48.6773],[-74.878,-48.7207],[-74.9658,-48.7454],[-74.9882,-48.7367],[-74.9651,-48.6645],[-74.8911,-48.6937],[-74.8895,-48.6846],[-74.866,-48.6991],[-74.8508,-48.6901],[-74.9603,-48.6547],[-74.9641,-48.6297],[-74.9546,-48.6291],[-74.9655,-48.619],[-74.9494,-48.6187],[-74.9602,-48.6007],[-74.9313,-48.6399],[-74.9185,-48.6298],[-74.9147,-48.6297]]],[[[-74.6145477,-52.9006651],[-74.6104637,-52.8998652],[-74.6044578,-52.9043312],[-74.6035258,-52.9101309],[-74.6097813,-52.9120012],[-74.6139741,-52.9092641],[-74.6137246,-52.9072272],[-74.6073272,-52.9084557],[-74.6065394,-52.9067878],[-74.6145477,-52.9006651]]],[[[-74.6036,-52.3774],[-74.6175,-52.393],[-74.6429,-52.3958],[-74.6405,-52.381],[-74.656,-52.3972],[-74.6869,-52.3783],[-74.6966,-52.3855],[-74.6908,-52.3658],[-74.6618,-52.3556],[-74.669,-52.3472],[-74.6115,-52.343],[-74.5786,-52.3687],[-74.5962,-52.368],[-74.5841,-52.3804],[-74.6138,-52.3913],[-74.6036,-52.3774]]],[[[-74.612,-52.334],[-74.6262,-52.3373],[-74.6262,-52.3232],[-74.5993,-52.3074],[-74.571,-52.3252],[-74.5897,-52.3367],[-74.607,-52.3186],[-74.5974,-52.3342],[-74.6105,-52.3324],[-74.612,-52.334]]],[[[-74.6567,-52.2183],[-74.6467,-52.2235],[-74.6631,-52.2239],[-74.6567,-52.2183]]],[[[-74.6636117,-52.2125137],[-74.6711486,-52.2142611],[-74.6744236,-52.2179787],[-74.6789423,-52.2178544],[-74.679101,-52.2162797],[-74.6763496,-52.2146121],[-74.6795488,-52.2119797],[-74.6732041,-52.2076425],[-74.6739576,-52.2086645],[-74.6683525,-52.2089035],[-74.6739308,-52.2129713],[-74.6636117,-52.2125137]]],[[[-74.6422,-52.2155],[-74.6507,-52.2168],[-74.642,-52.2026],[-74.626,-52.2092],[-74.6367,-52.2126],[-74.6422,-52.2155]]],[[[-74.5743,-52.1188],[-74.589,-52.1107],[-74.6087,-52.1248],[-74.5949,-52.1409],[-74.606,-52.1515],[-74.616,-52.1515],[-74.6122,-52.1366],[-74.6313,-52.1428],[-74.6175,-52.148],[-74.6306,-52.1567],[-74.6162,-52.1691],[-74.6353,-52.1949],[-74.6764,-52.1881],[-74.6815,-52.174],[-74.6842,-52.1895],[-74.6552,-52.1923],[-74.6618,-52.2052],[-74.712,-52.2008],[-74.7011,-52.2112],[-74.7367,-52.2206],[-74.7564,-52.2105],[-74.7509,-52.1848],[-74.7691,-52.1904],[-74.7949,-52.1732],[-74.6476,-52.1082],[-74.6231,-52.1172],[-74.6284,-52.1042],[-74.5889,-52.0861],[-74.5498,-52.0969],[-74.5504,-52.1096],[-74.5706,-52.1183],[-74.5743,-52.1188]]],[[[-74.7196,-52.0943],[-74.7107,-52.0917],[-74.7181,-52.1052],[-74.7196,-52.0943]]],[[[-74.5971707,-51.956337],[-74.591792,-51.9550018],[-74.5893563,-51.956234],[-74.590907,-51.9609775],[-74.606696,-51.9723091],[-74.6081475,-51.9709301],[-74.6058835,-51.9666691],[-74.6023339,-51.9644375],[-74.6000337,-51.9589939],[-74.5971707,-51.956337]]],[[[-74.6196,-51.9503],[-74.6038,-51.9505],[-74.6226,-51.953],[-74.6196,-51.9503]]],[[[-74.5439,-51.8525],[-74.5326,-51.8722],[-74.5821,-51.9164],[-74.552,-51.9127],[-74.5303,-51.891],[-74.5563,-51.9281],[-74.5773,-51.9379],[-74.6025,-51.9308],[-74.5878,-51.9371],[-74.598,-51.947],[-74.647,-51.9382],[-74.6153,-51.9251],[-74.5967,-51.8998],[-74.5829,-51.9061],[-74.5625,-51.8311],[-74.5486,-51.8332],[-74.5609,-51.8442],[-74.5341,-51.8366],[-74.557,-51.8481],[-74.5435,-51.8506],[-74.5439,-51.8525]]],[[[-74.6006,-51.8442],[-74.6145,-51.8551],[-74.6024,-51.8439],[-74.6006,-51.8442]]],[[[-74.6529,-51.8079],[-74.6272,-51.7888],[-74.6277,-51.8168],[-74.6011,-51.8088],[-74.6376,-51.8513],[-74.6893,-51.8473],[-74.728,-51.822],[-74.7216,-51.7908],[-74.6853,-51.7845],[-74.6696,-51.7648],[-74.6651,-51.787],[-74.6588,-51.7647],[-74.6489,-51.7684],[-74.6602,-51.7825],[-74.6394,-51.7891],[-74.6561,-51.8088],[-74.6529,-51.8079]]],[[[-74.6707,-51.7327],[-74.7172,-51.7866],[-74.7271,-51.7187],[-74.6658,-51.6945],[-74.6984,-51.7144],[-74.6781,-51.7125],[-74.6699,-51.7304],[-74.6707,-51.7327]]],[[[-74.6597,-51.7255],[-74.6673,-51.7176],[-74.6422,-51.6996],[-74.6532,-51.7235],[-74.6597,-51.7255]]],[[[-74.6143,-51.6993],[-74.6036,-51.7012],[-74.6118,-51.7169],[-74.6185,-51.701],[-74.6143,-51.6993]]],[[[-74.6967,-51.6926],[-74.7158,-51.702],[-74.6978,-51.6951],[-74.6967,-51.6926]]],[[[-74.5969,-51.5903],[-74.612,-51.5862],[-74.5963,-51.5868],[-74.5969,-51.5903]]],[[[-74.6778,-51.5326],[-74.6775,-51.5427],[-74.6894,-51.5436],[-74.6829,-51.5352],[-74.6778,-51.5326]]],[[[-74.598,-51.527],[-74.6089,-51.532],[-74.5983,-51.5257],[-74.598,-51.527]]],[[[-74.6304254,-51.522665],[-74.6248407,-51.5211487],[-74.6238794,-51.5233459],[-74.6291093,-51.5287113],[-74.6379728,-51.5346336],[-74.6404714,-51.5342045],[-74.6405763,-51.5299835],[-74.6304254,-51.522665]]],[[[-74.6689,-51.4216],[-74.6555,-51.4254],[-74.6805,-51.4376],[-74.6672,-51.4191],[-74.6689,-51.4216]]],[[[-74.5821217,-51.4036255],[-74.5916604,-51.4060611],[-74.593356,-51.4043255],[-74.5811566,-51.3994598],[-74.5720299,-51.4016285],[-74.5758599,-51.4048118],[-74.5821217,-51.4036255]]],[[[-74.6379,-51.3944],[-74.6533,-51.4041],[-74.6435,-51.3929],[-74.6379,-51.3944]]],[[[-74.6817,-51.351],[-74.6937,-51.3493],[-74.6735,-51.3632],[-74.6664,-51.3892],[-74.6928,-51.4133],[-74.6842,-51.4369],[-74.6986,-51.4453],[-74.754,-51.4402],[-74.7123,-51.3938],[-74.7164,-51.3779],[-74.6857,-51.3353],[-74.6718,-51.3319],[-74.6586,-51.3493],[-74.6644,-51.3615],[-74.6786,-51.3507],[-74.6817,-51.351]]],[[[-74.6279,-51.1586],[-74.6146,-51.1663],[-74.63,-51.1602],[-74.6279,-51.1586]]],[[[-74.5605,-51.1811],[-74.5841,-51.1654],[-74.5717,-51.1544],[-74.5971,-51.1618],[-74.5967,-51.1712],[-74.6283,-51.1492],[-74.6436,-51.1558],[-74.6306,-51.1617],[-74.6396,-51.159],[-74.6391,-51.1827],[-74.653,-51.186],[-74.6394,-51.1939],[-74.6647,-51.2019],[-74.7034,-51.1867],[-74.7116,-51.1641],[-74.7192,-51.1862],[-74.7466,-51.1751],[-74.759,-51.165],[-74.7493,-51.159],[-74.7533,-51.1388],[-74.6728,-51.1508],[-74.6793,-51.1355],[-74.6348,-51.1162],[-74.6116,-51.0852],[-74.585,-51.1026],[-74.5572,-51.1754],[-74.5605,-51.1811]]],[[[-74.6979,-51.1298],[-74.71,-51.1219],[-74.6924,-51.1275],[-74.6979,-51.1298]]],[[[-74.6644,-51.1138],[-74.6563,-51.1165],[-74.6694,-51.1209],[-74.6644,-51.1138]]],[[[-74.6794,-51.0177],[-74.6521,-51.013],[-74.653,-51.0241],[-74.6945,-51.0284],[-74.7152,-51.0216],[-74.7103,-51.0103],[-74.6794,-51.0177]]],[[[-74.5891,-50.7548],[-74.5795,-50.7389],[-74.5594,-50.7453],[-74.5424,-50.7332],[-74.5374,-50.7696],[-74.5337,-50.7462],[-74.5189,-50.7384],[-74.499,-50.7724],[-74.4824,-50.7549],[-74.458,-50.7679],[-74.473,-50.7762],[-74.4614,-50.7745],[-74.4676,-50.783],[-74.4458,-50.7721],[-74.4614,-50.796],[-74.4495,-50.8175],[-74.4779,-50.8456],[-74.4695,-50.8187],[-74.4786,-50.8218],[-74.5118,-50.8599],[-74.4866,-50.8417],[-74.4614,-50.8481],[-74.4422,-50.8159],[-74.4225,-50.8143],[-74.4334,-50.8263],[-74.4233,-50.8336],[-74.4105,-50.8111],[-74.3951,-50.8141],[-74.4093,-50.8282],[-74.3809,-50.8478],[-74.3971,-50.8658],[-74.3741,-50.8589],[-74.3723,-50.8858],[-74.3867,-50.9003],[-74.4057,-50.8862],[-74.4117,-50.8928],[-74.3909,-50.902],[-74.4268,-50.9268],[-74.4093,-50.9329],[-74.4273,-50.9428],[-74.3765,-50.9143],[-74.3945,-50.9397],[-74.3749,-50.936],[-74.3744,-50.9534],[-74.3941,-50.957],[-74.4088,-50.9768],[-74.3745,-50.9625],[-74.3595,-50.99],[-74.3587,-51.0358],[-74.3999,-51.0107],[-74.386,-51.0438],[-74.4069,-51.0484],[-74.3708,-51.0511],[-74.3732,-51.086],[-74.42,-51.0674],[-74.421,-51.0354],[-74.4592,-50.9943],[-74.4754,-50.9909],[-74.4914,-51.02],[-74.5374,-51.0338],[-74.5204,-50.9865],[-74.5464,-51.0364],[-74.5932,-51.0562],[-74.602,-51.033],[-74.577,-51.0053],[-74.6066,-51.0279],[-74.6098,-51.0795],[-74.6474,-51.1003],[-74.6366,-51.0754],[-74.6596,-51.1053],[-74.6967,-51.119],[-74.7044,-51.1103],[-74.68,-51.0926],[-74.718,-51.1117],[-74.73,-51.1065],[-74.7102,-51.0994],[-74.7488,-51.0985],[-74.7152,-51.0893],[-74.7668,-51.0765],[-74.742,-51.0774],[-74.7455,-51.063],[-74.7344,-51.0593],[-74.6911,-51.0658],[-74.7131,-51.0614],[-74.7027,-51.0553],[-74.7424,-51.0564],[-74.7462,-51.0336],[-74.6413,-51.0313],[-74.6388,-51.0119],[-74.6156,-51.004],[-74.6027,-50.9603],[-74.6151,-50.9866],[-74.6564,-51.008],[-74.7283,-51.0088],[-74.7371,-50.9841],[-74.7612,-50.9887],[-74.7333,-51.0066],[-74.7761,-51.0073],[-74.7611,-51.0349],[-74.7969,-51.0848],[-74.8289,-51.066],[-74.7836,-51.0501],[-74.8283,-51.0477],[-74.8323,-51.0611],[-74.8614,-51.0667],[-74.8912,-51.0545],[-74.8518,-51.0351],[-74.8659,-51.0328],[-74.8624,-51.0245],[-74.8225,-51.0249],[-74.8542,-51.0198],[-74.8018,-50.992],[-74.8254,-50.9774],[-74.7674,-50.9795],[-74.8079,-50.9673],[-74.8737,-50.9758],[-74.8554,-50.96],[-74.811,-50.9588],[-74.8527,-50.944],[-74.8694,-50.9579],[-74.8825,-50.9479],[-74.8874,-50.9647],[-74.9378,-50.9934],[-74.9529,-50.9887],[-74.9502,-50.9602],[-74.9321,-50.9587],[-74.9506,-50.9569],[-74.9389,-50.9157],[-74.8528,-50.915],[-74.9143,-50.9066],[-74.9313,-50.8787],[-74.8426,-50.8916],[-74.8881,-50.8792],[-74.8815,-50.8718],[-74.8089,-50.8889],[-74.8154,-50.8959],[-74.7826,-50.9079],[-74.6647,-50.9039],[-74.6797,-50.9374],[-74.6403,-50.9338],[-74.6316,-50.9545],[-74.6363,-50.9259],[-74.618,-50.9289],[-74.6219,-50.9173],[-74.6045,-50.9271],[-74.6074,-50.9533],[-74.6029,-50.9279],[-74.586,-50.9215],[-74.606,-50.9102],[-74.5921,-50.9014],[-74.5305,-50.9187],[-74.5842,-50.8975],[-74.552,-50.8807],[-74.6192,-50.9007],[-74.5961,-50.8532],[-74.624,-50.8971],[-74.6414,-50.8882],[-74.6264,-50.843],[-74.6064,-50.8523],[-74.6154,-50.8259],[-74.5673,-50.8386],[-74.5816,-50.8547],[-74.5741,-50.8602],[-74.5601,-50.8443],[-74.5357,-50.8463],[-74.5426,-50.8299],[-74.5195,-50.8103],[-74.5528,-50.8318],[-74.59,-50.8186],[-74.6029,-50.8048],[-74.5725,-50.7925],[-74.6029,-50.7976],[-74.6208,-50.7818],[-74.612,-50.7787],[-74.6332,-50.774],[-74.6285,-50.7643],[-74.6515,-50.7569],[-74.6484,-50.748],[-74.6848,-50.7373],[-74.6595,-50.7334],[-74.6631,-50.7244],[-74.6468,-50.7252],[-74.6557,-50.7198],[-74.6374,-50.7087],[-74.6188,-50.7111],[-74.5865,-50.7293],[-74.6002,-50.7496],[-74.5904,-50.752],[-74.5891,-50.7548]]],[[[-74.6504,-50.9093],[-74.6412,-50.9084],[-74.6489,-50.9131],[-74.6504,-50.9093]]],[[[-74.6384,-50.7641],[-74.6611,-50.7699],[-74.6622,-50.7574],[-74.6518,-50.7598],[-74.6384,-50.7641]]],[[[-74.6688,-50.7609],[-74.6812,-50.7623],[-74.6778,-50.7486],[-74.6659,-50.7609],[-74.6688,-50.7609]]],[[[-74.6806258,-50.7260312],[-74.6788735,-50.7270306],[-74.675381,-50.7262541],[-74.6741918,-50.7291604],[-74.6831696,-50.7344802],[-74.6855703,-50.7321672],[-74.6859623,-50.7291466],[-74.6806258,-50.7260312]]],[[[-74.6548,-50.6954],[-74.6416,-50.7078],[-74.6725,-50.7188],[-74.6775,-50.692],[-74.6647,-50.6919],[-74.6548,-50.6954]]],[[[-74.6047,-50.6423],[-74.6165,-50.6725],[-74.6378,-50.6578],[-74.6185,-50.6616],[-74.6093,-50.642],[-74.6047,-50.6423]]],[[[-74.6051,-50.6047],[-74.6034,-50.6156],[-74.6103,-50.6057],[-74.6051,-50.6047]]],[[[-74.6676,-50.5798],[-74.6793,-50.587],[-74.6697,-50.5782],[-74.6676,-50.5798]]],[[[-74.6936,-50.5674],[-74.6789,-50.572],[-74.6957,-50.5769],[-74.6911,-50.5691],[-74.6936,-50.5674]]],[[[-74.6333,-50.589],[-74.6546,-50.608],[-74.6795,-50.5994],[-74.6505,-50.5653],[-74.6729,-50.573],[-74.6639,-50.544],[-74.6899,-50.5508],[-74.6693,-50.5301],[-74.6869,-50.521],[-74.6731,-50.51],[-74.6161,-50.5081],[-74.6158,-50.5189],[-74.5843,-50.5269],[-74.5788,-50.5488],[-74.6289,-50.5901],[-74.6333,-50.589]]],[[[-74.7027,-50.5313],[-74.7156,-50.5344],[-74.7054,-50.5281],[-74.7027,-50.5313]]],[[[-74.5682,-50.3751],[-74.5501,-50.3789],[-74.5407,-50.4065],[-74.5796,-50.4244],[-74.6006,-50.4083],[-74.5899,-50.4287],[-74.6954,-50.485],[-74.7212,-50.4828],[-74.7101,-50.4914],[-74.7388,-50.5111],[-74.7515,-50.515],[-74.7893,-50.4838],[-74.7739,-50.4724],[-74.784,-50.4625],[-74.7614,-50.4497],[-74.7751,-50.4395],[-74.7664,-50.4335],[-74.7391,-50.4608],[-74.749,-50.449],[-74.7381,-50.429],[-74.7482,-50.4249],[-74.7298,-50.4175],[-74.7378,-50.4089],[-74.7848,-50.435],[-74.7974,-50.4295],[-74.7685,-50.3987],[-74.7476,-50.4115],[-74.7532,-50.3819],[-74.7189,-50.3595],[-74.6588,-50.3519],[-74.6222,-50.3605],[-74.631,-50.3753],[-74.6036,-50.3598],[-74.5692,-50.3709],[-74.5682,-50.3751]]],[[[-74.616,-50.2961],[-74.6263,-50.3007],[-74.611,-50.3125],[-74.6462,-50.3179],[-74.7558,-50.3079],[-74.7148,-50.279],[-74.6498,-50.2964],[-74.6599,-50.2825],[-74.6366,-50.2983],[-74.6508,-50.2738],[-74.5699,-50.2929],[-74.5891,-50.315],[-74.6191,-50.2921],[-74.616,-50.2961]]],[[[-74.6086,-50.2712],[-74.623,-50.2464],[-74.5734,-50.2573],[-74.5517,-50.2715],[-74.5608,-50.2876],[-74.6016,-50.275],[-74.6086,-50.2712]]],[[[-74.7076,-50.256],[-74.7426,-50.2522],[-74.7285,-50.2415],[-74.7406,-50.2366],[-74.7279,-50.2273],[-74.7334,-50.2179],[-74.7079,-50.2204],[-74.6844,-50.2404],[-74.6705,-50.236],[-74.6758,-50.2602],[-74.7053,-50.2555],[-74.7076,-50.256]]],[[[-74.7371,-50.1132],[-74.7623,-50.1018],[-74.7408,-50.0825],[-74.7069,-50.0681],[-74.6606,-50.0788],[-74.6845,-50.1103],[-74.7231,-50.1282],[-74.7534,-50.1192],[-74.758,-50.1106],[-74.7372,-50.1151],[-74.7371,-50.1132]]],[[[-74.7053,-49.427],[-74.718,-49.4294],[-74.7051,-49.4232],[-74.7053,-49.427]]],[[[-74.5273,-52.9935],[-74.5357,-52.988],[-74.5268,-52.9848],[-74.5078,-52.9952],[-74.5031,-53.0148],[-74.5291,-52.9943],[-74.5273,-52.9935]]],[[[-74.524,-52.9744],[-74.519,-52.9832],[-74.5293,-52.9739],[-74.524,-52.9744]]],[[[-74.5324,-52.9697],[-74.5471,-52.9678],[-74.5313,-52.9672],[-74.5324,-52.9697]]],[[[-74.5111,-52.4924],[-74.519,-52.5039],[-74.5144,-52.4919],[-74.5111,-52.4924]]],[[[-74.4996,-52.4822],[-74.4751,-52.4853],[-74.4992,-52.5118],[-74.5111,-52.505],[-74.4987,-52.4843],[-74.4996,-52.4822]]],[[[-74.5628,-52.4755],[-74.5712,-52.4739],[-74.5619,-52.466],[-74.5849,-52.4677],[-74.5437,-52.4536],[-74.5021,-52.474],[-74.5099,-52.489],[-74.5525,-52.4886],[-74.5658,-52.4767],[-74.5628,-52.4755]]],[[[-74.5782,-52.4487],[-74.5667,-52.4525],[-74.579,-52.4523],[-74.5782,-52.4487]]],[[[-74.4732,-52.4601],[-74.5028,-52.4486],[-74.5037,-52.4299],[-74.5065,-52.4419],[-74.5172,-52.4241],[-74.5426,-52.4252],[-74.5478,-52.4026],[-74.4831,-52.4086],[-74.5015,-52.4187],[-74.4739,-52.4387],[-74.4701,-52.4591],[-74.4732,-52.4601]]],[[[-74.5248869,-52.3891099],[-74.5233806,-52.3899065],[-74.5245463,-52.3919279],[-74.5232896,-52.3939914],[-74.5267384,-52.3964751],[-74.5321011,-52.3955708],[-74.5311276,-52.3933503],[-74.536327,-52.3935175],[-74.5354894,-52.391778],[-74.5367591,-52.3893016],[-74.5342578,-52.3890559],[-74.52965,-52.3904595],[-74.5248869,-52.3891099]]],[[[-74.4942,-52.3778],[-74.5166,-52.385],[-74.509,-52.3709],[-74.4831,-52.3734],[-74.4942,-52.3778]]],[[[-74.5196,-52.3781],[-74.53,-52.3807],[-74.5186,-52.3702],[-74.5196,-52.3781]]],[[[-74.5357,-52.3793],[-74.5502,-52.3837],[-74.5408,-52.3717],[-74.5304,-52.3747],[-74.5357,-52.3793]]],[[[-74.5014,-52.3478],[-74.5011,-52.367],[-74.5137,-52.3732],[-74.5098,-52.36],[-74.5286,-52.368],[-74.5296,-52.3598],[-74.4963,-52.3385],[-74.496,-52.3477],[-74.5014,-52.3478]]],[[[-74.4972,-52.3507],[-74.4842,-52.3451],[-74.4771,-52.3615],[-74.4848,-52.3484],[-74.4732,-52.345],[-74.4683,-52.3566],[-74.4879,-52.3662],[-74.5,-52.3548],[-74.4972,-52.3507]]],[[[-74.5732,-52.355],[-74.5861,-52.3535],[-74.5824,-52.3412],[-74.5731,-52.3404],[-74.5753,-52.3522],[-74.5732,-52.355]]],[[[-74.5434,-52.3621],[-74.5287,-52.3209],[-74.4925,-52.2978],[-74.4786,-52.3021],[-74.5418,-52.3634],[-74.5434,-52.3621]]],[[[-74.4798,-52.3235],[-74.4856,-52.331],[-74.4896,-52.3217],[-74.4764,-52.3201],[-74.4798,-52.3235]]],[[[-74.5734,-52.3022],[-74.5906,-52.3037],[-74.5714,-52.2907],[-74.5765,-52.2819],[-74.5883,-52.2987],[-74.6088,-52.2975],[-74.6026,-52.3075],[-74.618,-52.2944],[-74.5955,-52.251],[-74.5705,-52.2344],[-74.5446,-52.246],[-74.5362,-52.2668],[-74.5548,-52.3137],[-74.5734,-52.3006],[-74.5734,-52.3022]]],[[[-74.5622,-52.1362],[-74.5288,-52.1299],[-74.5379,-52.1484],[-74.5727,-52.1628],[-74.5724,-52.1439],[-74.5622,-52.1362]]],[[[-74.5763,-52.1223],[-74.5505,-52.1202],[-74.5888,-52.1363],[-74.5963,-52.1228],[-74.577,-52.1189],[-74.5763,-52.1223]]],[[[-74.48,-52.0686],[-74.5394,-52.1002],[-74.5504,-52.0911],[-74.5344,-52.0866],[-74.5489,-52.0808],[-74.4593,-52.0261],[-74.4257,-52.0351],[-74.4751,-52.0667],[-74.48,-52.0686]]],[[[-74.4778,-51.9747],[-74.4674,-51.9756],[-74.4848,-51.9849],[-74.4539,-51.9877],[-74.4811,-52.017],[-74.5087,-52.0185],[-74.4875,-52.0239],[-74.5167,-52.0462],[-74.5409,-52.0519],[-74.5493,-52.0419],[-74.5541,-52.064],[-74.5744,-52.0614],[-74.5983,-52.0795],[-74.6099,-52.0756],[-74.6048,-52.0412],[-74.623,-52.0544],[-74.6187,-52.0862],[-74.663,-52.1049],[-74.6654,-52.0772],[-74.6773,-52.1081],[-74.6966,-52.1186],[-74.7086,-52.1163],[-74.6895,-52.0439],[-74.6474,-52.0058],[-74.6023,-51.9861],[-74.6025,-52.0102],[-74.5834,-52.0005],[-74.557,-52.0155],[-74.5946,-51.9875],[-74.555,-51.9512],[-74.4956,-51.9419],[-74.4999,-51.9666],[-74.465,-51.9531],[-74.4576,-51.9659],[-74.4679,-51.968],[-74.4778,-51.9747]]],[[[-74.5328,-51.9486],[-74.5527,-51.9465],[-74.5343,-51.9304],[-74.5306,-51.9471],[-74.5328,-51.9486]]],[[[-74.4986,-51.9389],[-74.5219,-51.9328],[-74.5103,-51.9143],[-74.5072,-51.9252],[-74.4823,-51.9206],[-74.4939,-51.9386],[-74.4986,-51.9389]]],[[[-74.5341,-51.8871],[-74.5221,-51.8708],[-74.5269,-51.8899],[-74.5341,-51.8871]]],[[[-74.5362,-51.8308],[-74.546,-51.8363],[-74.5512,-51.8263],[-74.5388,-51.8285],[-74.5362,-51.8308]]],[[[-74.481,-51.8085],[-74.4918,-51.8117],[-74.4825,-51.8011],[-74.481,-51.8085]]],[[[-74.4925,-51.8068],[-74.5011,-51.8039],[-74.4901,-51.8003],[-74.4925,-51.8068]]],[[[-74.5241,-51.788],[-74.5163,-51.7939],[-74.5255,-51.7893],[-74.5241,-51.788]]],[[[-74.5767,-51.7916],[-74.5846,-51.7824],[-74.5712,-51.7773],[-74.578,-51.7892],[-74.5767,-51.7916]]],[[[-74.5952,-51.7655],[-74.5833,-51.7239],[-74.5754,-51.7394],[-74.5763,-51.7226],[-74.5492,-51.7232],[-74.5446,-51.7449],[-74.5905,-51.7863],[-74.6002,-51.7778],[-74.5952,-51.7655]]],[[[-74.4863,-51.6964],[-74.5379,-51.6768],[-74.4833,-51.6794],[-74.4433,-51.6923],[-74.4617,-51.6963],[-74.4308,-51.7096],[-74.487,-51.6978],[-74.4863,-51.6964]]],[[[-74.4838474,-51.6771183],[-74.4838264,-51.6781883],[-74.5057056,-51.6782112],[-74.5153988,-51.6756611],[-74.5114201,-51.674778],[-74.4952114,-51.6749744],[-74.4838474,-51.6771183]]],[[[-74.5099,-51.6715],[-74.5338,-51.673],[-74.5406,-51.666],[-74.5157,-51.6692],[-74.5099,-51.6715]]],[[[-74.5356,-51.6365],[-74.571,-51.629],[-74.5693,-51.6209],[-74.5188,-51.631],[-74.526,-51.6371],[-74.5356,-51.6365]]],[[[-74.6106,-51.5941],[-74.5675,-51.5976],[-74.5443,-51.6084],[-74.5531,-51.6118],[-74.5416,-51.6175],[-74.5583,-51.617],[-74.5331,-51.6226],[-74.5997,-51.6107],[-74.6134,-51.5978],[-74.6106,-51.5941]]],[[[-74.5118,-51.4778],[-74.5408,-51.4802],[-74.5144,-51.4757],[-74.5118,-51.4778]]],[[[-74.5004,-51.4603],[-74.5196,-51.4617],[-74.5036,-51.4575],[-74.5004,-51.4603]]],[[[-74.5568,-51.4607],[-74.575,-51.4613],[-74.5585,-51.4595],[-74.5568,-51.4607]]],[[[-74.527,-51.4616],[-74.5455,-51.4571],[-74.5264,-51.4603],[-74.527,-51.4616]]],[[[-74.5167,-51.4477],[-74.5411,-51.4476],[-74.5168,-51.4464],[-74.5167,-51.4477]]],[[[-74.5532,-51.4433],[-74.5716,-51.4442],[-74.5539,-51.4414],[-74.5532,-51.4433]]],[[[-74.4944,-51.3457],[-74.5129,-51.3507],[-74.5066,-51.3276],[-74.4915,-51.3393],[-74.4944,-51.3457]]],[[[-74.5182,-51.3467],[-74.5271,-51.3321],[-74.5183,-51.3223],[-74.5166,-51.3458],[-74.5182,-51.3467]]],[[[-74.5443371,-51.3174324],[-74.5441597,-51.3210277],[-74.5462979,-51.3215618],[-74.5603245,-51.3150787],[-74.5556172,-51.3110103],[-74.5502995,-51.3097896],[-74.5481709,-51.3117046],[-74.5494812,-51.3143902],[-74.5443371,-51.3174324]]],[[[-74.4935,-51.3024],[-74.4823,-51.294],[-74.4804,-51.307],[-74.4935,-51.3024]]],[[[-74.5142,-51.2433],[-74.485,-51.2492],[-74.4806,-51.2664],[-74.4915,-51.2764],[-74.5092,-51.2473],[-74.5142,-51.2433]]],[[[-74.5276,-51.1716],[-74.5415,-51.167],[-74.5271,-51.1694],[-74.5276,-51.1716]]],[[[-74.5709,-50.6642],[-74.5794,-50.6781],[-74.5731,-50.6639],[-74.5709,-50.6642]]],[[[-74.5656,-50.6208],[-74.5588,-50.6274],[-74.5872,-50.6544],[-74.6035,-50.6469],[-74.6009,-50.6256],[-74.5721,-50.6222],[-74.5656,-50.6208]]],[[[-74.5442,-50.6101],[-74.5495,-50.5975],[-74.5418,-50.6091],[-74.5442,-50.6101]]],[[[-74.5703,-50.6004],[-74.5615,-50.5973],[-74.5603,-50.6116],[-74.5914,-50.5944],[-74.5665,-50.5905],[-74.5712,-50.5995],[-74.5703,-50.6004]]],[[[-74.5543288,-50.5971587],[-74.5565846,-50.5981745],[-74.5586979,-50.5957984],[-74.5564145,-50.5881029],[-74.5511206,-50.5864812],[-74.5513384,-50.5913902],[-74.5543288,-50.5971587]]],[[[-74.5532,-50.5694],[-74.5462,-50.5747],[-74.5557,-50.5844],[-74.5559,-50.5745],[-74.5532,-50.5694]]],[[[-74.4987,-50.5382],[-74.4798,-50.5326],[-74.4643,-50.5481],[-74.5392,-50.6007],[-74.5354,-50.5592],[-74.5063,-50.5351],[-74.4987,-50.5382]]],[[[-74.5705,-50.5386],[-74.5632,-50.5293],[-74.5666,-50.5406],[-74.5705,-50.5386]]],[[[-74.5093,-50.521],[-74.4985,-50.5073],[-74.5011,-50.5235],[-74.5093,-50.521]]],[[[-74.5428,-50.3825],[-74.5299,-50.4],[-74.5441,-50.3847],[-74.5428,-50.3825]]],[[[-74.5357,-50.385],[-74.5563,-50.3528],[-74.5347,-50.3586],[-74.5286,-50.3834],[-74.5357,-50.385]]],[[[-74.5629312,-50.2467448],[-74.5561919,-50.2421634],[-74.5429168,-50.2386886],[-74.5388312,-50.2384451],[-74.5397494,-50.2404835],[-74.537327,-50.240871],[-74.5381886,-50.2427164],[-74.5479174,-50.2454182],[-74.5565363,-50.2442167],[-74.5629312,-50.2467448]]],[[[-74.4575,-50.0833],[-74.4775,-50.0671],[-74.5569,-50.0692],[-74.544,-50.0776],[-74.5556,-50.087],[-74.6133,-50.0955],[-74.4343,-50.0155],[-74.3791,-50.0469],[-74.3588,-50.0766],[-74.4578,-50.085],[-74.4575,-50.0833]]],[[[-74.4292,-53.0137],[-74.421,-53.023],[-74.4341,-53.017],[-74.4292,-53.0137]]],[[[-74.4284,-52.8754],[-74.4183,-52.8661],[-74.4243,-52.8749],[-74.4284,-52.8754]]],[[[-74.4628,-52.5542],[-74.4563,-52.5447],[-74.4415,-52.5523],[-74.4618,-52.5578],[-74.4628,-52.5542]]],[[[-74.4234,-52.5468],[-74.4137,-52.5552],[-74.4307,-52.5472],[-74.4234,-52.5468]]],[[[-74.4365,-52.5316],[-74.3905,-52.5354],[-74.4014,-52.5408],[-74.3764,-52.5598],[-74.4389,-52.5343],[-74.4365,-52.5316]]],[[[-74.4488362,-52.5416943],[-74.4548354,-52.5399286],[-74.4561214,-52.5380331],[-74.450861,-52.5388763],[-74.4503837,-52.5367367],[-74.4525425,-52.5360882],[-74.4499819,-52.5348986],[-74.4473843,-52.535118],[-74.4415915,-52.5409771],[-74.4443066,-52.5441747],[-74.4479016,-52.5443421],[-74.4488362,-52.5416943]]],[[[-74.4077,-52.5305],[-74.4292,-52.5176],[-74.3947,-52.5283],[-74.4077,-52.5305]]],[[[-74.3938,-52.3798],[-74.4096,-52.3788],[-74.392,-52.3768],[-74.3938,-52.3798]]],[[[-74.419,-52.3421],[-74.3945,-52.3499],[-74.4151,-52.3568],[-74.44,-52.3478],[-74.4199,-52.3447],[-74.419,-52.3421]]],[[[-74.4183,-52.3273],[-74.4058,-52.3339],[-74.4163,-52.3365],[-74.4167,-52.3276],[-74.4183,-52.3273]]],[[[-74.4359,-52.3177],[-74.4526,-52.3197],[-74.4388,-52.3146],[-74.4359,-52.3177]]],[[[-74.4591,-52.2807],[-74.4494,-52.2838],[-74.4602,-52.283],[-74.4591,-52.2807]]],[[[-74.437,-52.2565],[-74.4516,-52.2499],[-74.4309,-52.2511],[-74.437,-52.2565]]],[[[-74.4011,-52.2297],[-74.3832,-52.2301],[-74.3972,-52.2415],[-74.4023,-52.2327],[-74.4011,-52.2297]]],[[[-74.4298,-52.2277],[-74.4411,-52.2256],[-74.4257,-52.2246],[-74.4298,-52.2277]]],[[[-74.4285,-52.2186],[-74.4243,-52.2076],[-74.4004,-52.2131],[-74.4225,-52.2169],[-74.4285,-52.2186]]],[[[-74.434265,-52.1417009],[-74.4346555,-52.1396658],[-74.4380408,-52.1394878],[-74.4365421,-52.137822],[-74.429586,-52.1378993],[-74.4287536,-52.1405616],[-74.4310231,-52.1422643],[-74.431249,-52.144895],[-74.4378847,-52.1488109],[-74.4402889,-52.1473874],[-74.434265,-52.1417009]]],[[[-74.447,-51.966],[-74.4417,-51.9752],[-74.4663,-51.9792],[-74.4468,-51.963],[-74.447,-51.966]]],[[[-74.3715,-51.5541],[-74.3577,-51.5472],[-74.3518,-51.5574],[-74.3721,-51.5741],[-74.4243,-51.5838],[-74.3753,-51.5586],[-74.3715,-51.5541]]],[[[-74.4316528,-51.4589577],[-74.4282939,-51.4602184],[-74.4302242,-51.4632988],[-74.4350459,-51.4661999],[-74.4428871,-51.4672222],[-74.4458511,-51.4662647],[-74.4458415,-51.4640846],[-74.4475601,-51.4632473],[-74.4401691,-51.4596882],[-74.4316528,-51.4589577]]],[[[-74.4501846,-51.4572925],[-74.4589622,-51.46068],[-74.462918,-51.459753],[-74.4585674,-51.4546032],[-74.4469497,-51.4516678],[-74.4452522,-51.4529228],[-74.4501846,-51.4572925]]],[[[-74.446,-51.431],[-74.4667,-51.4277],[-74.4417,-51.428],[-74.446,-51.431]]],[[[-74.3815581,-51.3991833],[-74.3789012,-51.3997478],[-74.3790442,-51.4035129],[-74.3822161,-51.4052791],[-74.3952319,-51.4039345],[-74.3966185,-51.4024486],[-74.4066836,-51.4036369],[-74.4012572,-51.3991813],[-74.3940131,-51.4010467],[-74.3864028,-51.4009533],[-74.3871352,-51.3998051],[-74.3815581,-51.3991833]]],[[[-74.3941142,-51.3918247],[-74.3910224,-51.3932304],[-74.3946235,-51.3946056],[-74.401055,-51.3936271],[-74.4012744,-51.3918304],[-74.3994204,-51.3909168],[-74.4004828,-51.3887596],[-74.4057624,-51.38797],[-74.4072577,-51.3856296],[-74.4057204,-51.3837967],[-74.3998439,-51.3841629],[-74.3965098,-51.3860283],[-74.3998095,-51.387804],[-74.3986709,-51.3887787],[-74.3946597,-51.3891792],[-74.3948905,-51.3870582],[-74.3909461,-51.3879375],[-74.3811232,-51.3929214],[-74.3941142,-51.3918247]]],[[[-74.4156577,-51.3769398],[-74.4257018,-51.380497],[-74.4353645,-51.3792858],[-74.4370734,-51.3777923],[-74.4298846,-51.3770828],[-74.4267032,-51.374321],[-74.4235961,-51.3740711],[-74.4197356,-51.3743934],[-74.4195544,-51.3756389],[-74.4247062,-51.3769131],[-74.4250877,-51.3782825],[-74.4156577,-51.3769398]]],[[[-74.3856169,-51.3666572],[-74.3900802,-51.3690548],[-74.39138363995518,-51.36898387531694],[-74.3927409,-51.3685741],[-74.39393146317099,-51.368845239430144],[-74.4053981,-51.3682213],[-74.4103934,-51.366106],[-74.4117114,-51.3639984],[-74.4058368,-51.36133],[-74.4002368,-51.3610287],[-74.3963401,-51.3616733],[-74.392718,-51.3646583],[-74.39346,-51.3655205],[-74.3856169,-51.3666572]]],[[[-74.4863,-51.3355],[-74.4947,-51.3074],[-74.4513,-51.3241],[-74.4634,-51.3285],[-74.4846,-51.3117],[-74.4713,-51.3252],[-74.4824,-51.3278],[-74.4702,-51.3291],[-74.4836,-51.3376],[-74.4863,-51.3355]]],[[[-74.4522,-51.319],[-74.4636,-51.3092],[-74.4489,-51.3165],[-74.4522,-51.319]]],[[[-74.4862,-51.2823],[-74.4706,-51.2627],[-74.4402,-51.2894],[-74.4581,-51.3073],[-74.4865,-51.2843],[-74.4862,-51.2823]]],[[[-74.4459064,-51.2662735],[-74.45032,-51.265152],[-74.4476936,-51.2630367],[-74.4463146,-51.2644768],[-74.4433734,-51.2628898],[-74.4382446,-51.2648926],[-74.4308479,-51.2710342],[-74.4332263,-51.2697696],[-74.4371211,-51.2727203],[-74.4392574,-51.2720909],[-74.4459064,-51.2662735]]],[[[-74.4485,-51.2618],[-74.453,-51.2481],[-74.4458,-51.2631],[-74.4485,-51.2618]]],[[[-74.4081,-51.2571],[-74.4127,-51.2484],[-74.4269,-51.2552],[-74.4251,-51.2396],[-74.4484,-51.2233],[-74.4628,-51.2333],[-74.4645,-51.215],[-74.4715,-51.2258],[-74.4873,-51.2172],[-74.4892,-51.2297],[-74.5026,-51.2159],[-74.504,-51.2264],[-74.5222,-51.2231],[-74.5331,-51.2076],[-74.5209,-51.1954],[-74.4972,-51.2148],[-74.4962,-51.1937],[-74.4847,-51.1902],[-74.4054,-51.2293],[-74.4068,-51.2545],[-74.4081,-51.2571]]],[[[-74.4731,-51.0674],[-74.4796,-51.0337],[-74.4869,-51.0445],[-74.5,-51.0356],[-74.5,-51.0515],[-74.4826,-51.0631],[-74.5102,-51.0836],[-74.505,-51.0901],[-74.4558,-51.0859],[-74.461,-51.0983],[-74.4419,-51.095],[-74.4176,-51.1166],[-74.3993,-51.0996],[-74.3745,-51.108],[-74.3823,-51.1131],[-74.3535,-51.16],[-74.3694,-51.1803],[-74.3794,-51.1683],[-74.3663,-51.187],[-74.3809,-51.1973],[-74.432,-51.1823],[-74.3862,-51.2033],[-74.3849,-51.2224],[-74.4395,-51.2066],[-74.4387,-51.1933],[-74.4571,-51.1938],[-74.4618,-51.1828],[-74.4713,-51.194],[-74.4919,-51.1837],[-74.4801,-51.1585],[-74.5164,-51.1778],[-74.5432,-51.1575],[-74.5569,-51.1674],[-74.5842,-51.1011],[-74.5663,-51.079],[-74.5856,-51.0647],[-74.4699,-51.0079],[-74.4612,-51.0225],[-74.4618,-51.0027],[-74.4239,-51.056],[-74.4586,-51.0747],[-74.4694,-51.0692],[-74.4731,-51.0674]]],[[[-74.4096836,-50.8065621],[-74.4141751,-50.8092984],[-74.417393,-50.8072916],[-74.4117737,-50.7978144],[-74.4097182,-50.7970751],[-74.4085336,-50.7990973],[-74.4069703,-50.7998224],[-74.4086284,-50.8007525],[-74.4096836,-50.8065621]]],[[[-74.4431,-50.7754],[-74.4255,-50.7738],[-74.4173,-50.7925],[-74.4474,-50.8062],[-74.4477,-50.7801],[-74.4431,-50.7754]]],[[[-74.4501,-50.4708],[-74.4084,-50.4746],[-74.383,-50.4543],[-74.3569,-50.4595],[-74.3387,-50.5401],[-74.3175,-50.551],[-74.3275,-50.5612],[-74.2953,-50.6062],[-74.3047,-50.6256],[-74.2852,-50.624],[-74.2857,-50.6126],[-74.2649,-50.619],[-74.2674,-50.6311],[-74.2353,-50.642],[-74.2073,-50.6819],[-74.2285,-50.695],[-74.2549,-50.6906],[-74.2399,-50.7003],[-74.2541,-50.7021],[-74.272,-50.678],[-74.29,-50.6879],[-74.302,-50.6719],[-74.3433,-50.6663],[-74.3827,-50.6392],[-74.3809,-50.6549],[-74.4196,-50.6411],[-74.4302,-50.6489],[-74.3215,-50.6731],[-74.2905,-50.6987],[-74.2856,-50.6879],[-74.2682,-50.692],[-74.2607,-50.7155],[-74.2948,-50.7007],[-74.2512,-50.7388],[-74.2395,-50.7075],[-74.2068,-50.7068],[-74.1504,-50.7783],[-74.1441,-50.8455],[-74.1828,-50.8491],[-74.1844,-50.8246],[-74.1914,-50.8437],[-74.2266,-50.8512],[-74.2362,-50.8498],[-74.2048,-50.812],[-74.2257,-50.7777],[-74.2465,-50.7841],[-74.2425,-50.7511],[-74.2497,-50.7752],[-74.2923,-50.8126],[-74.3343,-50.7626],[-74.322,-50.7802],[-74.3315,-50.7858],[-74.2859,-50.845],[-74.3395,-50.8475],[-74.3586,-50.8129],[-74.4231,-50.7622],[-74.362,-50.731],[-74.4381,-50.7584],[-74.4545,-50.7501],[-74.4467,-50.741],[-74.4902,-50.7445],[-74.5099,-50.7199],[-74.4677,-50.7051],[-74.5107,-50.7133],[-74.5308,-50.7017],[-74.4983,-50.6756],[-74.4709,-50.6741],[-74.4998,-50.6688],[-74.5507,-50.695],[-74.5586,-50.6839],[-74.5487,-50.6533],[-74.5518,-50.6672],[-74.5694,-50.6514],[-74.5834,-50.6608],[-74.5673,-50.6394],[-74.5471,-50.647],[-74.5524,-50.6273],[-74.5186,-50.6218],[-74.5273,-50.5988],[-74.486,-50.57],[-74.4637,-50.5604],[-74.4604,-50.5822],[-74.45,-50.5618],[-74.434,-50.5821],[-74.4424,-50.5532],[-74.3937,-50.5421],[-74.4309,-50.5455],[-74.4613,-50.5269],[-74.3846,-50.5322],[-74.3868,-50.5624],[-74.3769,-50.5705],[-74.3797,-50.5416],[-74.3491,-50.5336],[-74.3932,-50.5116],[-74.3845,-50.5254],[-74.4959,-50.5113],[-74.4676,-50.4767],[-74.5179,-50.5155],[-74.5873,-50.5079],[-74.6016,-50.4907],[-74.5928,-50.4762],[-74.6303,-50.4948],[-74.6593,-50.4946],[-74.6544,-50.4841],[-74.6922,-50.4887],[-74.603,-50.4347],[-74.5403,-50.4128],[-74.4994,-50.436],[-74.5001,-50.4527],[-74.4556,-50.4703],[-74.4501,-50.4708]]],[[[-74.4534,-50.5384],[-74.4387,-50.5458],[-74.4547,-50.5401],[-74.4534,-50.5384]]],[[[-74.4359,-50.4156],[-74.425,-50.4037],[-74.4054,-50.4151],[-74.4332,-50.4183],[-74.4359,-50.4156]]],[[[-74.4314,-50.3962],[-74.4594,-50.4044],[-74.4709,-50.3779],[-74.4484,-50.3841],[-74.4314,-50.3962]]],[[[-74.4403,-49.5934],[-74.4668,-49.5363],[-74.4565,-49.5085],[-74.4166,-49.5385],[-74.4376,-49.5937],[-74.4403,-49.5934]]],[[[-74.39,-49.1309],[-74.3936,-49.1224],[-74.3842,-49.1257],[-74.39,-49.1309]]],[[[-74.3949,-48.9435],[-74.3832,-48.9539],[-74.3963,-48.9463],[-74.3949,-48.9435]]],[[[-74.4039,-48.9438],[-74.413,-48.9381],[-74.397,-48.9377],[-74.4039,-48.9438]]],[[[-74.4095505,-48.9267427],[-74.4072836,-48.9243058],[-74.4053464,-48.925394],[-74.4032452,-48.9285079],[-74.3972257,-48.9282622],[-74.3959378,-48.929463],[-74.3965085,-48.9319517],[-74.4057339,-48.9315808],[-74.4136394,-48.9263835],[-74.4095505,-48.9267427]]],[[[-74.4178,-48.9196],[-74.4344,-48.9174],[-74.4124,-48.9089],[-74.4123,-48.9213],[-74.4178,-48.9196]]],[[[-74.3251,-53.1781],[-74.3195,-53.1982],[-74.3319,-53.1981],[-74.3289,-53.1775],[-74.3251,-53.1781]]],[[[-74.3081,-53.1798],[-74.297,-53.1714],[-74.301,-53.1876],[-74.3104,-53.1837],[-74.3081,-53.1798]]],[[[-74.3502,-53.174],[-74.3712,-53.1451],[-74.3606,-53.1264],[-74.3273,-53.1427],[-74.2985,-53.1403],[-74.2879,-53.1637],[-74.3498,-53.1827],[-74.3502,-53.174]]],[[[-74.2955,-52.9342],[-74.2927,-52.947],[-74.3029,-52.947],[-74.3033,-52.932],[-74.2905,-52.9328],[-74.2955,-52.9342]]],[[[-74.3042,-52.9236],[-74.3106,-52.9331],[-74.3232,-52.9144],[-74.3017,-52.9239],[-74.3042,-52.9236]]],[[[-74.3555437,-52.9155127],[-74.3591053,-52.9123855],[-74.3575734,-52.910885],[-74.3552843,-52.9133268],[-74.3505907,-52.9128787],[-74.3496206,-52.9141072],[-74.3523327,-52.9158593],[-74.3518856,-52.9184751],[-74.3582413,-52.9195906],[-74.3606651,-52.9225276],[-74.3662686,-52.920654],[-74.3658922,-52.918481],[-74.36314,-52.9180887],[-74.3624742,-52.9157613],[-74.3555437,-52.9155127]]],[[[-74.3673,-52.6162],[-74.348,-52.6156],[-74.3524,-52.6279],[-74.379,-52.6361],[-74.3644,-52.6175],[-74.3673,-52.6162]]],[[[-74.3622,-52.5964],[-74.3644,-52.5845],[-74.3539,-52.5899],[-74.36,-52.5973],[-74.3622,-52.5964]]],[[[-74.3109,-52.4368],[-74.31,-52.4245],[-74.2809,-52.4359],[-74.3026,-52.45],[-74.2964,-52.4431],[-74.312,-52.4384],[-74.3109,-52.4368]]],[[[-74.3849,-52.3846],[-74.3706,-52.394],[-74.3835,-52.399],[-74.3967,-52.3942],[-74.3907,-52.3876],[-74.3849,-52.3846]]],[[[-74.3316,-52.2798],[-74.3061,-52.2595],[-74.2928,-52.2705],[-74.3,-52.2857],[-74.3345,-52.2983],[-74.3414,-52.2892],[-74.3271,-52.2817],[-74.3316,-52.2798]]],[[[-74.3794,-52.2819],[-74.3952,-52.2733],[-74.377,-52.2618],[-74.3215,-52.254],[-74.3572,-52.2948],[-74.3875,-52.2887],[-74.3781,-52.2826],[-74.3794,-52.2819]]],[[[-74.3694,-52.2519],[-74.3823,-52.2565],[-74.3725,-52.2478],[-74.3694,-52.2519]]],[[[-74.3647,-52.2351],[-74.397,-52.2434],[-74.3677,-52.2314],[-74.3647,-52.2351]]],[[[-74.3253,-52.2064],[-74.3565,-52.2133],[-74.333,-52.1934],[-74.3579,-52.2029],[-74.3496,-52.1949],[-74.3754,-52.1917],[-74.3707,-52.1845],[-74.4672,-52.2076],[-74.4686,-52.1941],[-74.4436,-52.1678],[-74.4076,-52.1494],[-74.3429,-52.1919],[-74.3071,-52.1903],[-74.3216,-52.2064],[-74.3253,-52.2064]]],[[[-74.3744,-52.0957],[-74.3833,-52.0935],[-74.3733,-52.0943],[-74.3744,-52.0957]]],[[[-74.3493,-52.1038],[-74.368,-52.1031],[-74.3758,-52.0837],[-74.3598,-52.0554],[-74.3352,-52.0585],[-74.2978,-52.088],[-74.356,-52.111],[-74.3493,-52.1038]]],[[[-74.3256,-52.0436],[-74.3138,-52.0304],[-74.2844,-52.0415],[-74.3137,-52.0428],[-74.3208,-52.0536],[-74.3315,-52.0446],[-74.3256,-52.0436]]],[[[-74.385,-52.054],[-74.3894,-52.0358],[-74.4113,-52.0307],[-74.3923,-52.0158],[-74.3521,-52.0408],[-74.3851,-52.0558],[-74.385,-52.054]]],[[[-74.3127,-52.0251],[-74.3344,-52.0416],[-74.3188,-52.0217],[-74.3127,-52.0251]]],[[[-74.3462,-51.9997],[-74.3229,-52.0143],[-74.3553,-52.0279],[-74.3694,-52.0039],[-74.3504,-51.9997],[-74.3462,-51.9997]]],[[[-74.3639244,-52.0133305],[-74.3622243,-52.0155037],[-74.3718925,-52.0171129],[-74.388804,-52.0087959],[-74.3903821,-52.0069965],[-74.389549,-52.0057874],[-74.3836157,-52.0017875],[-74.3757074,-52.0036318],[-74.3703916,-52.0104256],[-74.3674844,-52.0103546],[-74.3671887,-52.0127231],[-74.3639244,-52.0133305]]],[[[-74.3033,-52.0018],[-74.3419,-51.99],[-74.3283,-51.9758],[-74.3001,-52.0005],[-74.3033,-52.0018]]],[[[-74.3369,-51.9786],[-74.3595,-51.9827],[-74.3352,-51.975],[-74.3369,-51.9786]]],[[[-74.3548,-51.9781],[-74.354,-51.9678],[-74.3499,-51.9767],[-74.3548,-51.9781]]],[[[-74.373,-51.976],[-74.3585,-51.9632],[-74.3675,-51.978],[-74.373,-51.976]]],[[[-74.3096,-51.932],[-74.287,-51.9363],[-74.3108,-51.9354],[-74.3096,-51.932]]],[[[-74.3346239,-51.9155521],[-74.3313509,-51.9133854],[-74.3148562,-51.9198265],[-74.3059241,-51.9259739],[-74.3103224,-51.928072],[-74.3176123,-51.9230671],[-74.3260447,-51.9237442],[-74.3314196,-51.9216575],[-74.3315512,-51.9175587],[-74.3346239,-51.9155521]]],[[[-74.3662,-51.7214],[-74.3912,-51.7157],[-74.3715,-51.7174],[-74.3662,-51.7214]]],[[[-74.3728,-51.7126],[-74.3563,-51.7208],[-74.3752,-51.714],[-74.3728,-51.7126]]],[[[-74.3463,-51.6557],[-74.3308,-51.6336],[-74.3161,-51.6356],[-74.345,-51.6569],[-74.3463,-51.6557]]],[[[-74.3503,-51.6467],[-74.3258,-51.6257],[-74.3496,-51.648],[-74.3503,-51.6467]]],[[[-74.3016459,-51.6308536],[-74.2942415,-51.6298618],[-74.2960325,-51.6309471],[-74.2948271,-51.6336098],[-74.3026224,-51.6378555],[-74.3101755,-51.6368217],[-74.3093058,-51.6349506],[-74.3016459,-51.6308536]]],[[[-74.2920481,-51.5929451],[-74.2903677,-51.59272],[-74.2922159,-51.5959511],[-74.2902494,-51.597084],[-74.2916533,-51.5978851],[-74.2973524,-51.5968361],[-74.2979113,-51.5989742],[-74.3086306,-51.5993843],[-74.2994925,-51.5942306],[-74.2920481,-51.5929451]]],[[[-74.377,-51.5995],[-74.3566,-51.5818],[-74.3524,-51.592],[-74.3684,-51.5994],[-74.377,-51.5995]]],[[[-74.3661,-51.5865],[-74.3914,-51.5848],[-74.35,-51.56],[-74.347,-51.5725],[-74.3673,-51.5805],[-74.3568,-51.5781],[-74.3661,-51.5865]]],[[[-74.3270422,-51.4623031],[-74.3255659,-51.4595661],[-74.3230292,-51.4597072],[-74.3192736,-51.4599514],[-74.3158117,-51.4638061],[-74.3229471,-51.4626522],[-74.3237158,-51.463623],[-74.3209578,-51.4639034],[-74.3224531,-51.4662781],[-74.3264815,-51.4668808],[-74.3294131,-51.4654636],[-74.327397,-51.4644852],[-74.3302904,-51.4632435],[-74.3295199,-51.4621677],[-74.3270422,-51.4623031]]],[[[-74.3322,-51.4311],[-74.3443,-51.4319],[-74.3499,-51.4108],[-74.3208,-51.4234],[-74.3341,-51.4272],[-74.3322,-51.4311]]],[[[-74.3617,-51.4237],[-74.3777,-51.4205],[-74.3574,-51.4212],[-74.3617,-51.4237]]],[[[-74.3044954,-51.415781],[-74.3079783,-51.4166794],[-74.3002192,-51.4183636],[-74.2991377,-51.4210186],[-74.3008009,-51.4233532],[-74.3054796,-51.4233551],[-74.3132025,-51.417654],[-74.3106962,-51.4159927],[-74.3124834,-51.4153614],[-74.3116537,-51.4121094],[-74.3090292,-51.4117584],[-74.3037191,-51.4136104],[-74.3044954,-51.415781]]],[[[-74.3206,-51.4186],[-74.3387,-51.4085],[-74.3189,-51.4172],[-74.3206,-51.4186]]],[[[-74.3847,-51.4091],[-74.3613,-51.4092],[-74.3806,-51.413],[-74.3847,-51.4091]]],[[[-74.3098,-51.4019],[-74.3261,-51.4057],[-74.3089,-51.4007],[-74.3098,-51.4019]]],[[[-74.351,-51.3825],[-74.3023,-51.3831],[-74.3269,-51.398],[-74.3753,-51.3886],[-74.3855,-51.3807],[-74.3664,-51.375],[-74.3798,-51.3725],[-74.3649,-51.3631],[-74.3116,-51.3735],[-74.3191,-51.3853],[-74.3459,-51.3812],[-74.351,-51.3825]]],[[[-74.3735,-51.3659],[-74.3919,-51.3608],[-74.3618,-51.3606],[-74.3735,-51.3659]]],[[[-74.2872,-51.3529],[-74.2758,-51.3596],[-74.2948,-51.361],[-74.2825,-51.3674],[-74.3098,-51.3692],[-74.3238,-51.3557],[-74.2968,-51.3496],[-74.2872,-51.3529]]],[[[-74.3976,-51.3531],[-74.3984,-51.3445],[-74.3713,-51.3598],[-74.4019,-51.3557],[-74.3976,-51.3531]]],[[[-74.3873,-51.342],[-74.3554,-51.346],[-74.3457,-51.3511],[-74.3646,-51.3548],[-74.3918,-51.34],[-74.3873,-51.342]]],[[[-74.3097,-51.3306],[-74.3351,-51.3346],[-74.3229,-51.3262],[-74.3097,-51.3306]]],[[[-74.3163,-51.3238],[-74.2851,-51.3105],[-74.3156,-51.3259],[-74.3163,-51.3238]]],[[[-74.382,-51.2795],[-74.3581,-51.2761],[-74.3799,-51.2806],[-74.382,-51.2795]]],[[[-74.3617,-51.2374],[-74.3771,-51.2304],[-74.3611,-51.2357],[-74.3617,-51.2374]]],[[[-74.3315,-51.2384],[-74.3399,-51.2401],[-74.3332,-51.2272],[-74.3322,-51.2371],[-74.3315,-51.2384]]],[[[-74.3665,-51.038],[-74.3517,-51.0479],[-74.3583,-51.0638],[-74.3757,-51.0498],[-74.372,-51.038],[-74.3665,-51.038]]],[[[-74.3756,-50.9355],[-74.3744,-50.9247],[-74.3725,-50.9334],[-74.3756,-50.9355]]],[[[-74.3331,-50.8758],[-74.3188,-50.8927],[-74.3361,-50.8943],[-74.3529,-50.8715],[-74.3367,-50.875],[-74.3331,-50.8758]]],[[[-74.3143,-50.8736],[-74.3173,-50.8653],[-74.2956,-50.8597],[-74.302,-50.8481],[-74.2879,-50.8479],[-74.2946,-50.8629],[-74.2851,-50.8748],[-74.2971,-50.8748],[-74.2878,-50.8805],[-74.3093,-50.8756],[-74.3143,-50.8736]]],[[[-74.3002058,-50.5442823],[-74.306212,-50.5397223],[-74.3044443,-50.5346409],[-74.2931895,-50.5445326],[-74.2922624,-50.5492697],[-74.2955753,-50.5500495],[-74.2980958,-50.5483813],[-74.3002058,-50.5442823]]],[[[-74.3566,-50.4041],[-74.3978,-50.3802],[-74.3686,-50.3716],[-74.3527,-50.4046],[-74.3566,-50.4041]]],[[[-74.3012,-50.2652],[-74.299,-50.2509],[-74.2983,-50.268],[-74.3012,-50.2652]]],[[[-74.3607321,-50.0598344],[-74.3622335,-50.061171],[-74.36957807864876,-50.05622710384908],[-74.37072697958772,-50.055102667949754],[-74.3798442,-50.0411297],[-74.374522,-50.0433274],[-74.372233,-50.0469004],[-74.3666497,-50.0499519],[-74.3607321,-50.0598344]]],[[[-74.2869,-49.4822],[-74.2762,-49.5093],[-74.2608,-49.5115],[-74.2622,-49.528],[-74.2338,-49.5517],[-74.2948,-49.5965],[-74.3397,-49.5979],[-74.382,-49.6359],[-74.4238,-49.5943],[-74.3988,-49.534],[-74.4393,-49.5132],[-74.4032,-49.4209],[-74.3799,-49.4116],[-74.3103,-49.4561],[-74.3039,-49.4842],[-74.2919,-49.4816],[-74.2869,-49.4822]]],[[[-74.3861,-49.2703],[-74.3751,-49.2817],[-74.386,-49.2858],[-74.3875,-49.2739],[-74.3861,-49.2703]]],[[[-74.3781,-48.9598],[-74.3849,-48.9661],[-74.3826,-48.9561],[-74.3781,-48.9598]]],[[[-74.3709,-48.9238],[-74.3794,-48.9317],[-74.3725,-48.9212],[-74.3709,-48.9238]]],[[[-74.372,-48.7356],[-74.3649,-48.7528],[-74.3754,-48.737],[-74.372,-48.7356]]],[[[-74.3046,-53.2987],[-74.2623,-53.2967],[-74.2651,-53.2885],[-74.249,-53.2974],[-74.2462,-53.3059],[-74.282,-53.3225],[-74.303,-53.319],[-74.3118,-53.3078],[-74.3031,-53.3011],[-74.3046,-53.2987]]],[[[-74.2942,-53.1876],[-74.275,-53.1486],[-74.2366,-53.1634],[-74.2562,-53.175],[-74.2539,-53.1868],[-74.2966,-53.1885],[-74.2942,-53.1876]]],[[[-74.2146099,-52.6341969],[-74.212384,-52.636778],[-74.2137144,-52.6391738],[-74.2275679,-52.6320525],[-74.2257816,-52.6317015],[-74.2271781,-52.630434],[-74.2264303,-52.6286962],[-74.2175099,-52.6325349],[-74.2173335,-52.6305177],[-74.2211481,-52.6282391],[-74.211889,-52.6301422],[-74.2114377,-52.633778],[-74.2146099,-52.6341969]]],[[[-74.2295,-52.5309],[-74.2066,-52.5303],[-74.2257,-52.5337],[-74.2295,-52.5309]]],[[[-74.2709,-52.4975],[-74.2514,-52.4975],[-74.274,-52.5011],[-74.2709,-52.4975]]],[[[-74.2195,-52.471],[-74.2384,-52.4688],[-74.2347,-52.4605],[-74.2128,-52.4627],[-74.2173,-52.4701],[-74.2195,-52.471]]],[[[-74.2809,-52.4527],[-74.2765,-52.4378],[-74.2746,-52.4524],[-74.2809,-52.4527]]],[[[-74.2466,-52.4359],[-74.2601,-52.4451],[-74.2672,-52.434],[-74.2455,-52.4322],[-74.2466,-52.4359]]],[[[-74.2733,-52.4208],[-74.2875,-52.4246],[-74.2992,-52.412],[-74.2711,-52.4194],[-74.2733,-52.4208]]],[[[-74.2473,-52.399],[-74.2349,-52.4044],[-74.2503,-52.403],[-74.2473,-52.399]]],[[[-74.2675,-52.3935],[-74.2529,-52.3948],[-74.2732,-52.3973],[-74.2675,-52.3935]]],[[[-74.199,-52.3493],[-74.2331,-52.371],[-74.2067,-52.3516],[-74.199,-52.3493]]],[[[-74.2667,-52.3366],[-74.2538,-52.3266],[-74.2388,-52.3331],[-74.266,-52.3383],[-74.2667,-52.3366]]],[[[-74.2165148,-52.3202007],[-74.2149693,-52.3176623],[-74.2087041,-52.3162877],[-74.2068742,-52.3144608],[-74.200434,-52.3143037],[-74.2025569,-52.3173792],[-74.2122549,-52.323263],[-74.2234513,-52.3243722],[-74.2212096,-52.3232857],[-74.2217874,-52.3219985],[-74.2165148,-52.3202007]]],[[[-74.2627316,-52.3077717],[-74.2610309,-52.30533],[-74.2551358,-52.3059],[-74.2498982,-52.303512],[-74.2505738,-52.306865],[-74.2609893,-52.3124776],[-74.2661619,-52.3079584],[-74.2627316,-52.3077717]]],[[[-74.2673,-52.2862],[-74.2259,-52.2766],[-74.2298,-52.2855],[-74.2779,-52.3096],[-74.2884,-52.302],[-74.2753,-52.2923],[-74.2673,-52.2862]]],[[[-74.2251,-52.265],[-74.2456,-52.2748],[-74.2285,-52.265],[-74.2251,-52.265]]],[[[-74.2822,-52.2532],[-74.2615,-52.2295],[-74.2997,-52.246],[-74.3144,-52.2346],[-74.2243,-52.2126],[-74.2317,-52.2195],[-74.2138,-52.2234],[-74.2202,-52.237],[-74.2724,-52.2638],[-74.2835,-52.2545],[-74.2822,-52.2532]]],[[[-74.2794,-52.1951],[-74.2645,-52.199],[-74.2692,-52.2115],[-74.3172,-52.2213],[-74.3233,-52.2086],[-74.2976,-52.1923],[-74.2834,-52.1968],[-74.2794,-52.1951]]],[[[-74.037,-52.2305],[-74.0561,-52.2347],[-74.1715,-52.1842],[-74.2235,-52.1769],[-74.2392,-52.1667],[-74.2241,-52.1523],[-74.3001,-52.1486],[-74.2699,-52.1572],[-74.2875,-52.1778],[-74.2423,-52.1691],[-74.1967,-52.1878],[-74.2448,-52.1996],[-74.3535,-52.1761],[-74.3873,-52.1459],[-74.4227,-52.1437],[-74.3972,-52.1303],[-74.3994,-52.14],[-74.3768,-52.1312],[-74.3833,-52.1407],[-74.3251,-52.1401],[-74.3383,-52.1203],[-74.2744,-52.0935],[-74.1824,-52.1296],[-74.056,-52.2141],[-74.037,-52.2305]]],[[[-74.2364,-52.0853],[-74.2533,-52.0723],[-74.2355,-52.0828],[-74.2364,-52.0853]]],[[[-74.219,-52.0308],[-74.2161,-52.0391],[-74.2218,-52.0325],[-74.219,-52.0308]]],[[[-74.2444,-52.0277],[-74.2428,-52.0146],[-74.2186,-52.0129],[-74.2403,-52.0301],[-74.2444,-52.0277]]],[[[-74.275,-52.0177],[-74.2937,-52.0066],[-74.2945,-51.9907],[-74.2659,-51.9989],[-74.2629,-52.0118],[-74.275,-52.0177]]],[[[-74.2974,-51.9767],[-74.3129,-51.9557],[-74.2789,-51.9733],[-74.2974,-51.9767]]],[[[-74.2616468,-51.9325256],[-74.2644201,-51.9309597],[-74.2592684,-51.9276771],[-74.2483354,-51.926115],[-74.247603,-51.927639],[-74.2479559,-51.9295482],[-74.2537351,-51.93297],[-74.2579008,-51.9333782],[-74.2566343,-51.9322281],[-74.2577482,-51.9294605],[-74.2616468,-51.9325256]]],[[[-74.2769991,-51.796011],[-74.2749926,-51.7924156],[-74.2691046,-51.7913666],[-74.266831,-51.7925663],[-74.2674452,-51.7951107],[-74.2723871,-51.7990398],[-74.2807432,-51.797184],[-74.2769991,-51.796011]]],[[[-74.2519,-51.6736],[-74.2428,-51.6718],[-74.2506,-51.6843],[-74.2734,-51.675],[-74.2491,-51.6719],[-74.2519,-51.6736]]],[[[-74.2851759,-51.6259975],[-74.2849012,-51.6275215],[-74.2875086,-51.6297436],[-74.2808557,-51.6290569],[-74.2807451,-51.630228],[-74.2887331,-51.6324901],[-74.2936674,-51.6292419],[-74.2999807,-51.6296024],[-74.295756,-51.6271419],[-74.2851759,-51.6259975]]],[[[-74.2208,-51.4193],[-74.2093,-51.4294],[-74.225,-51.4338],[-74.2289,-51.4235],[-74.2208,-51.4193]]],[[[-74.2738,-51.4025],[-74.264,-51.4007],[-74.2717,-51.4081],[-74.2738,-51.4025]]],[[[-74.2766958,-51.3988476],[-74.2783476,-51.3999634],[-74.2842184,-51.3977661],[-74.2833162,-51.3957462],[-74.2802835,-51.3947868],[-74.2706457,-51.3956051],[-74.269549,-51.396389],[-74.2708536,-51.3995933],[-74.2766958,-51.3988476]]],[[[-74.2791067,-51.3888817],[-74.2739797,-51.3856525],[-74.2719389,-51.3868942],[-74.2658563,-51.3895359],[-74.2651449,-51.3947563],[-74.2752672,-51.391798],[-74.2762648,-51.3894081],[-74.2791067,-51.3888817]]],[[[-74.2483,-51.3732],[-74.2359,-51.3753],[-74.2481,-51.3763],[-74.2483,-51.3732]]],[[[-74.2821,-51.3221],[-74.2841,-51.3315],[-74.306,-51.3303],[-74.2848,-51.3205],[-74.2821,-51.3221]]],[[[-74.2609,-51.2932],[-74.2372,-51.2923],[-74.2631,-51.3119],[-74.2616,-51.2983],[-74.2609,-51.2932]]],[[[-74.2399,-51.0262],[-74.2021,-51.102],[-74.2089,-51.137],[-74.1913,-51.1448],[-74.1656,-51.2032],[-74.2098,-51.2045],[-74.2229,-51.2478],[-74.249,-51.2538],[-74.2784,-51.1449],[-74.2678,-51.1395],[-74.2924,-51.1203],[-74.3256,-50.979],[-74.2819,-50.9857],[-74.3089,-50.9724],[-74.2963,-50.9596],[-74.3274,-50.961],[-74.3415,-50.9117],[-74.3086,-50.9071],[-74.2392,-51.0216],[-74.2399,-51.0262]]],[[[-74.2847,-50.8963],[-74.2994,-50.8895],[-74.2814,-50.8855],[-74.2847,-50.8963]]],[[[-74.2407,-50.8383],[-74.2342,-50.8261],[-74.2294,-50.8477],[-74.2435,-50.8431],[-74.2348,-50.8383],[-74.2407,-50.8383]]],[[[-74.2742,-50.8178],[-74.2829,-50.8283],[-74.2758,-50.8155],[-74.2742,-50.8178]]],[[[-74.2945,-50.8161],[-74.2826,-50.816],[-74.2927,-50.8204],[-74.2945,-50.8161]]],[[[-74.2437,-50.7912],[-74.2304,-50.8104],[-74.248,-50.8167],[-74.2572,-50.8065],[-74.245,-50.7862],[-74.2437,-50.7912]]],[[[-74.2763,-50.6108],[-74.2834,-50.5997],[-74.2711,-50.5844],[-74.2592,-50.5917],[-74.2693,-50.6097],[-74.2763,-50.6108]]],[[[-74.2959,-50.5953],[-74.2971,-50.5739],[-74.2878,-50.5725],[-74.2881,-50.6006],[-74.2959,-50.5953]]],[[[-74.2598993,-50.5415735],[-74.2662519,-50.5369351],[-74.270323,-50.5308416],[-74.2768076,-50.5253277],[-74.276811,-50.5221607],[-74.2698783,-50.5263105],[-74.2598993,-50.5415735]]],[[[-74.2486,-49.9142],[-74.2654,-49.9115],[-74.2499,-49.9106],[-74.2486,-49.9142]]],[[[-74.1155,-53.2891],[-74.0989,-53.2979],[-74.0995,-53.3278],[-74.1337,-53.3234],[-74.1423,-53.3425],[-74.1551,-53.3322],[-74.19,-53.3407],[-74.1988,-53.3548],[-74.2245,-53.3488],[-74.225,-53.3353],[-74.2355,-53.3417],[-74.235,-53.3327],[-74.2818,-53.3256],[-74.1151,-53.2526],[-74.0559,-53.2693],[-74.0725,-53.2908],[-74.1134,-53.2865],[-74.1155,-53.2891]]],[[[-74.2007,-53.1814],[-74.1749,-53.1842],[-74.2004,-53.1834],[-74.2007,-53.1814]]],[[[-74.2102,-53.1412],[-74.2028,-53.1496],[-74.2129,-53.1463],[-74.2102,-53.1412]]],[[[-74.2066,-53.1175],[-74.1502,-53.1406],[-74.199,-53.1414],[-74.2058,-53.1203],[-74.2066,-53.1175]]],[[[-74.0767,-52.6992],[-74.0921,-52.6898],[-74.1029,-52.6964],[-74.0959,-52.7028],[-74.1316,-52.7138],[-74.1567,-52.7091],[-74.1157,-52.6829],[-74.1393,-52.6808],[-74.1243,-52.6677],[-74.1371,-52.6615],[-74.1064,-52.6574],[-74.1127,-52.6754],[-74.0833,-52.6822],[-74.0752,-52.6974],[-74.0767,-52.6992]]],[[[-74.1765,-52.6696],[-74.1838,-52.6633],[-74.1648,-52.6493],[-74.1852,-52.6558],[-74.1922,-52.6467],[-74.1353,-52.6504],[-74.1355,-52.6602],[-74.1738,-52.6685],[-74.1765,-52.6696]]],[[[-74.1866,-52.6286],[-74.194,-52.6235],[-74.1818,-52.6238],[-74.1881,-52.6303],[-74.1866,-52.6286]]],[[[-74.0734,-52.5891],[-74.0738,-52.5785],[-74.0474,-52.5829],[-74.0571,-52.5995],[-74.1084,-52.6191],[-74.1113,-52.6085],[-74.1471,-52.6191],[-74.1638,-52.6028],[-74.1873,-52.6032],[-74.1838,-52.5929],[-74.1394,-52.5909],[-74.1357,-52.5803],[-74.1258,-52.5873],[-74.1189,-52.5708],[-74.0805,-52.5912],[-74.0734,-52.5891]]],[[[-74.1544303,-52.4666622],[-74.1532094,-52.4627782],[-74.1438807,-52.4621845],[-74.1408874,-52.4631539],[-74.1487132,-52.4690263],[-74.1543876,-52.4707342],[-74.1577826,-52.4681058],[-74.1544303,-52.4666622]]],[[[-74.1629,-52.4285],[-74.1789,-52.4383],[-74.173,-52.4259],[-74.1849,-52.4298],[-74.1696,-52.4159],[-74.1612,-52.4214],[-74.1689,-52.4288],[-74.1629,-52.4285]]],[[[-74.1744,-52.3867],[-74.1781,-52.4081],[-74.2162,-52.423],[-74.1736,-52.389],[-74.1744,-52.3867]]],[[[-74.2067,-52.4005],[-74.1924,-52.399],[-74.2071,-52.4026],[-74.2067,-52.4005]]],[[[-74.2012,-52.3837],[-74.1811,-52.3757],[-74.1844,-52.3905],[-74.2032,-52.386],[-74.2012,-52.3837]]],[[[-74.2071,-52.3759],[-74.2124,-52.3905],[-74.2174,-52.3802],[-74.2071,-52.3759]]],[[[-74.1957107,-52.3577883],[-74.1953705,-52.3600933],[-74.2079148,-52.3641771],[-74.2079347,-52.3665543],[-74.2168181,-52.3696451],[-74.2214308,-52.3682709],[-74.2116718,-52.364131],[-74.2111736,-52.3621526],[-74.2030125,-52.3617943],[-74.1957107,-52.3577883]]],[[[-74.1446,-52.1486],[-74.1262,-52.143],[-74.1436,-52.1494],[-74.1446,-52.1486]]],[[[-74.1143,-52.09],[-74.069,-52.1004],[-74.0247,-52.1325],[-74.0947,-52.1751],[-74.1398,-52.153],[-74.1164,-52.1346],[-74.1627,-52.135],[-74.2366,-52.1004],[-74.2383,-52.0898],[-74.2141,-52.0903],[-74.2117,-52.0804],[-74.1924,-52.0865],[-74.2033,-52.0938],[-74.1124,-52.0922],[-74.1143,-52.09]]],[[[-74.1563,-52.0634],[-74.1639,-52.0578],[-74.1574,-52.0645],[-74.1563,-52.0634]]],[[[-74.2037,-52.0553],[-74.1824,-52.0513],[-74.2014,-52.0571],[-74.2037,-52.0553]]],[[[-74.1189,-52.0496],[-74.1169,-52.0579],[-74.1355,-52.0489],[-74.1244,-52.042],[-74.1166,-52.0486],[-74.1189,-52.0496]]],[[[-74.171,-52.0421],[-74.2041,-52.0444],[-74.1852,-52.0313],[-74.1733,-52.0403],[-74.171,-52.0421]]],[[[-74.1982,-52.0321],[-74.212,-52.0268],[-74.2003,-52.0145],[-74.1854,-52.0202],[-74.1982,-52.0321]]],[[[-74.1299,-51.9948],[-74.1121,-51.9976],[-74.1027,-52.0203],[-74.1297,-52.0013],[-74.1299,-51.9948]]],[[[-74.1506,-51.9937],[-74.1571,-51.984],[-74.143,-51.9816],[-74.1312,-51.9876],[-74.1449,-51.9941],[-74.1506,-51.9937]]],[[[-74.1961,-51.9845],[-74.1841,-51.9789],[-74.195,-51.9857],[-74.1961,-51.9845]]],[[[-74.1727,-51.9584],[-74.1901,-51.9586],[-74.176,-51.9544],[-74.1727,-51.9584]]],[[[-74.1458,-51.79],[-74.1476,-51.7773],[-74.1398,-51.7893],[-74.1458,-51.79]]],[[[-74.2194,-51.7501],[-74.1961,-51.7552],[-74.2235,-51.7506],[-74.2194,-51.7501]]],[[[-74.1542,-51.6276],[-74.1222,-51.6438],[-74.1501,-51.644],[-74.1586,-51.6311],[-74.1542,-51.6276]]],[[[-74.1155,-51.5618],[-74.1279,-51.5516],[-74.1094,-51.5595],[-74.1155,-51.5618]]],[[[-74.1231694,-51.4407501],[-74.1206479,-51.4419231],[-74.1210503,-51.4437103],[-74.1259694,-51.4448223],[-74.1323228,-51.4426384],[-74.1318402,-51.4410972],[-74.124392,-51.4373779],[-74.1206879,-51.4397697],[-74.1231694,-51.4407501]]],[[[-74.2072,-51.4336],[-74.2173,-51.4325],[-74.206,-51.4317],[-74.2072,-51.4336]]],[[[-74.1492,-51.4284],[-74.1573,-51.4389],[-74.1664,-51.4263],[-74.1464,-51.4172],[-74.1516,-51.4278],[-74.1492,-51.4284]]],[[[-74.1247,-51.3565],[-74.1389,-51.3473],[-74.1443,-51.3607],[-74.1783,-51.3441],[-74.2104,-51.3548],[-74.1955,-51.3736],[-74.161,-51.3671],[-74.1806,-51.3692],[-74.1779,-51.3567],[-74.1384,-51.3681],[-74.1231,-51.3853],[-74.1429,-51.3641],[-74.1251,-51.3655],[-74.1039,-51.3848],[-74.0798,-51.4202],[-74.0936,-51.4301],[-74.0768,-51.4423],[-74.109,-51.4546],[-74.1446,-51.4112],[-74.1401,-51.4016],[-74.1813,-51.4417],[-74.1969,-51.4263],[-74.1868,-51.4214],[-74.2069,-51.4248],[-74.1956,-51.411],[-74.2381,-51.4073],[-74.2186,-51.3897],[-74.1829,-51.3927],[-74.1508,-51.3724],[-74.2182,-51.3876],[-74.2597,-51.351],[-74.2397,-51.3391],[-74.2616,-51.3393],[-74.247,-51.3256],[-74.2564,-51.3043],[-74.2112,-51.2879],[-74.1358,-51.3149],[-74.112,-51.3617],[-74.1243,-51.3583],[-74.1247,-51.3565]]],[[[-74.151505,-51.3557358],[-74.1486649,-51.358593],[-74.1511273,-51.3600807],[-74.1567941,-51.3574161],[-74.1614289,-51.3588695],[-74.1723104,-51.353569],[-74.1715627,-51.35186],[-74.1642442,-51.3516464],[-74.151505,-51.3557358]]],[[[-74.1487,-51.2799],[-74.1426,-51.3101],[-74.1831,-51.2906],[-74.1523,-51.2789],[-74.1487,-51.2799]]],[[[-74.1831,-51.25],[-74.1964,-51.2519],[-74.1831,-51.2468],[-74.1831,-51.25]]],[[[-74.1828,-51.2278],[-74.1828,-51.2373],[-74.1864,-51.228],[-74.1828,-51.2278]]],[[[-74.1721,-51.103],[-74.1419,-51.1193],[-74.1529,-51.1608],[-74.169,-51.112],[-74.1721,-51.103]]],[[[-74.1967934,-51.1280729],[-74.2020203,-51.1292783],[-74.2018627,-51.1209062],[-74.199503,-51.121329],[-74.1966854,-51.1186092],[-74.1937006,-51.1213237],[-74.1933446,-51.12536],[-74.1962237,-51.1261208],[-74.1967934,-51.1280729]]],[[[-74.1533,-51.0842],[-74.1466,-51.1043],[-74.1552,-51.1009],[-74.159,-51.079],[-74.1533,-51.0842]]],[[[-74.1053,-50.8128],[-74.0857,-50.8241],[-74.0804,-50.854],[-74.136,-50.8445],[-74.1417,-50.7833],[-74.1144,-50.8116],[-74.1053,-50.8128]]],[[[-74.2034,-50.6895],[-74.208,-50.6988],[-74.2065,-50.6897],[-74.2034,-50.6895]]],[[[-74.1088,-50.4668],[-74.0926,-50.4808],[-74.1105,-50.4689],[-74.1088,-50.4668]]],[[[-74.1886128,-49.908883],[-74.1869375,-49.9117753],[-74.198749,-49.9165893],[-74.1973504,-49.909813],[-74.1923392,-49.9088514],[-74.1886128,-49.908883]]],[[[-73.9459,-53.1832],[-73.9463,-53.1702],[-73.9243,-53.1852],[-73.9407,-53.1852],[-73.9459,-53.1832]]],[[[-73.9619,-53.1949],[-73.9939,-53.2028],[-74.0034,-53.1896],[-73.9947,-53.1871],[-74.0292,-53.1701],[-74.0214,-53.1957],[-74.0539,-53.1909],[-74.074,-53.1599],[-74.0578,-53.1489],[-73.9847,-53.1354],[-73.946,-53.1629],[-73.9716,-53.1748],[-73.9559,-53.1921],[-73.9619,-53.1949]]],[[[-74.0878,-53.1412],[-74.1017,-53.1384],[-74.087,-53.1403],[-74.0878,-53.1412]]],[[[-73.973,-53.116],[-73.9952,-53.1188],[-73.9795,-53.1128],[-73.973,-53.116]]],[[[-74.0023,-52.6651],[-73.9769,-52.6574],[-74.0018,-52.6677],[-74.0023,-52.6651]]],[[[-73.9733,-52.6552],[-73.9648,-52.6468],[-73.9718,-52.6563],[-73.9733,-52.6552]]],[[[-74.0574485,-52.6034727],[-74.0574910363645,-52.603447567044306],[-74.0586677,-52.6023473],[-74.0567111,-52.6002932],[-74.0537223,-52.6002379],[-74.0539978,-52.5982442],[-74.046752,-52.5982019],[-74.043302,-52.599163],[-74.0494733,-52.6059173],[-74.0542966,-52.6064346],[-74.05746592188557,-52.603471050929315],[-74.0574485,-52.6034727]]],[[[-74.046,-52.5327],[-74.0486,-52.5512],[-74.0606,-52.5261],[-74.0502,-52.5317],[-74.046,-52.5327]]],[[[-73.9447706,-52.5028087],[-73.9373386,-52.5018251],[-73.9409333,-52.5062313],[-73.9477212,-52.5104679],[-73.9526736,-52.5104894],[-73.9571457,-52.508315],[-73.9520982,-52.5072275],[-73.9447706,-52.5028087]]],[[[-73.9476,-52.4915],[-73.9369,-52.4925],[-73.9503,-52.5032],[-73.98,-52.5128],[-73.9459,-52.4921],[-73.9476,-52.4915]]],[[[-73.9859,-52.472],[-73.9982,-52.4695],[-73.9815,-52.4671],[-73.9859,-52.472]]],[[[-74.0937,-52.4674],[-74.0961,-52.455],[-74.0722,-52.4592],[-74.0926,-52.4715],[-74.0937,-52.4674]]],[[[-74.0079,-52.4622],[-73.965,-52.4308],[-73.9787,-52.4562],[-74.0055,-52.4643],[-74.0079,-52.4622]]],[[[-74.0826,-52.4438],[-74.052,-52.4275],[-73.9789,-52.4179],[-73.9721,-52.4293],[-73.9982,-52.4287],[-74.0377,-52.4508],[-74.0714,-52.4464],[-74.0826,-52.4438]]],[[[-74.2199,-52.3392],[-74.2184,-52.3283],[-74.1552,-52.3162],[-74.1304,-52.2976],[-74.1726,-52.3065],[-74.1924,-52.294],[-74.167,-52.2852],[-74.1947,-52.2941],[-74.2042,-52.2879],[-74.1944,-52.2831],[-74.2061,-52.2853],[-74.1699,-52.2808],[-74.2116,-52.2629],[-74.1906,-52.2413],[-74.1649,-52.2381],[-74.1776,-52.2307],[-74.1691,-52.2269],[-74.1175,-52.2479],[-74.0706,-52.2946],[-73.9736,-52.3361],[-73.952,-52.3572],[-73.9668,-52.3864],[-74.0301,-52.3337],[-73.9763,-52.3923],[-74.0297,-52.3681],[-74.0046,-52.3909],[-74.1067,-52.423],[-74.089,-52.411],[-74.1085,-52.4038],[-74.1014,-52.4083],[-74.1218,-52.4194],[-74.1598,-52.4126],[-74.1292,-52.3849],[-74.178,-52.4109],[-74.1597,-52.3724],[-74.1687,-52.3798],[-74.1796,-52.3692],[-74.1494,-52.3563],[-74.1588,-52.3509],[-74.1307,-52.3342],[-74.1367,-52.3273],[-74.106,-52.3344],[-74.114,-52.3275],[-74.1023,-52.3212],[-74.2381,-52.3596],[-74.219,-52.3406],[-74.2199,-52.3392]]],[[[-73.995,-52.2757],[-73.9472,-52.3223],[-73.9695,-52.2898],[-73.9004,-52.3397],[-73.9165,-52.3477],[-73.9053,-52.3646],[-73.9338,-52.3606],[-73.9568,-52.3369],[-74.0536,-52.2968],[-74.0927,-52.256],[-74.1364,-52.2395],[-74.1225,-52.2296],[-74.1472,-52.2326],[-74.151,-52.2221],[-74.1372,-52.2137],[-74.1723,-52.2212],[-74.1998,-52.2025],[-74.2236,-52.2024],[-74.1671,-52.1934],[-74.0956,-52.2282],[-74.0267,-52.2437],[-73.9994,-52.2715],[-73.995,-52.2757]]],[[[-74.025779,-52.2268293],[-74.0211894,-52.2291951],[-74.0228933,-52.2310808],[-74.0267346,-52.2315527],[-74.0305894,-52.2300063],[-74.0377339,-52.2206207],[-74.0338636,-52.220661],[-74.0312378,-52.221635],[-74.0329575,-52.2228014],[-74.0302138,-52.2236981],[-74.0296716,-52.22708],[-74.025779,-52.2268293]]],[[[-73.9516,-52.1268],[-73.9309,-52.1165],[-73.9495,-52.1206],[-73.9516,-52.1268]]],[[[-73.953,-52.1172],[-73.9744,-52.1271],[-73.9838,-52.1053],[-74.0339,-52.0796],[-74.0359,-52.0649],[-73.9258,-52.0968],[-73.9368,-52.1094],[-73.953,-52.1172]]],[[[-74.0486,-52.0758],[-74.0406,-52.0834],[-74.0518,-52.0778],[-74.0486,-52.0758]]],[[[-74.077,-52.0701],[-74.0678,-52.0743],[-74.0767,-52.0746],[-74.077,-52.0701]]],[[[-74.0517,-52.0648],[-74.0635,-52.0722],[-74.0541,-52.0637],[-74.0517,-52.0648]]],[[[-74.0953,-52.0627],[-74.1007,-52.0479],[-74.0741,-52.0595],[-74.0972,-52.0659],[-74.0953,-52.0627]]],[[[-74.3618,-51.7396],[-74.3489,-51.7566],[-74.3319,-51.7566],[-74.3719,-51.7839],[-74.3212,-51.7629],[-74.2848,-51.7688],[-74.3084,-51.7793],[-74.3121,-51.7714],[-74.3262,-51.7901],[-74.2715,-51.7793],[-74.3013,-51.7937],[-74.2891,-51.818],[-74.3071,-51.8327],[-74.2784,-51.8414],[-74.2881,-51.8211],[-74.271,-51.8104],[-74.2712,-51.8242],[-74.2456,-51.814],[-74.2035,-51.8197],[-74.1924,-51.8286],[-74.2007,-51.8423],[-74.1862,-51.8374],[-74.1934,-51.8524],[-74.1737,-51.8363],[-74.1447,-51.8474],[-74.1395,-51.8844],[-74.1872,-51.8969],[-74.1527,-51.8911],[-74.1382,-51.907],[-74.1438,-51.8929],[-74.1279,-51.8839],[-74.1171,-51.8987],[-74.0888,-51.8748],[-74.0545,-51.8838],[-74.0992,-51.9214],[-74.0978,-51.9599],[-74.0886,-51.957],[-74.0942,-51.9202],[-74.0665,-51.9016],[-74.0575,-51.921],[-74.0368,-51.9018],[-74.0206,-51.9209],[-73.9798,-51.9316],[-73.9683,-51.9553],[-73.9935,-51.9984],[-73.9609,-51.9549],[-73.9364,-51.9742],[-73.9579,-51.9404],[-73.899,-51.9819],[-73.8586,-51.9916],[-73.8447,-52.0182],[-73.8088,-52.0259],[-73.7533,-52.0695],[-73.7296,-52.1186],[-73.6896,-52.1437],[-73.698,-52.1562],[-73.7153,-52.1542],[-73.6886,-52.1645],[-73.7011,-52.1807],[-73.6723,-52.167],[-73.641,-52.2242],[-73.6869,-52.2182],[-73.866,-52.1218],[-73.8651,-52.098],[-73.8209,-52.0937],[-73.835,-52.082],[-73.8192,-52.0814],[-73.813,-52.0604],[-73.8437,-52.0478],[-73.8323,-52.032],[-73.8507,-52.0466],[-73.8917,-52.022],[-73.8867,-52.0341],[-73.8265,-52.0588],[-73.8252,-52.0691],[-73.88,-52.0966],[-73.876,-52.1043],[-73.9333,-52.0916],[-74.0044,-52.0616],[-73.9942,-52.047],[-74.0302,-52.0536],[-74.0881,-52.0294],[-74.0896,-52.006],[-73.9866,-52.0393],[-73.9949,-52.0446],[-73.9469,-52.0506],[-74.0814,-51.9966],[-74.0948,-51.9626],[-74.0962,-51.98],[-74.114,-51.9824],[-74.1121,-51.9706],[-74.1614,-51.9648],[-74.1713,-51.9535],[-74.1604,-51.9418],[-74.193,-51.9566],[-74.2012,-51.9554],[-74.1889,-51.9455],[-74.2113,-51.9563],[-74.2243,-51.9417],[-74.2505,-51.9403],[-74.2256,-51.9142],[-74.2567,-51.9259],[-74.2917,-51.9186],[-74.266,-51.9036],[-74.2714,-51.8937],[-74.2978,-51.909],[-74.3648,-51.8928],[-74.3761,-51.8748],[-74.3528,-51.8734],[-74.3811,-51.8699],[-74.4117,-51.8448],[-74.4077,-51.8299],[-74.369,-51.8156],[-74.3964,-51.8108],[-74.3955,-51.796],[-74.401,-51.8187],[-74.4216,-51.8153],[-74.437,-51.7977],[-74.4329,-51.7803],[-74.4697,-51.7597],[-74.414,-51.7717],[-74.4645,-51.7561],[-74.5076,-51.7068],[-74.4434,-51.721],[-74.4176,-51.7428],[-74.368,-51.7405],[-74.3618,-51.7396]]],[[[-74.0041,-51.8641],[-73.9915,-51.8697],[-74.0066,-51.8729],[-74.0202,-51.8625],[-74.0041,-51.8641]]],[[[-73.9524,-51.8595],[-73.9676,-51.8669],[-73.9596,-51.8569],[-73.9524,-51.8595]]],[[[-73.953,-51.8416],[-73.9533,-51.8541],[-73.9685,-51.8532],[-73.978,-51.836],[-73.9563,-51.8405],[-73.953,-51.8416]]],[[[-74.0719094,-51.8449898],[-74.072102,-51.8470058],[-74.0765767,-51.8489914],[-74.0808796,-51.8473759],[-74.0844082,-51.8431454],[-74.0896477,-51.8414554],[-74.0931763,-51.8384075],[-74.0938096,-51.8371849],[-74.0924897,-51.8367309],[-74.0774121,-51.8406277],[-74.0782361,-51.8415375],[-74.076344,-51.8427601],[-74.0793099,-51.8455753],[-74.0772385,-51.8474769],[-74.0754857,-51.8470631],[-74.0773034,-51.8451862],[-74.0758957,-51.842041],[-74.0719094,-51.8449898]]],[[[-74.0457,-51.8477],[-74.0713,-51.8385],[-74.0488,-51.8443],[-74.0457,-51.8477]]],[[[-74.0147,-51.8159],[-74.0599,-51.8047],[-74.0185,-51.8127],[-74.0147,-51.8159]]],[[[-73.9998,-51.8009],[-73.9735,-51.8059],[-74.0047,-51.8027],[-73.9998,-51.8009]]],[[[-74.0569,-51.8142],[-74.0164,-51.8249],[-74.0478,-51.8432],[-74.1021,-51.8117],[-74.1084,-51.8034],[-74.0936,-51.8057],[-74.1277,-51.7811],[-74.1612,-51.777],[-74.1607,-51.766],[-74.1408,-51.7681],[-74.0583,-51.8132],[-74.0569,-51.8142]]],[[[-74.0294,-51.5843],[-74.0127,-51.6211],[-74.0217,-51.6406],[-74.0052,-51.6416],[-73.9829,-51.6821],[-74.0061,-51.6952],[-73.9722,-51.7015],[-73.9888,-51.7118],[-74.0156,-51.7035],[-74.0567,-51.7252],[-74.0154,-51.7085],[-74.0049,-51.7277],[-73.955,-51.7322],[-73.9552,-51.7165],[-73.9201,-51.7424],[-73.9253,-51.7565],[-73.9074,-51.7743],[-73.9536,-51.8027],[-73.9387,-51.8052],[-73.9658,-51.8134],[-73.9617,-51.8048],[-73.9959,-51.7973],[-73.9871,-51.7922],[-74.017,-51.8031],[-74.0458,-51.793],[-74.0417,-51.7843],[-74.0685,-51.7893],[-74.048,-51.7711],[-74.072,-51.7899],[-74.0902,-51.7836],[-74.1006,-51.7669],[-74.1557,-51.748],[-74.1365,-51.7351],[-74.1864,-51.7465],[-74.2472,-51.7207],[-74.1936,-51.7246],[-74.2381,-51.7055],[-74.2231,-51.6969],[-74.2409,-51.6885],[-74.2286,-51.6753],[-74.1572,-51.6968],[-74.1978,-51.6615],[-74.1649,-51.6695],[-74.1701,-51.6479],[-74.1499,-51.6692],[-74.0821,-51.68],[-74.1334,-51.6668],[-74.1121,-51.6524],[-74.1203,-51.6459],[-74.1012,-51.648],[-74.151,-51.6138],[-74.0916,-51.6272],[-74.1355,-51.6133],[-74.1498,-51.5936],[-74.1119,-51.6018],[-74.1278,-51.5911],[-74.1202,-51.5869],[-74.0697,-51.6111],[-74.0881,-51.6162],[-74.0735,-51.6196],[-74.0647,-51.6088],[-74.0889,-51.5956],[-74.0389,-51.597],[-74.0836,-51.5881],[-74.0681,-51.5854],[-74.1023,-51.5744],[-74.1089,-51.5581],[-74.0931,-51.5551],[-74.116,-51.5451],[-74.0895,-51.5511],[-74.0972,-51.5376],[-74.0576,-51.5517],[-74.0652,-51.5436],[-74.0485,-51.53],[-74.0322,-51.5675],[-74.0836,-51.554],[-74.0266,-51.579],[-74.0294,-51.5843]]],[[[-73.9538,-51.601],[-73.9494,-51.6165],[-73.9578,-51.6057],[-73.9538,-51.601]]],[[[-73.9561,-51.5994],[-73.9645,-51.5965],[-73.9556,-51.5972],[-73.9561,-51.5994]]],[[[-73.9506,-51.5908],[-73.9288,-51.5831],[-73.9396,-51.5812],[-73.9319,-51.5935],[-73.944,-51.6105],[-73.95,-51.5934],[-73.9506,-51.5908]]],[[[-73.9608,-51.5904],[-73.97,-51.5892],[-73.9578,-51.5838],[-73.9608,-51.5904]]],[[[-73.9569,-51.5758],[-73.9675,-51.5711],[-73.9564,-51.5734],[-73.9569,-51.5758]]],[[[-73.957,-51.5375],[-73.9424,-51.5563],[-73.9613,-51.5695],[-73.9708,-51.5663],[-73.9622,-51.5398],[-73.957,-51.5375]]],[[[-74.0934682,-51.5316849],[-74.0878415,-51.5293884],[-74.0823826,-51.5315857],[-74.0799241,-51.5347233],[-74.0778164,-51.5348415],[-74.0774064,-51.536726],[-74.086905,-51.5354385],[-74.0934682,-51.5316849]]],[[[-74.0877,-51.5209],[-74.0795,-51.5223],[-74.0868,-51.5174],[-74.0877,-51.5209]]],[[[-74.0732979,-51.5068455],[-74.071669,-51.5051422],[-74.073584,-51.5032272],[-74.0682721,-51.5011082],[-74.0675644,-51.5025272],[-74.056765,-51.5091095],[-74.0548481,-51.5159321],[-74.0617203,-51.5163059],[-74.0673527,-51.511837],[-74.0671315,-51.5095348],[-74.0732979,-51.5068455]]],[[[-74.0728,-51.499],[-74.0859,-51.4947],[-74.075,-51.4933],[-74.0728,-51.499]]],[[[-73.9576,-51.5039],[-73.9747,-51.502],[-73.9729,-51.4833],[-73.929,-51.4808],[-73.9319,-51.4679],[-73.9267,-51.5025],[-73.9429,-51.5123],[-73.949,-51.4935],[-73.9539,-51.5044],[-73.9576,-51.5039]]],[[[-73.9789,-51.4804],[-73.9892,-51.4757],[-73.9764,-51.4773],[-73.9789,-51.4804]]],[[[-73.9828,-51.4334],[-73.9683,-51.4512],[-73.987,-51.4388],[-73.9828,-51.4334]]],[[[-73.9637,-51.4395],[-73.9495,-51.4425],[-73.9622,-51.4485],[-73.9637,-51.4395]]],[[[-73.9413,-51.3832],[-73.9098,-51.372],[-73.9471,-51.3971],[-73.956,-51.3845],[-73.9414,-51.3811],[-73.9413,-51.3832]]],[[[-73.942,-51.2653],[-73.9238,-51.3359],[-73.964,-51.342],[-73.9735,-51.3123],[-73.9823,-51.3299],[-73.9668,-51.3488],[-74.0267,-51.3859],[-74.0564,-51.3793],[-74.0602,-51.3593],[-74.0862,-51.3372],[-74.0864,-51.3209],[-74.0695,-51.3096],[-74.0947,-51.3182],[-74.1037,-51.3021],[-74.0989,-51.2322],[-74.0828,-51.2247],[-73.9616,-51.2271],[-73.9455,-51.2563],[-73.942,-51.2653]]],[[[-73.9532,-51.1875],[-73.9511,-51.2024],[-73.9651,-51.2065],[-73.9687,-51.195],[-73.9544,-51.1871],[-73.9532,-51.1875]]],[[[-73.9699,-51.1755],[-73.9763,-51.1906],[-73.9755,-51.1749],[-73.9699,-51.1755]]],[[[-73.6677,-53.5717],[-73.6877,-53.5783],[-73.6516,-53.5893],[-73.6716,-53.5877],[-73.6624,-53.5973],[-73.682,-53.6093],[-73.6952,-53.5965],[-73.6782,-53.584],[-73.7041,-53.5981],[-73.7329,-53.5716],[-73.7461,-53.579],[-73.767,-53.5692],[-73.7821,-53.5559],[-73.7745,-53.5476],[-73.7876,-53.5533],[-73.7778,-53.5687],[-73.7905,-53.5791],[-73.7833,-53.5992],[-73.8438,-53.6095],[-73.8595,-53.5972],[-73.831,-53.5912],[-73.8148,-53.5674],[-73.838,-53.5756],[-73.8635,-53.5566],[-73.8817,-53.5652],[-73.8981,-53.5555],[-73.887,-53.5467],[-73.8589,-53.5377],[-73.8082,-53.5534],[-73.8371,-53.5398],[-73.8241,-53.5261],[-73.7881,-53.5365],[-73.8128,-53.5228],[-73.7498,-53.518],[-73.7268,-53.5401],[-73.6589,-53.5686],[-73.6677,-53.5717]]],[[[-73.9179,-53.5608],[-73.9108,-53.5533],[-73.901,-53.5566],[-73.9134,-53.5614],[-73.9179,-53.5608]]],[[[-73.7885,-53.5163],[-73.8265,-53.5209],[-73.8609,-53.5004],[-73.8318,-53.4984],[-73.8673,-53.4902],[-73.8583,-53.4857],[-73.8665,-53.4707],[-73.8411,-53.4695],[-73.8028,-53.4896],[-73.8083,-53.4971],[-73.7917,-53.4966],[-73.7949,-53.51],[-73.7732,-53.5072],[-73.7838,-53.5176],[-73.7885,-53.5163]]],[[[-73.826,-53.4397],[-73.8414,-53.4488],[-73.862,-53.4287],[-73.9055,-53.4245],[-73.8816,-53.4056],[-73.8141,-53.4076],[-73.8175,-53.4258],[-73.8365,-53.418],[-73.8284,-53.4378],[-73.826,-53.4397]]],[[[-73.7841058,-53.4071518],[-73.7773586,-53.4079414],[-73.7746137,-53.4104393],[-73.764839,-53.4101228],[-73.7639226,-53.4151991],[-73.7708436,-53.4114635],[-73.7735641,-53.4119162],[-73.7756694,-53.4149336],[-73.7820092,-53.4149782],[-73.7858806,-53.413404],[-73.7794393,-53.4115562],[-73.7863769,-53.4102088],[-73.7866389,-53.4070157],[-73.7841058,-53.4071518]]],[[[-73.7876,-53.3497],[-73.779,-53.3559],[-73.7875,-53.3723],[-73.8084,-53.3639],[-73.8403,-53.3723],[-73.8828,-53.3318],[-73.8286,-53.3356],[-73.832,-53.3541],[-73.8228,-53.3425],[-73.7913,-53.3478],[-73.7876,-53.3497]]],[[[-73.9048,-53.2245],[-73.8842,-53.2238],[-73.8946,-53.2343],[-73.9019,-53.2268],[-73.9048,-53.2245]]],[[[-73.8776,-53.2031],[-73.8779,-53.2126],[-73.8946,-53.1959],[-73.8773,-53.1999],[-73.8776,-53.2031]]],[[[-73.9406,-53.1944],[-73.896,-53.2101],[-73.9232,-53.2146],[-73.9344,-53.2024],[-73.9246,-53.1995],[-73.9379,-53.1961],[-73.9406,-53.1944]]],[[[-73.8815,-53.191],[-73.8665,-53.1867],[-73.8593,-53.2037],[-73.8758,-53.1961],[-73.8815,-53.191]]],[[[-73.8224,-53.1667],[-73.7712,-53.2104],[-73.7968,-53.2097],[-73.7551,-53.222],[-73.781,-53.2173],[-73.7729,-53.244],[-73.8051,-53.2426],[-73.8405,-53.22],[-73.8384,-53.1968],[-73.9025,-53.1427],[-73.8799,-53.1785],[-73.9021,-53.1856],[-73.9492,-53.1491],[-73.9415,-53.1445],[-73.9707,-53.1359],[-73.9649,-53.1213],[-73.8894,-53.1063],[-73.8443,-53.1266],[-73.8234,-53.164],[-73.8224,-53.1667]]],[[[-73.8834,-53.1016],[-73.8652,-53.0952],[-73.8562,-53.1163],[-73.876,-53.1081],[-73.8834,-53.1016]]],[[[-73.8272,-53.0563],[-73.8259,-53.0648],[-73.8308,-53.0558],[-73.8272,-53.0563]]],[[[-73.4117,-53.3218],[-73.4035,-53.3142],[-73.4178,-53.3132],[-73.4139,-53.3309],[-73.4382,-53.352],[-73.4609,-53.3402],[-73.4993,-53.3544],[-73.6101,-53.3373],[-73.5837,-53.3224],[-73.6164,-53.3091],[-73.5912,-53.3049],[-73.6114,-53.2965],[-73.4788,-53.324],[-73.4634,-53.316],[-73.4766,-53.2986],[-73.5001,-53.3135],[-73.6011,-53.2839],[-73.6109,-53.257],[-73.593,-53.2669],[-73.6077,-53.2419],[-73.5661,-53.2512],[-73.5657,-53.2396],[-73.6098,-53.2293],[-73.6158,-53.2154],[-73.5996,-53.2235],[-73.6149,-53.2079],[-73.6077,-53.198],[-73.6228,-53.1918],[-73.6182,-53.2281],[-73.6593,-53.2142],[-73.6686,-53.1986],[-73.6605,-53.1964],[-73.6812,-53.1957],[-73.6782,-53.1775],[-73.6952,-53.173],[-73.714,-53.1448],[-73.7274,-53.1431],[-73.7161,-53.1565],[-73.7321,-53.1596],[-73.7013,-53.1767],[-73.7026,-53.187],[-73.7606,-53.1864],[-73.7171,-53.1731],[-73.7702,-53.1811],[-73.7853,-53.1494],[-73.7713,-53.127],[-73.795,-53.1014],[-73.7913,-53.1302],[-73.8091,-53.1238],[-73.8068,-53.1317],[-73.8225,-53.1139],[-73.8256,-53.1221],[-73.7898,-53.1367],[-73.8052,-53.1387],[-73.7927,-53.1421],[-73.7833,-53.1764],[-73.7956,-53.174],[-73.8828,-53.0626],[-73.8743,-53.0795],[-73.8968,-53.0701],[-73.8829,-53.0814],[-73.8963,-53.1048],[-73.9412,-53.093],[-73.9387,-53.1023],[-73.9663,-53.1068],[-74.0494,-53.0778],[-74.0411,-53.068],[-74.0578,-53.0736],[-74.0672,-53.0602],[-74.1071,-53.0565],[-73.9835,-53.1077],[-74.0026,-53.1139],[-73.9959,-53.1258],[-74.0318,-53.1332],[-74.0562,-53.1255],[-74.057,-53.1084],[-74.0687,-53.1162],[-74.0878,-53.1024],[-74.0478,-53.1307],[-74.0733,-53.1381],[-74.0639,-53.1324],[-74.0862,-53.1306],[-74.1015,-53.0981],[-74.0982,-53.1292],[-74.1107,-53.1278],[-74.108,-53.1155],[-74.1376,-53.0857],[-74.125,-53.0988],[-74.1275,-53.1271],[-74.1553,-53.1116],[-74.1491,-53.1016],[-74.1703,-53.1019],[-74.1534,-53.1249],[-74.1894,-53.1184],[-74.1946,-53.0774],[-74.2043,-53.0818],[-74.2241,-53.0614],[-74.2173,-53.0489],[-74.234,-53.0498],[-74.2452,-53.0341],[-74.2141,-53.0877],[-74.2349,-53.1308],[-74.2296,-53.1426],[-74.2607,-53.1451],[-74.25,-53.1234],[-74.239,-53.1248],[-74.256,-53.1141],[-74.2497,-53.1204],[-74.2637,-53.125],[-74.2662,-53.093],[-74.2654,-53.1095],[-74.2808,-53.1096],[-74.2681,-53.1197],[-74.317,-53.1281],[-74.3176,-53.1184],[-74.3057,-53.1202],[-74.3359,-53.0903],[-74.3001,-53.0619],[-74.3165,-53.0611],[-74.2937,-53.0529],[-74.3155,-53.056],[-74.3236,-53.0265],[-74.3353,-53.0249],[-74.34,-53.0448],[-74.3299,-53.0647],[-74.3408,-53.0599],[-74.3664,-53.082],[-74.3734,-53.0719],[-74.3618,-53.0599],[-74.3964,-53.0587],[-74.4064,-53.0461],[-74.382,-53.0362],[-74.3899,-53.0194],[-74.4047,-53.0345],[-74.3975,-53.0309],[-74.4197,-53.0067],[-74.3986,-52.9919],[-74.4359,-53.0051],[-74.4477,-52.9779],[-74.4396,-52.9651],[-74.4521,-52.9572],[-74.4351,-52.9599],[-74.47,-52.9623],[-74.4396,-52.9991],[-74.4522,-52.9986],[-74.4501,-53.0105],[-74.4764,-52.9998],[-74.4668,-52.9818],[-74.4932,-52.9896],[-74.5199,-52.9695],[-74.4926,-52.9517],[-74.4744,-52.9141],[-74.5199,-52.9161],[-74.5034,-52.9414],[-74.5102,-52.9535],[-74.5197,-52.943],[-74.5626,-52.9629],[-74.5861,-52.9476],[-74.5872,-52.9284],[-74.6057,-52.912],[-74.5935,-52.9085],[-74.5998,-52.8999],[-74.5679,-52.8991],[-74.6306,-52.8662],[-74.6475,-52.8684],[-74.649,-52.8561],[-74.6299,-52.8503],[-74.6353,-52.8418],[-74.5864,-52.8533],[-74.6154,-52.8681],[-74.5453,-52.8651],[-74.5784,-52.8633],[-74.594,-52.8382],[-74.5825,-52.8329],[-74.6766,-52.826],[-74.6842,-52.8119],[-74.6166,-52.8168],[-74.6568,-52.8103],[-74.6265,-52.7935],[-74.6582,-52.8077],[-74.7071,-52.7951],[-74.6891,-52.7868],[-74.7201,-52.7751],[-74.7293,-52.7321],[-74.6773,-52.7399],[-74.6877,-52.7156],[-74.6307,-52.744],[-74.614,-52.7618],[-74.6298,-52.7638],[-74.5943,-52.7874],[-74.5808,-52.7714],[-74.5401,-52.7897],[-74.5341,-52.7968],[-74.5674,-52.8136],[-74.5053,-52.8087],[-74.5023,-52.7983],[-74.4878,-52.8146],[-74.4697,-52.8098],[-74.4301,-52.8294],[-74.4332,-52.8387],[-74.4829,-52.8345],[-74.5105,-52.8559],[-74.4223,-52.8443],[-74.4219,-52.8587],[-74.4558,-52.8666],[-74.4732,-52.852],[-74.4826,-52.867],[-74.4612,-52.8864],[-74.4445,-52.8726],[-74.4267,-52.881],[-74.4109,-52.8729],[-74.4112,-52.9011],[-74.408,-52.8836],[-74.397,-52.8966],[-74.392,-52.8797],[-74.3687,-52.8772],[-74.362,-52.8925],[-74.3831,-52.8925],[-74.3644,-52.9058],[-74.3711,-52.9154],[-74.4128,-52.9321],[-74.3979,-52.9344],[-74.395,-52.9513],[-74.3849,-52.9351],[-74.3638,-52.9384],[-74.3244,-52.9813],[-74.3309,-52.946],[-74.3453,-52.94],[-74.3275,-52.9288],[-74.3007,-52.9534],[-74.2556,-52.9598],[-74.251,-52.9736],[-74.2641,-52.9742],[-74.2537,-52.9819],[-74.2692,-52.9849],[-74.2504,-52.9924],[-74.2341,-52.9728],[-74.2451,-52.95],[-74.2088,-52.9734],[-74.2161,-52.9865],[-74.2009,-52.9768],[-74.2049,-52.9548],[-74.1768,-52.958],[-74.1709,-52.9682],[-74.1798,-52.9702],[-74.1496,-52.9884],[-74.1752,-52.9929],[-74.1686,-53.0035],[-74.1146,-53.0166],[-74.1065,-53.0136],[-74.1172,-53.0002],[-74.0926,-53.0057],[-74.1162,-52.9846],[-74.0878,-52.9877],[-74.102,-52.9824],[-74.0941,-52.9749],[-74.1388,-52.9646],[-74.1432,-52.9421],[-74.1186,-52.9431],[-74.1064,-52.9666],[-74.0819,-52.9602],[-74.039,-52.975],[-74.0686,-52.98],[-74.0414,-52.9873],[-74.0442,-52.9962],[-74.0586,-52.9903],[-74.0506,-52.9978],[-74.0117,-53.0081],[-74.0351,-52.9925],[-74.0152,-52.9818],[-73.9389,-52.9981],[-73.9242,-53.0191],[-73.9682,-53.0116],[-73.9322,-53.022],[-73.9309,-53.0379],[-73.9952,-53.0261],[-73.9462,-53.04],[-73.9597,-53.0462],[-73.9133,-53.0564],[-73.9051,-53.0706],[-73.9119,-53.0547],[-73.93,-53.0528],[-73.9126,-53.0443],[-73.9299,-53.04],[-73.8953,-53.0173],[-73.8674,-53.0335],[-73.8491,-53.03],[-73.8327,-53.053],[-73.8431,-53.0586],[-73.8088,-53.0765],[-73.8159,-53.0929],[-73.7965,-53.0975],[-73.7956,-53.0855],[-73.8228,-53.0419],[-73.7949,-53.0567],[-73.8011,-53.0697],[-73.7545,-53.0801],[-73.7607,-53.0741],[-73.7359,-53.0713],[-73.7309,-53.0812],[-73.7436,-53.0886],[-73.7119,-53.0838],[-73.7325,-53.0995],[-73.6903,-53.0982],[-73.6988,-53.1053],[-73.656,-53.1322],[-73.6865,-53.1268],[-73.6459,-53.1411],[-73.6278,-53.182],[-73.636,-53.1455],[-73.6091,-53.1592],[-73.6015,-53.1471],[-73.6429,-53.1252],[-73.6508,-53.0885],[-73.6313,-53.0767],[-73.6009,-53.0807],[-73.5929,-53.0904],[-73.6283,-53.098],[-73.5875,-53.1149],[-73.6093,-53.1227],[-73.6034,-53.1343],[-73.5852,-53.1182],[-73.5702,-53.1218],[-73.5765,-53.1101],[-73.5601,-53.1102],[-73.5651,-53.1342],[-73.5488,-53.1435],[-73.5567,-53.1515],[-73.5303,-53.1652],[-73.5478,-53.1925],[-73.5766,-53.1769],[-73.5682,-53.1859],[-73.5849,-53.1841],[-73.5512,-53.2012],[-73.5603,-53.2047],[-73.5125,-53.2594],[-73.5289,-53.2829],[-73.507,-53.2711],[-73.4857,-53.2869],[-73.5074,-53.2328],[-73.4726,-53.2525],[-73.472,-53.2427],[-73.429,-53.2498],[-73.4848,-53.2352],[-73.4571,-53.2196],[-73.4875,-53.2312],[-73.5025,-53.2239],[-73.4846,-53.1927],[-73.5173,-53.1824],[-73.5109,-53.1668],[-73.4905,-53.1689],[-73.5152,-53.157],[-73.4793,-53.1423],[-73.4285,-53.157],[-73.3919,-53.181],[-73.4526,-53.1902],[-73.3689,-53.1942],[-73.4377,-53.2127],[-73.4068,-53.2209],[-73.4217,-53.2146],[-73.4132,-53.2108],[-73.3676,-53.2045],[-73.3443,-53.2165],[-73.3718,-53.2215],[-73.3423,-53.2201],[-73.3093,-53.2456],[-73.3451,-53.242],[-73.3168,-53.264],[-73.3405,-53.2756],[-73.3673,-53.2557],[-73.3739,-53.2661],[-73.4023,-53.2586],[-73.3585,-53.2755],[-73.3802,-53.283],[-73.2899,-53.2678],[-73.2676,-53.2833],[-73.2824,-53.295],[-73.2466,-53.2909],[-73.1753,-53.3114],[-73.2296,-53.3343],[-73.1821,-53.3258],[-73.1847,-53.3352],[-73.1608,-53.3304],[-73.0873,-53.355],[-73.0989,-53.3601],[-73.0946,-53.3739],[-73.1148,-53.3795],[-73.1494,-53.3814],[-73.159,-53.3744],[-73.1449,-53.3717],[-73.1567,-53.3699],[-73.2279,-53.3815],[-73.2673,-53.3645],[-73.2576,-53.3568],[-73.2686,-53.3499],[-73.3049,-53.3656],[-73.4064,-53.3244],[-73.4117,-53.3218]]],[[[-73.8156,-52.9113],[-73.8367,-52.8903],[-73.798,-52.8775],[-73.7762,-52.8867],[-73.8048,-52.8966],[-73.7859,-52.9056],[-73.8042,-52.9132],[-73.8156,-52.9113]]],[[[-73.8811,-52.5373],[-73.8831,-52.5508],[-73.8654,-52.5301],[-73.8428,-52.5295],[-73.8747,-52.5069],[-73.8605,-52.5006],[-73.8714,-52.4948],[-73.8371,-52.4836],[-73.8394,-52.4739],[-73.8127,-52.467],[-73.8307,-52.4589],[-73.8223,-52.4505],[-73.8357,-52.453],[-73.8272,-52.4414],[-73.7964,-52.4397],[-73.7671,-52.4578],[-73.7828,-52.4439],[-73.7575,-52.4397],[-73.7885,-52.4379],[-73.7516,-52.4292],[-73.7607,-52.4234],[-73.7035,-52.4324],[-73.6734,-52.4577],[-73.6804,-52.4716],[-73.6536,-52.4803],[-73.6487,-52.4935],[-73.6732,-52.492],[-73.6636,-52.5015],[-73.6819,-52.5114],[-73.725,-52.5051],[-73.6927,-52.5294],[-73.7079,-52.5307],[-73.7034,-52.5472],[-73.7157,-52.5509],[-73.7416,-52.5363],[-73.7098,-52.5802],[-73.8045,-52.5484],[-73.753,-52.5814],[-73.7799,-52.5926],[-73.7489,-52.5863],[-73.7243,-52.604],[-73.734,-52.5926],[-73.7013,-52.5915],[-73.718,-52.6119],[-73.7163,-52.6442],[-73.7351,-52.6644],[-73.7563,-52.6718],[-73.7479,-52.6489],[-73.7755,-52.6447],[-73.7543,-52.6584],[-73.7623,-52.6764],[-73.7932,-52.6803],[-73.7729,-52.6885],[-73.81,-52.7012],[-73.7952,-52.7081],[-73.7551,-52.6919],[-73.799,-52.7227],[-73.8452,-52.7207],[-73.8278,-52.7166],[-73.842,-52.7136],[-73.837,-52.7027],[-73.866,-52.7076],[-73.8469,-52.7139],[-73.8657,-52.722],[-73.8366,-52.7282],[-73.8864,-52.7334],[-73.9046,-52.7525],[-73.9426,-52.7317],[-73.9284,-52.7173],[-73.9387,-52.7187],[-73.9313,-52.6994],[-73.8673,-52.6745],[-73.8593,-52.6649],[-73.9003,-52.6728],[-73.8426,-52.6358],[-73.8407,-52.6161],[-73.8168,-52.6016],[-73.8488,-52.6102],[-73.9142,-52.668],[-73.9637,-52.6812],[-73.9672,-52.667],[-73.9291,-52.6316],[-73.8415,-52.5742],[-73.9001,-52.5951],[-73.8811,-52.5783],[-73.9043,-52.5804],[-73.8932,-52.5717],[-73.9092,-52.5653],[-73.8978,-52.5463],[-73.9143,-52.5572],[-73.9013,-52.5735],[-73.9135,-52.586],[-73.9029,-52.5831],[-73.9271,-52.6048],[-73.9715,-52.6257],[-73.9815,-52.5997],[-73.9899,-52.6045],[-73.9692,-52.6271],[-73.9921,-52.6322],[-73.988,-52.6437],[-74.0096,-52.6381],[-73.9948,-52.6486],[-74.0497,-52.6395],[-74.0376,-52.6302],[-74.0721,-52.6416],[-74.0252,-52.6148],[-74.0389,-52.612],[-74.0368,-52.5932],[-74.0021,-52.5761],[-73.9838,-52.5807],[-74.0016,-52.5722],[-73.9977,-52.5583],[-73.9587,-52.56],[-73.9521,-52.5471],[-73.9731,-52.5561],[-74.0003,-52.5451],[-73.9866,-52.5262],[-73.9606,-52.5271],[-73.9215,-52.4936],[-73.8947,-52.4937],[-73.9003,-52.4819],[-73.8681,-52.4781],[-73.9127,-52.503],[-73.8909,-52.4999],[-73.9282,-52.5314],[-73.8743,-52.5158],[-73.8641,-52.5282],[-73.8781,-52.5362],[-73.8811,-52.5373]]],[[[-73.8472,-52.4741],[-73.8749,-52.4703],[-73.835,-52.4573],[-73.842,-52.4746],[-73.8472,-52.4741]]],[[[-73.8786,-52.4686],[-73.9178,-52.4853],[-73.9634,-52.4767],[-73.9416,-52.4727],[-73.95,-52.4656],[-73.9825,-52.4704],[-73.8914,-52.406],[-73.8442,-52.4298],[-73.8506,-52.4556],[-73.8685,-52.4502],[-73.8733,-52.4673],[-73.8786,-52.4686]]],[[[-73.8632196,-52.3569861],[-73.8653744,-52.3555999],[-73.8635924,-52.3545442],[-73.8658778,-52.3541058],[-73.8644765,-52.3515835],[-73.8531615,-52.350542],[-73.8496325,-52.3532755],[-73.8562743,-52.3566314],[-73.8632196,-52.3569861]]],[[[-73.902,-52.3491],[-73.8852,-52.3474],[-73.8944,-52.3595],[-73.8998,-52.3491],[-73.902,-52.3491]]],[[[-73.8610331,-52.3385853],[-73.8633487,-52.3376696],[-73.859363,-52.3363135],[-73.8556512,-52.3374572],[-73.8576104,-52.3396196],[-73.8671656,-52.3423326],[-73.8729304,-52.3421058],[-73.8728633,-52.3403099],[-73.8746356,-52.3395125],[-73.8624291,-52.3355317],[-73.8601712,-52.3355747],[-73.8654484,-52.3384954],[-73.8610331,-52.3385853]]],[[[-73.8904,-52.3309],[-73.9069,-52.3189],[-73.8695,-52.332],[-73.8853,-52.3365],[-73.8904,-52.3309]]],[[[-73.7161,-52.4127],[-73.7312,-52.4214],[-73.765,-52.4059],[-73.7718,-52.4156],[-73.7581,-52.4192],[-73.7774,-52.4236],[-73.7909,-52.411],[-73.8053,-52.422],[-73.8535,-52.4052],[-73.8821,-52.3835],[-73.8479,-52.3833],[-73.8701,-52.3769],[-73.8474,-52.3713],[-73.8475,-52.3572],[-73.7926,-52.3675],[-73.7645,-52.355],[-73.8214,-52.3454],[-73.824,-52.3348],[-73.9839,-52.2725],[-74.0208,-52.2264],[-73.983,-52.2379],[-73.997,-52.229],[-73.9842,-52.2235],[-74.0362,-52.22],[-74.0517,-52.2095],[-74.0312,-52.2134],[-74.0499,-52.2078],[-74.0457,-52.1968],[-74.0798,-52.1883],[-74.0611,-52.174],[-74.0807,-52.178],[-74.0729,-52.1673],[-74.0096,-52.1355],[-74.0015,-52.1668],[-73.9903,-52.1703],[-74.0007,-52.176],[-73.9462,-52.1768],[-73.8679,-52.2086],[-73.8486,-52.2205],[-73.8542,-52.2309],[-73.8217,-52.2298],[-73.8243,-52.2436],[-73.7984,-52.2441],[-73.7516,-52.2737],[-73.7489,-52.2934],[-73.7615,-52.2977],[-73.7482,-52.319],[-73.7644,-52.3156],[-73.7813,-52.3435],[-73.7645,-52.3472],[-73.7599,-52.3212],[-73.7329,-52.3386],[-73.7332,-52.3516],[-73.7492,-52.357],[-73.728,-52.3752],[-73.7231,-52.4089],[-73.7161,-52.4127]]],[[[-73.7866,-52.1893],[-73.7785,-52.1972],[-73.7912,-52.2011],[-73.7973,-52.192],[-73.7884,-52.1915],[-73.7866,-52.1893]]],[[[-73.8017,-52.1957],[-73.8012,-52.2061],[-73.8106,-52.2035],[-73.7963,-52.2354],[-73.8417,-52.1992],[-73.8601,-52.2018],[-73.9268,-52.1724],[-73.9276,-52.1453],[-73.8864,-52.1437],[-73.8487,-52.1764],[-73.8131,-52.1791],[-73.8042,-52.1942],[-73.8017,-52.1957]]],[[[-73.9238,-52.1155],[-73.9208,-52.106],[-73.9042,-52.1128],[-73.9251,-52.1193],[-73.9238,-52.1155]]],[[[-73.6912,-51.9807],[-73.746,-52.0245],[-73.7884,-51.9897],[-73.8486,-51.9654],[-73.8626,-51.9419],[-73.8068,-51.933],[-73.8176,-51.9255],[-73.8092,-51.9186],[-73.829,-51.9151],[-73.7962,-51.9154],[-73.8048,-51.9003],[-73.7922,-51.8933],[-73.7711,-51.8984],[-73.79,-51.9137],[-73.768,-51.9178],[-73.7627,-51.9335],[-73.6935,-51.9812],[-73.6912,-51.9807]]],[[[-73.8081,-51.9119],[-73.8271,-51.9066],[-73.8083,-51.9103],[-73.8081,-51.9119]]],[[[-73.9008,-51.7853],[-73.908,-51.7949],[-73.8433,-51.8223],[-73.8508,-51.8279],[-73.8158,-51.843],[-73.7843,-51.8788],[-73.8453,-51.9101],[-73.8299,-51.9185],[-73.8453,-51.9198],[-73.8685,-51.892],[-73.8436,-51.8982],[-73.8603,-51.8828],[-73.8958,-51.8964],[-73.9571,-51.8915],[-73.945,-51.8771],[-73.9547,-51.8715],[-73.923,-51.8614],[-73.9446,-51.8449],[-73.9272,-51.8445],[-73.9849,-51.8223],[-73.9395,-51.8187],[-73.9288,-51.7948],[-73.9033,-51.7847],[-73.9008,-51.7853]]],[[[-73.868,-51.6941],[-73.8389,-51.6812],[-73.8227,-51.7109],[-73.8548,-51.7332],[-73.8415,-51.7456],[-73.85,-51.7574],[-73.7968,-51.7363],[-73.8219,-51.7304],[-73.7875,-51.7156],[-73.7703,-51.7355],[-73.7788,-51.7408],[-73.7472,-51.7653],[-73.7525,-51.7854],[-73.7769,-51.7769],[-73.8025,-51.7899],[-73.8087,-51.7979],[-73.784,-51.7939],[-73.8012,-51.8038],[-73.7734,-51.8015],[-73.8033,-51.8142],[-73.8687,-51.7644],[-73.856,-51.7485],[-73.8675,-51.7535],[-73.8782,-51.7402],[-73.867,-51.7327],[-73.8772,-51.734],[-73.8738,-51.7162],[-73.8868,-51.7337],[-73.9354,-51.6831],[-73.9417,-51.6488],[-73.9084,-51.653],[-73.9102,-51.6645],[-73.8891,-51.6542],[-73.8746,-51.6929],[-73.868,-51.6941]]],[[[-73.8094,-51.7019],[-73.798,-51.7089],[-73.8162,-51.7029],[-73.8094,-51.7019]]],[[[-73.8424,-51.6537],[-73.854,-51.6591],[-73.8745,-51.6394],[-73.8223,-51.6469],[-73.8397,-51.6524],[-73.8424,-51.6537]]],[[[-73.935,-51.574],[-73.936,-51.5604],[-73.9204,-51.5585],[-73.9156,-51.5694],[-73.9297,-51.5746],[-73.935,-51.574]]],[[[-73.8734,-51.5563],[-73.8708,-51.5772],[-73.8852,-51.5704],[-73.883,-51.5547],[-73.868,-51.5528],[-73.8734,-51.5563]]],[[[-73.9364,-51.53],[-73.9371,-51.5212],[-73.9235,-51.5243],[-73.9275,-51.5343],[-73.9364,-51.53]]],[[[-73.9148,-51.4584],[-73.9273,-51.459],[-73.9188,-51.4549],[-73.9148,-51.4584]]],[[[-73.9247,-51.3126],[-73.9252,-51.2933],[-73.9073,-51.3188],[-73.9112,-51.3305],[-73.9246,-51.3191],[-73.9247,-51.3126]]],[[[-73.7297,-51.3754],[-73.8449,-51.3678],[-73.8604,-51.3587],[-73.8416,-51.3595],[-73.8528,-51.3541],[-73.8348,-51.3529],[-73.8347,-51.3425],[-73.8696,-51.3531],[-73.8722,-51.3351],[-73.7954,-51.3083],[-73.8746,-51.3278],[-73.8979,-51.2927],[-73.8022,-51.2451],[-73.7945,-51.2588],[-73.7518,-51.2699],[-73.7247,-51.3037],[-73.7313,-51.3734],[-73.7297,-51.3754]]],[[[-73.7062481,-53.7191437],[-73.6967051,-53.7157166],[-73.6976808,-53.7179475],[-73.6946177,-53.7166917],[-73.6894492,-53.7102957],[-73.6814015,-53.7098456],[-73.6761144,-53.7101806],[-73.6765802,-53.7121453],[-73.679009,-53.7157835],[-73.6879878,-53.717453],[-73.6872022,-53.7205366],[-73.6886965,-53.7217687],[-73.693858,-53.7211285],[-73.7006784,-53.7227757],[-73.7146947,-53.7202122],[-73.7062481,-53.7191437]]],[[[-73.7024,-53.6853],[-73.6916,-53.6852],[-73.6949,-53.6953],[-73.7152,-53.6996],[-73.7106,-53.6908],[-73.7024,-53.6853]]],[[[-73.6696,-53.6901],[-73.685,-53.689],[-73.6774,-53.682],[-73.6696,-53.6901]]],[[[-73.7413,-53.6164],[-73.7213,-53.6112],[-73.742,-53.6059],[-73.7382,-53.5927],[-73.6835,-53.6161],[-73.717,-53.6288],[-73.7338,-53.6157],[-73.7413,-53.6164]]],[[[-73.732594,-53.58638],[-73.7299152,-53.5895001],[-73.7386937,-53.5905615],[-73.7399527,-53.5866825],[-73.7439973,-53.5886375],[-73.7554817,-53.5900744],[-73.7563448,-53.5885305],[-73.7635267,-53.5877577],[-73.7639311,-53.5856764],[-73.7575948,-53.5836758],[-73.7571694,-53.5816646],[-73.7717798,-53.5825324],[-73.7754589,-53.5794329],[-73.7728416,-53.5775228],[-73.7613851,-53.5757777],[-73.7461735,-53.5795587],[-73.7413022,-53.5819729],[-73.7435578,-53.583718],[-73.7403373,-53.5843516],[-73.7412735,-53.5852581],[-73.732594,-53.58638]]],[[[-73.6412,-53.5688],[-73.6433,-53.5806],[-73.6587,-53.5725],[-73.6486,-53.5675],[-73.6412,-53.5688]]],[[[-73.7029,-53.5326],[-73.6752,-53.5365],[-73.6697,-53.5479],[-73.6824,-53.5504],[-73.7065,-53.5316],[-73.7029,-53.5326]]],[[[-73.6665589,-53.4692457],[-73.6680649,-53.4677613],[-73.664181,-53.467037],[-73.6585493,-53.4689224],[-73.6574572,-53.4727351],[-73.655085,-53.4727084],[-73.6515188,-53.4757696],[-73.6638157,-53.4732716],[-73.6714981,-53.4692311],[-73.6665589,-53.4692457]]],[[[-73.7023,-53.4439],[-73.7428,-53.4342],[-73.7312,-53.4281],[-73.7511,-53.4066],[-73.697,-53.4233],[-73.6995,-53.4418],[-73.7023,-53.4439]]],[[[-73.64,-53.4199],[-73.6714,-53.4158],[-73.6857,-53.3969],[-73.6695,-53.3899],[-73.6218,-53.4032],[-73.6263,-53.4276],[-73.6451,-53.4269],[-73.6297,-53.4176],[-73.6409,-53.4191],[-73.64,-53.4199]]],[[[-73.7385,-53.3952],[-73.7579,-53.3985],[-73.7408,-53.3936],[-73.7385,-53.3952]]],[[[-73.6189,-53.3667],[-73.5887,-53.3799],[-73.6153,-53.4015],[-73.7002,-53.3669],[-73.6733,-53.3635],[-73.6356,-53.3894],[-73.637,-53.3758],[-73.6176,-53.377],[-73.6224,-53.3675],[-73.6189,-53.3667]]],[[[-73.7070387,-53.3044187],[-73.7014024,-53.3085915],[-73.7040393,-53.3108834],[-73.7103914,-53.3104151],[-73.715929,-53.3051642],[-73.7155142,-53.3028899],[-73.7070387,-53.3044187]]],[[[-73.7628,-53.2935],[-73.7729,-53.2824],[-73.7591,-53.2841],[-73.7176,-53.2969],[-73.7394,-53.3058],[-73.7525,-53.2958],[-73.7628,-53.2935]]],[[[-73.6398,-53.2397],[-73.6689,-53.2472],[-73.6822,-53.2241],[-73.642,-53.2292],[-73.6133,-53.2542],[-73.6315,-53.2527],[-73.6376,-53.2404],[-73.6398,-53.2397]]],[[[-73.7108948,-53.2132174],[-73.7134369,-53.2112222],[-73.7055838,-53.2072018],[-73.7001647,-53.2088576],[-73.694335,-53.2155699],[-73.699341,-53.2138964],[-73.6984985,-53.2129747],[-73.7108948,-53.2132174]]],[[[-73.7179346,-53.2021752],[-73.714107,-53.2044376],[-73.7150933,-53.2051607],[-73.7185023,-53.2043501],[-73.7202164,-53.2021279],[-73.7216446,-53.2030961],[-73.7175042,-53.2062182],[-73.7210458,-53.20589],[-73.7234633,-53.2076105],[-73.7277807,-53.2056429],[-73.7281295,-53.2005652],[-73.7249605,-53.2016596],[-73.7216417,-53.2003924],[-73.7204036,-53.1976664],[-73.7175327,-53.197521],[-73.7181003,-53.1965584],[-73.7083135,-53.1948525],[-73.7054083,-53.1953267],[-73.7056977,-53.1968087],[-73.703011,-53.1981257],[-73.7089192,-53.2027813],[-73.7179346,-53.2021752]]],[[[-73.6856,-53.2038],[-73.6996,-53.1912],[-73.6828,-53.2023],[-73.6856,-53.2038]]],[[[-73.6594,-53.0809],[-73.6499,-53.0746],[-73.6556,-53.0824],[-73.6594,-53.0809]]],[[[-73.6928091,-52.8225646],[-73.705107,-52.8207148],[-73.7007144,-52.8176932],[-73.6911595,-52.816433],[-73.685301,-52.8200543],[-73.6855028,-52.8212994],[-73.6928091,-52.8225646]]],[[[-73.7357,-52.8017],[-73.7077,-52.8064],[-73.7353,-52.8037],[-73.7357,-52.8017]]],[[[-73.7313819,-52.794807],[-73.7302983,-52.7974888],[-73.7252113,-52.7989668],[-73.7421394,-52.7976847],[-73.7436339,-52.7929195],[-73.7405605,-52.793117],[-73.7313819,-52.794807]]],[[[-73.6348,-52.7985],[-73.6517,-52.7928],[-73.6363,-52.7957],[-73.6348,-52.7985]]],[[[-73.68747,-52.7940579],[-73.6952301,-52.7931411],[-73.6954691,-52.791939],[-73.6919161,-52.7907693],[-73.6894606,-52.7916076],[-73.6862084,-52.7892903],[-73.6803073,-52.7890045],[-73.6746817,-52.7892071],[-73.68747,-52.7940579]]],[[[-73.6815,-52.7843],[-73.6515,-52.7716],[-73.691,-52.7794],[-73.6809,-52.7733],[-73.6975,-52.7712],[-73.6546,-52.7564],[-73.6398,-52.7603],[-73.6324,-52.7859],[-73.6898,-52.7846],[-73.6815,-52.7843]]],[[[-73.6744,-52.7019],[-73.7194,-52.7182],[-73.6736,-52.6985],[-73.6744,-52.7019]]],[[[-73.6882,-52.6899],[-73.6991,-52.704],[-73.7073,-52.7043],[-73.7014,-52.694],[-73.6882,-52.6899]]],[[[-73.6524,-52.6835],[-73.6778,-52.6853],[-73.6636,-52.6735],[-73.6526,-52.6804],[-73.6524,-52.6835]]],[[[-73.7493,-52.6783],[-73.7601,-52.6778],[-73.7495,-52.6753],[-73.7493,-52.6783]]],[[[-73.6823,-52.6759],[-73.659,-52.6639],[-73.6778,-52.6762],[-73.6823,-52.6759]]],[[[-73.685315,-52.6576823],[-73.6816222,-52.6575671],[-73.6847147,-52.666383],[-73.6889401,-52.6675042],[-73.6905936,-52.6669785],[-73.6892598,-52.6656871],[-73.6928556,-52.664367],[-73.685315,-52.6576823]]],[[[-73.657,-52.6518],[-73.6394,-52.6579],[-73.6575,-52.653],[-73.657,-52.6518]]],[[[-73.7044,-52.5758],[-73.7152,-52.5745],[-73.702,-52.5677],[-73.695,-52.5783],[-73.7044,-52.5758]]],[[[-73.6785,-52.5561],[-73.6451,-52.5615],[-73.6374,-52.5743],[-73.6603,-52.5835],[-73.684,-52.5635],[-73.6785,-52.5561]]],[[[-73.6778638,-52.3690283],[-73.6728108,-52.3675432],[-73.6707587,-52.369045],[-73.6706655,-52.3756714],[-73.6748022,-52.377565],[-73.6776866,-52.3762983],[-73.6766755,-52.3743463],[-73.6778638,-52.3690283]]],[[[-73.6694,-52.3702],[-73.6578,-52.3675],[-73.6679,-52.3733],[-73.6694,-52.3702]]],[[[-73.7204,-52.3621],[-73.7069,-52.3626],[-73.7181,-52.3699],[-73.7218,-52.3586],[-73.7204,-52.3621]]],[[[-73.6769,-52.3421],[-73.6511,-52.3288],[-73.6754,-52.343],[-73.6769,-52.3421]]],[[[-73.7085,-52.3253],[-73.7352,-52.3071],[-73.7177,-52.2974],[-73.7082,-52.3189],[-73.7085,-52.3253]]],[[[-73.6462,-52.239],[-73.64,-52.2497],[-73.6476,-52.2462],[-73.6462,-52.239]]],[[[-73.7411,-52.2617],[-73.7698,-52.2467],[-73.7638,-52.2333],[-73.7206,-52.249],[-73.7554,-52.2262],[-73.7488,-52.2079],[-73.6773,-52.2516],[-73.6884,-52.2794],[-73.7346,-52.2675],[-73.7411,-52.2617]]],[[[-73.6605,-51.997],[-73.661,-51.9883],[-73.6446,-51.9906],[-73.6572,-51.999],[-73.6605,-51.997]]],[[[-73.7019,-51.9249],[-73.7094,-51.947],[-73.7986,-51.8533],[-73.7716,-51.8284],[-73.7398,-51.8354],[-73.7004,-51.8873],[-73.7029,-51.9173],[-73.7019,-51.9249]]],[[[-73.6829,-51.8148],[-73.6822,-51.7988],[-73.6784,-51.8119],[-73.6829,-51.8148]]],[[[-73.7705,-51.3811],[-73.742,-51.3947],[-73.7475,-51.421],[-73.7663,-51.4143],[-73.7808,-51.3842],[-73.7705,-51.3811]]],[[[-73.5307,-53.7631],[-73.5204,-53.7493],[-73.5098,-53.7596],[-73.5254,-53.7615],[-73.5307,-53.7631]]],[[[-73.5298,-53.7447],[-73.5718,-53.7601],[-73.5305,-53.742],[-73.5298,-53.7447]]],[[[-73.5118875,-53.6763523],[-73.5111397,-53.6735945],[-73.5054153,-53.6727659],[-73.5021958,-53.6740111],[-73.5044612,-53.679615],[-73.5109444,-53.6817881],[-73.5138369,-53.6811588],[-73.5124282,-53.6798042],[-73.5171261,-53.6770196],[-73.5118875,-53.6763523]]],[[[-73.6615,-53.6809],[-73.6493,-53.6726],[-73.6606,-53.6642],[-73.6442,-53.6565],[-73.6572,-53.6468],[-73.6501,-53.6421],[-73.618,-53.6523],[-73.633,-53.6568],[-73.6251,-53.6621],[-73.6416,-53.6791],[-73.6647,-53.682],[-73.6615,-53.6809]]],[[[-73.5299,-53.6626],[-73.5484,-53.6615],[-73.5298,-53.6613],[-73.5299,-53.6626]]],[[[-73.5951,-53.6446],[-73.6071,-53.6427],[-73.5914,-53.6385],[-73.5951,-53.6446]]],[[[-73.6407,-53.6308],[-73.5954,-53.6337],[-73.6242,-53.6469],[-73.6479,-53.6391],[-73.6415,-53.6322],[-73.6407,-53.6308]]],[[[-73.5623,-53.648],[-73.5862,-53.6391],[-73.572,-53.6425],[-73.5801,-53.6347],[-73.5498,-53.6235],[-73.561,-53.6149],[-73.4983,-53.6212],[-73.5618,-53.6502],[-73.5623,-53.648]]],[[[-73.6051,-53.6121],[-73.6168,-53.6188],[-73.6044,-53.6135],[-73.6051,-53.6121]]],[[[-73.5464,-53.6129],[-73.5602,-53.6005],[-73.5311,-53.6019],[-73.5351,-53.6125],[-73.5464,-53.6129]]],[[[-73.5135,-53.6108],[-73.5301,-53.6079],[-73.5158,-53.6077],[-73.5135,-53.6108]]],[[[-73.541,-53.5896],[-73.5185,-53.5771],[-73.5031,-53.5871],[-73.5053,-53.5991],[-73.5363,-53.5899],[-73.541,-53.5896]]],[[[-73.592622,-53.5872896],[-73.5979512,-53.5880623],[-73.6019031,-53.5905199],[-73.6045607,-53.5905959],[-73.608175,-53.5881704],[-73.6031775,-53.5853772],[-73.6038504,-53.5840704],[-73.5966296,-53.5826082],[-73.5943771,-53.5836268],[-73.5932884,-53.5857625],[-73.5945216,-53.5866714],[-73.592622,-53.5872896]]],[[[-73.6092,-53.5782],[-73.6006,-53.5805],[-73.613,-53.5876],[-73.6124,-53.5788],[-73.6092,-53.5782]]],[[[-73.5725,-53.5889],[-73.5594,-53.5741],[-73.5822,-53.5618],[-73.5637,-53.5574],[-73.5436,-53.5644],[-73.5573,-53.5816],[-73.5495,-53.5905],[-73.5677,-53.5904],[-73.5725,-53.5889]]],[[[-73.5261047,-53.5743865],[-73.5309599,-53.5744283],[-73.5294467,-53.573504],[-73.5391961,-53.5706749],[-73.5279502,-53.5706607],[-73.5181431,-53.5751466],[-73.5221644,-53.5773404],[-73.5262424,-53.5768603],[-73.527133,-53.5757903],[-73.52454,-53.5756482],[-73.5261047,-53.5743865]]],[[[-73.5824761,-53.5681011],[-73.580109,-53.5693135],[-73.5801034,-53.5713383],[-73.5871349,-53.569345],[-73.5882015,-53.5709016],[-73.600714,-53.5715453],[-73.6021521,-53.5670921],[-73.5955373,-53.5659741],[-73.5824761,-53.5681011]]],[[[-73.5348,-53.4116],[-73.4737,-53.4293],[-73.5146,-53.4042],[-73.471,-53.3899],[-73.3696,-53.4181],[-73.3794,-53.4322],[-73.3958,-53.4271],[-73.3907,-53.4366],[-73.4153,-53.4517],[-73.4337,-53.4477],[-73.4802,-53.4985],[-73.5113,-53.4953],[-73.4582,-53.5085],[-73.4668,-53.4864],[-73.4422,-53.472],[-73.3591,-53.5445],[-73.3841,-53.5444],[-73.3611,-53.5537],[-73.4046,-53.5582],[-73.3282,-53.5809],[-73.3583,-53.5808],[-73.3663,-53.5882],[-73.3454,-53.5939],[-73.3612,-53.5962],[-73.4219,-53.5726],[-73.413,-53.5793],[-73.4219,-53.593],[-73.492,-53.6097],[-73.5008,-53.6052],[-73.4892,-53.5942],[-73.4938,-53.5796],[-73.4774,-53.5777],[-73.4983,-53.5729],[-73.5203,-53.5466],[-73.5154,-53.5722],[-73.5447,-53.5557],[-73.603,-53.558],[-73.6418,-53.54],[-73.61,-53.5684],[-73.6278,-53.5685],[-73.6698,-53.5405],[-73.6613,-53.5214],[-73.7175,-53.5251],[-73.7489,-53.5068],[-73.7186,-53.5113],[-73.7309,-53.5013],[-73.7077,-53.4959],[-73.7464,-53.4916],[-73.7547,-53.5005],[-73.8027,-53.4784],[-73.7942,-53.4688],[-73.7611,-53.4735],[-73.785,-53.4646],[-73.7921,-53.4437],[-73.8067,-53.4496],[-73.819,-53.4393],[-73.7985,-53.4277],[-73.7645,-53.4502],[-73.733,-53.4531],[-73.7256,-53.4615],[-73.7399,-53.4682],[-73.7207,-53.4684],[-73.6978,-53.4945],[-73.698,-53.4856],[-73.6795,-53.4868],[-73.6656,-53.5032],[-73.6426,-53.5103],[-73.6437,-53.4984],[-73.5998,-53.5161],[-73.6215,-53.5047],[-73.606,-53.5016],[-73.5544,-53.5187],[-73.5665,-53.5287],[-73.46,-53.5566],[-73.5388,-53.5171],[-73.5248,-53.5083],[-73.5408,-53.4987],[-73.5697,-53.5023],[-73.597,-53.4885],[-73.5876,-53.4853],[-73.6175,-53.4885],[-73.655,-53.4713],[-73.6497,-53.4517],[-73.603,-53.4707],[-73.5762,-53.4584],[-73.4971,-53.467],[-73.5053,-53.4586],[-73.4846,-53.4533],[-73.5637,-53.4517],[-73.5928,-53.4359],[-73.5904,-53.4223],[-73.6073,-53.4229],[-73.596,-53.4115],[-73.572,-53.4139],[-73.5887,-53.4035],[-73.5884,-53.3841],[-73.5436,-53.395],[-73.5589,-53.3966],[-73.5346,-53.4067],[-73.5411,-53.4166],[-73.5348,-53.4116]]],[[[-73.5470588,-53.4565254],[-73.5283201,-53.4584648],[-73.5231669,-53.4564033],[-73.5185045,-53.4577254],[-73.5315868,-53.4608648],[-73.5504988,-53.4592259],[-73.5506046,-53.457254],[-73.5470588,-53.4565254]]],[[[-73.5594,-53.3822],[-73.5325,-53.3845],[-73.5428,-53.3935],[-73.5594,-53.3822]]],[[[-73.6118,-53.3176],[-73.624,-53.3231],[-73.6327,-53.3128],[-73.6174,-53.3155],[-73.6118,-53.3176]]],[[[-73.6314,-53.1426],[-73.6409,-53.1317],[-73.6296,-53.1352],[-73.6314,-53.1426]]],[[[-73.5305,-52.9658],[-73.5769,-53.0017],[-73.5953,-52.9924],[-73.5558,-52.9674],[-73.5872,-52.9664],[-73.5507,-52.9311],[-73.4827,-52.9601],[-73.4888,-52.9732],[-73.5305,-52.9685],[-73.5305,-52.9658]]],[[[-73.5078,-52.9105],[-73.5269,-52.9015],[-73.4995,-52.9073],[-73.4959,-52.9156],[-73.5087,-52.9117],[-73.5078,-52.9105]]],[[[-73.5987,-52.8755],[-73.5644,-52.8876],[-73.6243,-52.8522],[-73.6212,-52.8374],[-73.6043,-52.8324],[-73.5515,-52.8623],[-73.5018,-52.865],[-73.4246,-52.8921],[-73.4157,-52.8919],[-73.4231,-52.8814],[-73.4059,-52.8806],[-73.3303,-52.9257],[-73.3737,-52.913],[-73.3378,-52.9355],[-73.3757,-52.9524],[-73.361,-52.9648],[-73.41,-52.9726],[-73.4779,-52.9576],[-73.4968,-52.9459],[-73.4848,-52.9277],[-73.4122,-52.9328],[-73.5392,-52.8946],[-73.5489,-52.8968],[-73.5409,-52.9153],[-73.6107,-52.8911],[-73.6257,-52.8986],[-73.6115,-52.9081],[-73.6257,-52.9029],[-73.652,-52.9202],[-73.7025,-52.9065],[-73.7195,-52.909],[-73.7194,-52.9226],[-73.7962,-52.9266],[-73.7909,-52.9134],[-73.7675,-52.9097],[-73.781,-52.9059],[-73.7708,-52.8996],[-73.729,-52.9146],[-73.7315,-52.8862],[-73.7554,-52.8806],[-73.7303,-52.8657],[-73.6478,-52.8791],[-73.6903,-52.8623],[-73.6466,-52.859],[-73.6105,-52.879],[-73.5975,-52.8746],[-73.5987,-52.8755]]],[[[-73.5493604,-52.8529939],[-73.5483502,-52.8486077],[-73.5412424,-52.8504647],[-73.5368179,-52.8540222],[-73.5376392,-52.8562102],[-73.5493604,-52.8529939]]],[[[-73.6350138,-52.7689806],[-73.6381798,-52.7589926],[-73.6363709,-52.7592011],[-73.6290692,-52.7655766],[-73.6283445,-52.7671797],[-73.6299437,-52.7693829],[-73.6332866,-52.7702328],[-73.6350138,-52.7689806]]],[[[-73.6037,-52.7471],[-73.5762,-52.7615],[-73.5954,-52.7555],[-73.5842,-52.772],[-73.6091,-52.7784],[-73.6408,-52.7532],[-73.6485,-52.7303],[-73.6213,-52.7375],[-73.6329,-52.7446],[-73.6124,-52.7428],[-73.6037,-52.7471]]],[[[-73.5377,-52.7546],[-73.5679,-52.7635],[-73.5377,-52.7433],[-73.5177,-52.7442],[-73.5352,-52.7556],[-73.5377,-52.7546]]],[[[-73.5579121,-52.730218],[-73.5464742,-52.7266844],[-73.5389959,-52.7287008],[-73.548435,-52.7332446],[-73.5570068,-52.7346776],[-73.55696,-52.7370483],[-73.5605152,-52.7393976],[-73.5752076,-52.7440905],[-73.5685968,-52.7356092],[-73.5579121,-52.730218]]],[[[-73.5080032,-52.7241522],[-73.5022731,-52.7257275],[-73.5028707,-52.7296257],[-73.498788,-52.7297031],[-73.5064081,-52.7310437],[-73.514765,-52.7289684],[-73.5137034,-52.7276604],[-73.5149954,-52.7261662],[-73.5135653,-52.7248896],[-73.5080032,-52.7241522]]],[[[-73.5604238,-52.7193002],[-73.5464569,-52.7137332],[-73.55354,-52.7218125],[-73.5669821,-52.7242683],[-73.5604238,-52.7193002]]],[[[-73.5167,-52.706],[-73.5401,-52.711],[-73.5158,-52.7036],[-73.5167,-52.706]]],[[[-73.6515,-52.6766],[-73.6538,-52.6657],[-73.6225,-52.6704],[-73.6498,-52.6797],[-73.6515,-52.6766]]],[[[-73.5642,-52.5701],[-73.5745,-52.56],[-73.5562,-52.5703],[-73.5642,-52.5701]]],[[[-73.6086,-52.5199],[-73.5873,-52.5196],[-73.5722,-52.549],[-73.5957,-52.5519],[-73.6054,-52.5309],[-73.5959,-52.5264],[-73.6097,-52.523],[-73.6086,-52.5199]]],[[[-73.6326,-52.5141],[-73.6226,-52.5285],[-73.651,-52.5285],[-73.6413,-52.5214],[-73.6538,-52.5149],[-73.6348,-52.5168],[-73.6326,-52.5141]]],[[[-73.5989,-52.4706],[-73.5742,-52.4683],[-73.582,-52.4744],[-73.5713,-52.4825],[-73.59,-52.4864],[-73.5859,-52.4742],[-73.6033,-52.4731],[-73.5989,-52.4706]]],[[[-73.5846,-52.3799],[-73.573,-52.3741],[-73.5831,-52.3804],[-73.5846,-52.3799]]],[[[-73.6331,-52.2801],[-73.6078,-52.3333],[-73.6394,-52.2989],[-73.6324,-52.2789],[-73.6331,-52.2801]]],[[[-73.5464,-52.0421],[-73.5568,-52.0373],[-73.547,-52.0374],[-73.5464,-52.0421]]],[[[-73.6196,-51.7966],[-73.643,-51.8007],[-73.6251,-51.7621],[-73.6091,-51.758],[-73.5931,-51.7868],[-73.6141,-51.7902],[-73.6196,-51.7966]]],[[[-73.551285,-51.7194939],[-73.5512182,-51.7179737],[-73.5451262,-51.7161484],[-73.5404017,-51.7120533],[-73.5376436,-51.7114696],[-73.5362589,-51.71278],[-73.5340025,-51.7118835],[-73.5340483,-51.7102966],[-73.5294821,-51.7095737],[-73.5311987,-51.7128468],[-73.5384066,-51.71768],[-73.551285,-51.7194939]]],[[[-73.1053,-51.4224],[-73.1206,-51.4438],[-73.177,-51.4663],[-73.2433,-51.4595],[-73.2427,-51.4692],[-73.2537,-51.4666],[-73.2431,-51.4744],[-73.26,-51.4673],[-73.2693,-51.4793],[-73.267,-51.4903],[-73.2058,-51.5113],[-73.1309,-51.4773],[-73.1194,-51.495],[-73.055,-51.4934],[-73.0357,-51.5353],[-73.0961,-51.5893],[-73.1181,-51.5877],[-73.1134,-51.6044],[-73.0312,-51.5569],[-73.0204,-51.5183],[-72.9985,-51.5104],[-72.9272,-51.5641],[-72.8963,-51.5637],[-72.8355,-51.5953],[-72.8236,-51.5731],[-72.8142,-51.5879],[-72.7485,-51.6037],[-72.6882,-51.6955],[-72.6439,-51.6801],[-72.6082,-51.7121],[-72.5863,-51.7002],[-72.5312,-51.7173],[-72.5254,-51.7377],[-72.5558,-51.7502],[-72.5408,-51.7664],[-72.6385,-51.8284],[-72.7147,-51.813],[-72.7258,-51.8348],[-72.7424,-51.8086],[-72.7727,-51.8111],[-72.8172,-51.7604],[-72.8882,-51.7493],[-72.8967,-51.758],[-72.8862,-51.7702],[-72.9056,-51.7695],[-72.9203,-51.7634],[-72.9022,-51.7596],[-72.9202,-51.7406],[-72.9236,-51.7527],[-72.9386,-51.748],[-72.9408,-51.7672],[-72.9605,-51.7602],[-72.9686,-51.7727],[-72.9927,-51.7256],[-73.0382,-51.7078],[-73.0459,-51.7146],[-73.0896,-51.6755],[-73.1081,-51.6999],[-73.1305,-51.7021],[-73.1513,-51.6882],[-73.1276,-51.695],[-73.1483,-51.6695],[-73.1732,-51.6844],[-73.1897,-51.6711],[-73.1928,-51.6819],[-73.1997,-51.661],[-73.1861,-51.6387],[-73.2041,-51.5971],[-73.2317,-51.6243],[-73.2925,-51.5714],[-73.2901,-51.6112],[-73.2486,-51.6223],[-73.2247,-51.6464],[-73.2237,-51.6729],[-73.2532,-51.6714],[-73.2832,-51.6928],[-73.2254,-51.6808],[-73.1639,-51.7183],[-73.1391,-51.7195],[-73.0904,-51.6962],[-73.0566,-51.7284],[-73.0397,-51.7261],[-72.9999,-51.7835],[-73.0272,-51.8044],[-73.0385,-51.7698],[-73.069,-51.7515],[-73.1219,-51.7534],[-73.1365,-51.7749],[-73.164,-51.7693],[-73.1636,-51.7821],[-73.1452,-51.7867],[-73.0733,-51.7547],[-73.0431,-51.7872],[-73.0352,-51.8219],[-73.0499,-51.8367],[-73.0703,-51.8363],[-73.0751,-51.8626],[-73.1037,-51.8501],[-73.1167,-51.8722],[-73.22,-51.8773],[-73.2108,-51.8919],[-73.0979,-51.8866],[-72.9836,-51.7988],[-72.9262,-51.8455],[-72.9154,-51.8411],[-72.9245,-51.8765],[-72.9359,-51.8917],[-72.9705,-51.8851],[-73.1182,-51.9346],[-73.1514,-51.9854],[-73.1491,-52.0152],[-73.1617,-52.0111],[-73.1441,-52.0748],[-73.1552,-52.0988],[-73.2288,-52.1009],[-73.2591,-52.0314],[-73.2538,-51.9761],[-73.2719,-51.9357],[-73.2581,-51.9392],[-73.2582,-51.9285],[-73.272,-51.9051],[-73.2858,-51.9009],[-73.2884,-51.9169],[-73.2933,-51.9032],[-73.2932,-51.875],[-73.2791,-51.8875],[-73.2619,-51.8834],[-73.2905,-51.8698],[-73.3045,-51.77],[-73.3349,-51.6973],[-73.3996,-51.6381],[-73.3908,-51.6696],[-73.3412,-51.7281],[-73.3065,-51.8458],[-73.3175,-51.8855],[-73.2609,-52.0971],[-73.267,-52.1549],[-73.3245,-52.1553],[-73.3941,-52.1268],[-73.4303,-52.094],[-73.4278,-52.0794],[-73.4672,-52.0638],[-73.4621,-52.0545],[-73.48,-52.0367],[-73.4649,-52.0609],[-73.4736,-52.0746],[-73.5295,-52.0495],[-73.5145,-52.0354],[-73.5352,-52.0384],[-73.5666,-52.0151],[-73.5864,-51.9616],[-73.567,-51.9676],[-73.5925,-51.9362],[-73.5907,-51.9261],[-73.5469,-51.935],[-73.6042,-51.9119],[-73.5978,-51.9066],[-73.6394,-51.8668],[-73.6319,-51.8612],[-73.6465,-51.8261],[-73.6292,-51.8078],[-73.6029,-51.8159],[-73.5932,-51.8017],[-73.568,-51.8536],[-73.5486,-51.8729],[-73.5475,-51.8528],[-73.5039,-51.9124],[-73.4928,-51.9442],[-73.5266,-51.9336],[-73.528,-51.942],[-73.4729,-51.9561],[-73.3994,-52.0495],[-73.3965,-52.0361],[-73.3706,-52.0429],[-73.4035,-52.0286],[-73.4102,-52.0077],[-73.3696,-52.0165],[-73.4203,-51.9886],[-73.4368,-51.9601],[-73.4188,-51.9582],[-73.4598,-51.9412],[-73.4755,-51.9154],[-73.4797,-51.8986],[-73.4194,-51.9009],[-73.4792,-51.8876],[-73.5418,-51.8083],[-73.5,-51.8038],[-73.5,-51.7945],[-73.5473,-51.7981],[-73.5572,-51.7752],[-73.5743,-51.7783],[-73.594,-51.7512],[-73.5818,-51.7361],[-73.5452,-51.7297],[-73.5545,-51.757],[-73.5321,-51.7306],[-73.5043,-51.7222],[-73.4998,-51.6972],[-73.444,-51.6757],[-73.5487,-51.7141],[-73.5548,-51.6796],[-73.5626,-51.7177],[-73.6107,-51.7196],[-73.625,-51.7144],[-73.6201,-51.6937],[-73.634,-51.6838],[-73.6209,-51.6435],[-73.6415,-51.6581],[-73.6408,-51.6975],[-73.6683,-51.7487],[-73.6989,-51.7504],[-73.6835,-51.7587],[-73.682,-51.7856],[-73.7117,-51.7903],[-73.7338,-51.7549],[-73.7216,-51.7551],[-73.7552,-51.7371],[-73.7583,-51.7232],[-73.738,-51.7193],[-73.8075,-51.7006],[-73.7849,-51.6963],[-73.8014,-51.6915],[-73.7944,-51.6852],[-73.7741,-51.6882],[-73.7847,-51.6731],[-73.8097,-51.6834],[-73.7949,-51.6653],[-73.8232,-51.6651],[-73.8115,-51.6509],[-73.772,-51.6603],[-73.7369,-51.6479],[-73.7626,-51.6464],[-73.752,-51.6407],[-73.7724,-51.6516],[-73.8281,-51.6263],[-73.8786,-51.6327],[-73.8865,-51.6201],[-73.8612,-51.6185],[-73.8884,-51.6176],[-73.8923,-51.6069],[-73.903,-51.6126],[-73.8966,-51.6238],[-73.9198,-51.6242],[-73.9254,-51.6057],[-73.9137,-51.5991],[-73.9097,-51.5705],[-73.8863,-51.588],[-73.8245,-51.5924],[-73.8655,-51.5773],[-73.8542,-51.5446],[-73.7814,-51.549],[-73.8186,-51.5401],[-73.8084,-51.5291],[-73.9058,-51.5477],[-73.9133,-51.5373],[-73.8976,-51.5403],[-73.9232,-51.5145],[-73.8834,-51.5103],[-73.9195,-51.5025],[-73.9239,-51.4682],[-73.8911,-51.4681],[-73.8834,-51.4761],[-73.8967,-51.4827],[-73.8723,-51.4864],[-73.8727,-51.4765],[-73.936,-51.4444],[-73.9344,-51.4291],[-73.9029,-51.4119],[-73.9478,-51.4236],[-73.9594,-51.4144],[-73.9139,-51.4057],[-73.8997,-51.3684],[-73.856,-51.4038],[-73.8474,-51.3915],[-73.8086,-51.3925],[-73.756,-51.4698],[-73.749,-51.476],[-73.7425,-51.4603],[-73.746,-51.4383],[-73.7369,-51.4427],[-73.7022,-51.4802],[-73.685,-51.5263],[-73.6546,-51.5436],[-73.6615,-51.5738],[-73.6415,-51.5791],[-73.6339,-51.597],[-73.6532,-51.6046],[-73.6207,-51.6144],[-73.6213,-51.6312],[-73.5845,-51.6183],[-73.5859,-51.601],[-73.6166,-51.5819],[-73.6285,-51.5374],[-73.6638,-51.5168],[-73.6805,-51.4773],[-73.6528,-51.5218],[-73.597,-51.5219],[-73.5774,-51.5433],[-73.5886,-51.5247],[-73.5753,-51.5141],[-73.6346,-51.5118],[-73.6405,-51.4885],[-73.6252,-51.4965],[-73.624,-51.4851],[-73.6357,-51.4604],[-73.5591,-51.4495],[-73.6372,-51.4529],[-73.6791,-51.4305],[-73.6789,-51.399],[-73.7078,-51.3743],[-73.7062,-51.3445],[-73.6874,-51.3712],[-73.6859,-51.3528],[-73.7146,-51.3165],[-73.6805,-51.3029],[-73.7099,-51.29],[-73.7359,-51.2577],[-73.7747,-51.2472],[-73.7863,-51.2206],[-73.7202,-51.1876],[-73.6898,-51.2288],[-73.6895,-51.2763],[-73.663,-51.2799],[-73.6915,-51.2077],[-73.6631,-51.2151],[-73.6404,-51.1985],[-73.6647,-51.2108],[-73.7083,-51.1772],[-73.6968,-51.1535],[-73.6732,-51.1409],[-73.7005,-51.1513],[-73.7116,-51.133],[-73.7097,-51.1583],[-73.7233,-51.1637],[-73.7289,-51.1393],[-73.7443,-51.138],[-73.7809,-51.0909],[-73.8247,-51.0635],[-73.7544,-51.1501],[-73.7492,-51.1747],[-73.7642,-51.1868],[-73.8072,-51.2053],[-73.8092,-51.1946],[-73.835,-51.2265],[-73.9,-51.2571],[-73.9229,-51.2384],[-73.9576,-51.1612],[-73.9868,-51.1459],[-73.9921,-51.1098],[-74.0171,-51.1439],[-74.0009,-51.158],[-74.0015,-51.2058],[-74.0763,-51.2072],[-74.0713,-51.1899],[-74.1116,-51.1939],[-74.1248,-51.1813],[-74.1133,-51.1304],[-74.1299,-51.1066],[-74.106,-51.099],[-74.1312,-51.0945],[-74.1405,-51.079],[-74.1278,-51.0544],[-74.1444,-51.0647],[-74.0781,-50.999],[-74.0335,-51.0007],[-74.0637,-50.996],[-74.0758,-50.9816],[-74.0378,-50.9498],[-74.0569,-50.9558],[-74.0664,-50.9375],[-74.0741,-50.9503],[-74.0659,-50.9586],[-74.081,-50.9697],[-74.0913,-50.9559],[-74.0988,-50.9703],[-74.1203,-50.9564],[-74.0951,-50.9732],[-74.0952,-50.9897],[-74.1207,-51.0013],[-74.0984,-50.9767],[-74.1231,-50.9894],[-74.1557,-51.0427],[-74.1651,-51.0324],[-74.1921,-51.0573],[-74.214,-51.0424],[-74.222,-50.9986],[-74.2114,-50.9891],[-74.2332,-50.9827],[-74.2304,-50.9694],[-74.1972,-50.96],[-74.2328,-50.9541],[-74.2227,-50.9646],[-74.2406,-50.9691],[-74.2435,-50.9468],[-74.2188,-50.9107],[-74.1842,-50.8979],[-74.2066,-50.9034],[-74.2036,-50.8954],[-74.1677,-50.8777],[-74.0992,-50.8692],[-74.0457,-50.8864],[-73.9547,-50.8861],[-73.9229,-50.9051],[-73.942,-50.8777],[-73.8839,-50.8681],[-73.8637,-50.8761],[-73.845,-50.9267],[-73.8703,-50.9388],[-73.8418,-50.9367],[-73.762,-50.963],[-73.6985,-50.9573],[-73.6988,-50.9438],[-73.6712,-50.9304],[-73.766,-50.9327],[-73.7967,-50.9158],[-73.7964,-50.8929],[-73.83,-50.8648],[-73.8772,-50.8445],[-73.8337,-50.7989],[-73.8045,-50.7972],[-73.7863,-50.8224],[-73.7584,-50.8329],[-73.7169,-50.8274],[-73.7709,-50.8175],[-73.7879,-50.7999],[-73.7728,-50.7461],[-73.7957,-50.7155],[-73.7983,-50.6832],[-73.7597,-50.6553],[-73.6956,-50.6569],[-73.6404,-50.6335],[-73.6017,-50.6525],[-73.6084,-50.6747],[-73.5932,-50.6534],[-73.5567,-50.6612],[-73.5516,-50.6904],[-73.5307,-50.714],[-73.5116,-50.7098],[-73.5315,-50.6892],[-73.5326,-50.6655],[-73.499,-50.6813],[-73.3507,-50.6798],[-73.5316,-50.6579],[-73.5687,-50.6366],[-73.5546,-50.628],[-73.5589,-50.5925],[-73.58,-50.5983],[-73.5774,-50.6245],[-73.6115,-50.6113],[-73.6553,-50.6152],[-73.6582,-50.6002],[-73.6894,-50.5873],[-73.6925,-50.5703],[-73.7456,-50.5435],[-73.6986,-50.4929],[-73.628,-50.503],[-73.5992,-50.4761],[-73.5736,-50.4721],[-73.5883,-50.446],[-73.5592,-50.4268],[-73.5673,-50.4082],[-73.546,-50.3823],[-73.5579,-50.3769],[-73.6281,-50.4578],[-73.632,-50.4928],[-73.6543,-50.4818],[-73.6779,-50.4936],[-73.7116,-50.489],[-73.7405,-50.4963],[-73.766,-50.5207],[-73.768,-50.5585],[-73.7993,-50.6013],[-73.7928,-50.6324],[-73.8305,-50.6786],[-73.816,-50.7347],[-73.8221,-50.7745],[-73.8616,-50.7813],[-73.8774,-50.8022],[-73.9029,-50.7931],[-73.9095,-50.8224],[-73.9339,-50.8461],[-74.0104,-50.8222],[-74.0083,-50.839],[-74.0299,-50.8504],[-74.0576,-50.8127],[-74.1253,-50.7651],[-74.1111,-50.7562],[-74.1029,-50.7642],[-74.0822,-50.7298],[-74.0474,-50.7271],[-74.0575,-50.7208],[-74.0451,-50.7113],[-74.0522,-50.6907],[-74.0936,-50.7018],[-74.1248,-50.6877],[-74.1071,-50.7072],[-74.1193,-50.7277],[-74.1106,-50.7442],[-74.1299,-50.7573],[-74.1425,-50.7443],[-74.1162,-50.7442],[-74.1521,-50.7328],[-74.1683,-50.6972],[-74.1588,-50.6889],[-74.2276,-50.5868],[-74.2206,-50.5699],[-74.1969,-50.584],[-74.2016,-50.5707],[-74.1721,-50.5642],[-74.1602,-50.5486],[-74.1158,-50.58],[-74.1001,-50.5783],[-74.0938,-50.6036],[-74.0876,-50.5789],[-74.1317,-50.5416],[-74.1689,-50.5428],[-74.2027,-50.5655],[-74.2313,-50.5578],[-74.2593,-50.5382],[-74.2977,-50.4679],[-74.235,-50.4804],[-74.1757,-50.4683],[-74.1658,-50.5067],[-74.1812,-50.5099],[-74.1487,-50.5193],[-74.1451,-50.5355],[-74.1384,-50.5172],[-74.1025,-50.5287],[-74.1049,-50.5098],[-74.1132,-50.5006],[-74.1278,-50.5173],[-74.1483,-50.5139],[-74.1636,-50.4801],[-74.1487,-50.4954],[-74.1448,-50.4805],[-74.1019,-50.4903],[-74.0195,-50.5324],[-73.9957,-50.5313],[-73.9841,-50.5395],[-73.9867,-50.598],[-73.9706,-50.5324],[-73.9044,-50.5425],[-73.8801,-50.5589],[-73.8621,-50.5519],[-74.0069,-50.5137],[-74.0215,-50.501],[-74.0208,-50.4874],[-74.0057,-50.4813],[-74.0145,-50.4547],[-74.0328,-50.4898],[-74.0207,-50.4949],[-74.0473,-50.4939],[-74.0909,-50.4587],[-74.1579,-50.4323],[-74.0868,-50.4169],[-74.0497,-50.3775],[-73.9683,-50.3789],[-73.9614,-50.36],[-73.9819,-50.3739],[-74.0634,-50.3638],[-74.0852,-50.3742],[-74.1006,-50.4119],[-74.1576,-50.4058],[-74.1537,-50.4255],[-74.1712,-50.4311],[-74.2136,-50.4127],[-74.2588,-50.4366],[-74.1972,-50.4243],[-74.2,-50.4406],[-74.246,-50.4467],[-74.3084,-50.4255],[-74.2578,-50.4269],[-74.27,-50.4234],[-74.2597,-50.4178],[-74.3062,-50.4223],[-74.3251,-50.4055],[-74.2939,-50.3422],[-74.2491,-50.3172],[-74.2443,-50.3308],[-74.1762,-50.3441],[-74.1294,-50.3297],[-74.1763,-50.3389],[-74.25,-50.3157],[-74.2694,-50.3215],[-74.251,-50.3013],[-74.2633,-50.3093],[-74.2722,-50.2944],[-74.281,-50.3107],[-74.2628,-50.2751],[-74.2856,-50.26],[-74.2878,-50.2415],[-74.2963,-50.251],[-74.3109,-50.2431],[-74.3065,-50.2286],[-74.3244,-50.239],[-74.3077,-50.2455],[-74.2942,-50.3032],[-74.3017,-50.3146],[-74.3087,-50.2965],[-74.3112,-50.3228],[-74.3239,-50.3236],[-74.3341,-50.3506],[-74.3326,-50.3788],[-74.3489,-50.3863],[-74.3776,-50.3608],[-74.3704,-50.3727],[-74.409,-50.3764],[-74.4738,-50.3492],[-74.4219,-50.3144],[-74.4785,-50.3378],[-74.548,-50.2981],[-74.546,-50.2868],[-74.5234,-50.2803],[-74.4871,-50.2905],[-74.5162,-50.2775],[-74.4633,-50.2654],[-74.5417,-50.2665],[-74.5582,-50.2533],[-74.529,-50.2374],[-74.5346,-50.2283],[-74.5823,-50.2427],[-74.6342,-50.2347],[-74.6211,-50.2096],[-74.5607,-50.1832],[-74.5782,-50.1804],[-74.5741,-50.1732],[-74.6405,-50.2212],[-74.6763,-50.2216],[-74.7038,-50.2045],[-74.6821,-50.1615],[-74.5742,-50.1039],[-74.5482,-50.1076],[-74.5357,-50.0969],[-74.5195,-50.1129],[-74.5272,-50.1417],[-74.5518,-50.1551],[-74.5,-50.1425],[-74.481,-50.1251],[-74.5039,-50.1273],[-74.509,-50.1021],[-74.5266,-50.0901],[-74.5109,-50.0814],[-74.5231,-50.0789],[-74.4658,-50.081],[-74.4662,-50.108],[-74.4516,-50.1075],[-74.4484,-50.1252],[-74.4476,-50.107],[-74.4637,-50.1065],[-74.4363,-50.0892],[-74.4068,-50.0885],[-74.4072,-50.108],[-74.3962,-50.0892],[-74.356,-50.0916],[-74.3566,-50.1284],[-74.3456,-50.1146],[-74.3503,-50.0863],[-74.3379,-50.0809],[-74.3041,-50.1033],[-74.3154,-50.1169],[-74.3047,-50.1084],[-74.2596,-50.1301],[-74.2643,-50.1481],[-74.2733,-50.1528],[-74.271,-50.1402],[-74.2843,-50.1606],[-74.352,-50.1908],[-74.247,-50.1492],[-74.2601,-50.1936],[-74.2451,-50.1842],[-74.2085,-50.2011],[-74.178,-50.2319],[-74.1916,-50.2486],[-74.1641,-50.2836],[-74.152,-50.2702],[-74.1628,-50.2441],[-74.0963,-50.2218],[-74.0461,-50.2332],[-74.0527,-50.2571],[-74.0407,-50.2448],[-74.0022,-50.2767],[-73.9316,-50.2885],[-74.0234,-50.2333],[-74.0207,-50.2148],[-74.07,-50.1951],[-74.1641,-50.2066],[-74.1704,-50.195],[-74.1592,-50.1928],[-74.2065,-50.157],[-74.1922,-50.1429],[-74.1553,-50.1425],[-74.1654,-50.1155],[-74.1352,-50.0985],[-74.1729,-50.103],[-74.1893,-50.1157],[-74.1762,-50.1123],[-74.1657,-50.1314],[-74.2022,-50.1444],[-74.2034,-50.1279],[-74.1903,-50.1197],[-74.2383,-50.0904],[-74.231,-50.064],[-74.2486,-50.0786],[-74.2813,-50.0702],[-74.316,-50.0325],[-74.2847,-50.0208],[-74.3207,-50.0271],[-74.3569,-49.9954],[-74.3564,-49.9753],[-74.3153,-49.9683],[-74.3433,-49.9654],[-74.3466,-49.9535],[-74.3142,-49.9241],[-74.2901,-49.9475],[-74.2968,-49.9738],[-74.2712,-49.9653],[-74.2831,-49.9627],[-74.2702,-49.9478],[-74.2134,-49.9417],[-74.1797,-49.9643],[-74.1892,-49.9869],[-74.1566,-49.9679],[-74.1145,-50.014],[-74.0908,-50.0128],[-74.0983,-50.0014],[-74.0856,-49.9945],[-74.0294,-50.0186],[-74.0319,-50.0585],[-74.0165,-50.0228],[-73.9906,-50.0267],[-73.975,-50.074],[-73.9664,-50.058],[-73.9815,-50.0346],[-73.9645,-50.0436],[-73.9592,-50.0303],[-73.9213,-50.0229],[-73.8574,-50.0392],[-73.875,-50.023],[-73.8696,-50.0028],[-73.8873,-50.0135],[-74.0126,-49.9975],[-73.9431,-49.9244],[-73.8277,-49.9255],[-73.8018,-49.9147],[-73.8991,-49.9142],[-73.8733,-49.8664],[-73.8453,-49.8594],[-73.8137,-49.8305],[-73.8325,-49.8295],[-73.8508,-49.8531],[-73.8791,-49.8575],[-73.9107,-49.8898],[-73.9123,-49.9172],[-73.9623,-49.9186],[-73.9757,-49.9073],[-73.9832,-49.94],[-74.0146,-49.9606],[-74.0224,-49.9841],[-74.0954,-49.9678],[-74.1151,-49.9462],[-74.106,-49.9387],[-74.1316,-49.9266],[-74.1238,-49.9089],[-74.1404,-49.9113],[-74.162,-49.8945],[-74.1765,-49.9174],[-74.1861,-49.9004],[-74.2092,-49.9154],[-74.2429,-49.9133],[-74.2203,-49.9085],[-74.2221,-49.8915],[-74.2468,-49.8915],[-74.2376,-49.9049],[-74.2759,-49.9059],[-74.2787,-49.8922],[-74.327,-49.8821],[-74.319,-49.8616],[-74.3333,-49.8032],[-74.3204,-49.7845],[-74.3042,-49.8081],[-74.2673,-49.8004],[-74.225,-49.7582],[-74.2051,-49.7633],[-74.1668,-49.746],[-74.1438,-49.7665],[-74.1422,-49.749],[-74.1057,-49.7487],[-74.0816,-49.7627],[-74.0812,-49.7454],[-74.0623,-49.7435],[-74.0242,-49.7746],[-74.0373,-49.745],[-74.0508,-49.7487],[-74.021,-49.7203],[-74.0374,-49.7141],[-74.0593,-49.7389],[-74.1235,-49.7374],[-74.1449,-49.7225],[-74.1524,-49.7336],[-74.25,-49.735],[-74.28,-49.7663],[-74.3024,-49.7478],[-74.3053,-49.7245],[-74.2878,-49.7061],[-74.3057,-49.6416],[-74.2849,-49.6196],[-74.2287,-49.6134],[-74.233,-49.5968],[-74.2099,-49.5795],[-74.1364,-49.5619],[-74.1507,-49.5914],[-74.1144,-49.5615],[-74.0942,-49.5633],[-74.0762,-49.5391],[-73.9819,-49.5631],[-73.9772,-49.577],[-74.0072,-49.6161],[-74.0054,-49.6343],[-74.025,-49.6333],[-74.0301,-49.645],[-74.0128,-49.6448],[-73.9724,-49.6023],[-73.964,-49.5601],[-73.905,-49.5617],[-73.9074,-49.5519],[-73.8962,-49.5517],[-73.8593,-49.6485],[-73.7993,-49.6669],[-73.775,-49.6949],[-73.7889,-49.7117],[-73.7618,-49.6942],[-73.7933,-49.6589],[-73.7793,-49.6587],[-73.7528,-49.6966],[-73.7032,-49.7229],[-73.6897,-49.7419],[-73.6955,-49.803],[-73.6775,-49.7925],[-73.6698,-49.7299],[-73.645,-49.7157],[-73.6792,-49.7187],[-73.726,-49.6984],[-73.7399,-49.6734],[-73.6768,-49.6803],[-73.7252,-49.6749],[-73.7367,-49.6498],[-73.8088,-49.6439],[-73.8349,-49.6094],[-73.8516,-49.5455],[-73.8769,-49.526],[-73.9077,-49.5129],[-73.9211,-49.524],[-73.9771,-49.5254],[-74.0743,-49.5045],[-74.0723,-49.4698],[-74.0555,-49.4441],[-74.0734,-49.4093],[-74.0449,-49.3483],[-74.048,-49.2861],[-74.0055,-49.2564],[-73.9429,-49.2864],[-73.9371,-49.3175],[-73.9212,-49.327],[-73.7937,-49.353],[-73.7815,-49.4005],[-73.7693,-49.3971],[-73.7887,-49.3445],[-73.9011,-49.3154],[-73.9082,-49.2845],[-73.9204,-49.2835],[-73.9093,-49.2917],[-73.9182,-49.3125],[-73.9243,-49.2795],[-73.9979,-49.2274],[-74.0316,-49.2155],[-74.076,-49.2463],[-74.1219,-49.1845],[-74.1169,-49.2123],[-74.155,-49.1992],[-74.1474,-49.2175],[-74.1046,-49.226],[-74.1129,-49.2365],[-74.0966,-49.2454],[-74.0947,-49.2677],[-74.1101,-49.3234],[-74.106,-49.3555],[-74.1469,-49.4171],[-74.1472,-49.5288],[-74.1614,-49.541],[-74.2146,-49.535],[-74.2301,-49.5076],[-74.2654,-49.4846],[-74.2785,-49.4546],[-74.3064,-49.4369],[-74.2861,-49.4127],[-74.3283,-49.4282],[-74.391,-49.3883],[-74.3908,-49.3762],[-74.371,-49.3926],[-74.3837,-49.3603],[-74.344,-49.3221],[-74.359,-49.2829],[-74.3623,-49.1754],[-74.3077,-49.1849],[-74.342,-49.1669],[-74.3696,-49.1069],[-74.3527,-49.0984],[-74.3596,-49.0664],[-74.3482,-49.0703],[-74.344,-49.0538],[-74.3732,-49.0587],[-74.385,-49.0912],[-74.4152,-49.0634],[-74.424,-49.0181],[-74.4078,-49.0006],[-74.4188,-49.0],[-74.4196,-48.9862],[-74.4109,-48.9713],[-74.3959,-48.9801],[-74.3797,-48.9668],[-74.3862,-48.9805],[-74.3749,-48.9944],[-74.3634,-48.9899],[-74.3543,-48.9462],[-74.372,-48.9349],[-74.3671,-48.9217],[-74.3471,-48.9332],[-74.3366,-48.9292],[-74.3476,-48.9229],[-74.3242,-48.9174],[-74.3068,-48.9294],[-74.3205,-48.9314],[-74.29,-48.9357],[-74.4031,-48.8794],[-74.3972,-48.8579],[-74.3415,-48.8626],[-74.4008,-48.8482],[-74.404,-48.8044],[-74.3884,-48.7808],[-74.3271,-48.7451],[-74.3393,-48.7114],[-74.3267,-48.7051],[-74.3088,-48.7144],[-74.304,-48.7424],[-74.302,-48.7134],[-74.2568,-48.7414],[-74.1537,-48.7003],[-74.1191,-48.7158],[-74.0759,-48.7146],[-74.0278,-48.7376],[-74.0028,-48.7244],[-73.985,-48.7315],[-73.9681,-48.7166],[-73.2314,-49.1583],[-73.6167,-49.1583],[-73.6167,-49.7894],[-73.4466,-49.793],[-73.4909,-49.8169],[-73.4832,-49.8382],[-73.5101,-49.8782],[-73.5066,-49.8912],[-73.5493,-49.9071],[-73.5606,-49.9421],[-73.5038,-49.966],[-73.446,-49.9642],[-73.4356,-50.0099],[-73.4631,-50.0546],[-73.4971,-50.0496],[-73.4756,-50.0895],[-73.5141,-50.1063],[-73.5215,-50.1536],[-73.4979,-50.1555],[-73.4632,-50.1846],[-73.4313,-50.1811],[-73.416,-50.2003],[-73.4479,-50.2174],[-73.4519,-50.2412],[-73.3626,-50.3011],[-73.4044,-50.3358],[-73.4378,-50.3436],[-73.4283,-50.355],[-73.4361,-50.3628],[-73.4169,-50.3817],[-73.3702,-50.3724],[-73.3875,-50.3922],[-73.3583,-50.4287],[-73.3653,-50.4521],[-73.3521,-50.4728],[-73.3655,-50.4878],[-73.3373,-50.4972],[-73.3645,-50.5186],[-73.3327,-50.5708],[-73.2415,-50.595],[-73.2366,-50.61],[-73.1936,-50.6153],[-73.1456,-50.6509],[-73.1985,-50.7407],[-73.1794,-50.7489],[-73.184,-50.7584],[-73.1497,-50.7678],[-73.201,-50.8204],[-73.1455,-50.7819],[-73.0962,-50.7727],[-73.0696,-50.7892],[-73.0419,-50.7612],[-73.0031,-50.7636],[-72.9805,-50.7441],[-72.9551,-50.741],[-72.9401,-50.7059],[-72.9069,-50.6976],[-72.8898,-50.6692],[-72.738,-50.6259],[-72.7305,-50.6144],[-72.6926,-50.6491],[-72.6811,-50.6426],[-72.6568,-50.6635],[-72.6255,-50.6581],[-72.5958,-50.6818],[-72.578,-50.6789],[-72.5799,-50.6544],[-72.545,-50.6203],[-72.4896,-50.6007],[-72.4162,-50.6199],[-72.4045,-50.6369],[-72.3533,-50.6178],[-72.3378,-50.6494],[-72.2856,-50.6599],[-72.3005,-50.7069],[-72.3367,-50.7189],[-72.3494,-50.7531],[-72.2866,-50.8019],[-72.2596,-50.8369],[-72.2643,-50.868],[-72.2468,-50.8782],[-72.2668,-50.9625],[-72.2656,-51.0357],[-72.3741,-51.0232],[-72.3762,-51.08],[-72.403,-51.092],[-72.4085,-51.1076],[-72.3947,-51.1451],[-72.3595,-51.1689],[-72.3482,-51.204],[-72.321,-51.2107],[-72.303,-51.2018],[-72.2596,-51.255],[-72.2685,-51.2828],[-72.3061,-51.2931],[-72.3077,-51.3074],[-72.3579,-51.3182],[-72.3715,-51.3367],[-72.3489,-51.3496],[-72.326,-51.3457],[-72.3088,-51.366],[-72.3096,-51.4022],[-72.3381,-51.4244],[-72.3408,-51.4498],[-72.3244,-51.4758],[-72.3513,-51.4845],[-72.3446,-51.5206],[-72.4048,-51.5135],[-72.3928,-51.5251],[-72.4252,-51.5463],[-72.4414,-51.5853],[-72.3882,-51.5953],[-72.3768,-51.5845],[-72.327,-51.5874],[-72.3191,-51.6254],[-72.2832,-51.6382],[-72.2967,-51.6472],[-72.2875,-51.6696],[-72.2962,-51.6999],[-72.2296,-51.7029],[-72.1605,-51.726],[-72.1824,-51.7369],[-72.1219,-51.744],[-72.1106,-51.7691],[-72.0765,-51.773],[-72.0773,-51.7831],[-72.0255,-51.809],[-71.9481,-51.874],[-71.9319,-51.9202],[-71.9453,-51.9148],[-72.0285,-51.9565],[-72.0286,-51.9679],[-72.0048,-51.9791],[-71.9654,-51.9721],[-71.9225,-52.0],[-69.9955,-52.0007],[-69.4866,-52.1516],[-69.1901,-52.15],[-68.9869,-52.2036],[-68.838,-52.2777],[-68.586,-52.3067],[-68.5735,-52.3252],[-68.4186,-52.3325],[-68.4184,-52.3864],[-68.433,-52.3983],[-68.4502,-52.3608],[-68.4853,-52.3398],[-68.5642,-52.3444],[-68.6965,-52.3135],[-68.7573,-52.3102],[-68.7816,-52.3215],[-68.9243,-52.3039],[-68.9765,-52.2902],[-69.0758,-52.2213],[-69.1707,-52.1945],[-69.2242,-52.1988],[-69.3485,-52.2538],[-69.4307,-52.2594],[-69.4658,-52.2741],[-69.4796,-52.2942],[-69.4865,-52.3605],[-69.4699,-52.3826],[-69.4922,-52.3951],[-69.4753,-52.396],[-69.5191,-52.3951],[-69.5271,-52.4039],[-69.5041,-52.4133],[-69.5465,-52.4089],[-69.5547,-52.4234],[-69.5422,-52.4261],[-69.556,-52.4409],[-69.5413,-52.4546],[-69.6702,-52.5397],[-69.7092,-52.5463],[-69.7566,-52.5302],[-69.7817,-52.5353],[-69.7846,-52.522],[-69.855,-52.4876],[-70.022,-52.5585],[-70.1666,-52.5898],[-70.2115,-52.6522],[-70.2739,-52.6361],[-70.3188,-52.6408],[-70.3362,-52.6541],[-70.3278,-52.6468],[-70.3268,-52.659],[-70.3628,-52.6585],[-70.3988,-52.6822],[-70.5329,-52.7266],[-70.5657,-52.7116],[-70.5017,-52.6787],[-70.5029,-52.6619],[-70.5533,-52.6761],[-70.5738,-52.6702],[-70.5876,-52.6909],[-70.5542,-52.7003],[-70.5934,-52.7159],[-70.604,-52.702],[-70.6256,-52.7033],[-70.7015,-52.7356],[-70.6925,-52.7443],[-70.7137,-52.7591],[-70.7031,-52.7426],[-70.7251,-52.748],[-70.7281,-52.7227],[-70.7464,-52.7105],[-70.7641,-52.7202],[-70.7557,-52.7317],[-70.7999,-52.7573],[-70.7888,-52.7629],[-70.8005,-52.7754],[-70.8357,-52.7746],[-70.7834,-52.7899],[-70.7484,-52.775],[-70.736,-52.7854],[-70.759,-52.8124],[-70.8156,-52.8235],[-70.7973,-52.8181],[-70.8152,-52.8324],[-70.8035,-52.851],[-70.8367,-52.8589],[-70.846,-52.9099],[-70.8865,-52.9103],[-70.8856,-52.919],[-70.7818,-52.9374],[-70.8254,-52.9615],[-70.8158,-53.0066],[-70.8784,-53.1016],[-70.8537,-53.13],[-70.8889,-53.1634],[-70.917,-53.1709],[-70.9376,-53.2047],[-70.949,-53.2538],[-70.9347,-53.3148],[-70.9886,-53.3896],[-70.9358,-53.5459],[-70.9409,-53.568],[-70.9243,-53.5864],[-70.9365,-53.5926],[-70.9243,-53.6084],[-70.9338,-53.615],[-70.9116,-53.6326],[-70.9516,-53.6222],[-70.9423,-53.6569],[-70.9731,-53.6744],[-70.9667,-53.7538],[-70.9815,-53.7697],[-70.9726,-53.7851],[-70.9969,-53.7842],[-70.9896,-53.7953],[-71.0035,-53.8027],[-71.0358,-53.803],[-71.0682,-53.8172],[-71.0748,-53.8333],[-71.1142,-53.8325],[-71.1197,-53.8496],[-71.2292,-53.8862],[-71.3115,-53.896],[-71.4166,-53.8501],[-71.5704,-53.814],[-71.6591,-53.809],[-71.7334,-53.7881],[-71.7641,-53.7643],[-71.8526,-53.748],[-71.9239,-53.7023],[-71.8784,-53.6826],[-71.9365,-53.7033],[-71.9425,-53.7197],[-71.9825,-53.7061],[-71.9807,-53.6926],[-72.0041,-53.6827],[-71.9925,-53.696],[-72.0367,-53.7055],[-72.1491,-53.667],[-72.1989,-53.633],[-72.1951,-53.6201],[-72.3465,-53.5472],[-72.3728,-53.4956],[-72.3875,-53.506],[-72.413,-53.4908],[-72.4779,-53.3986],[-72.4624,-53.3715],[-72.4542,-53.3876],[-72.4216,-53.3722],[-72.4441,-53.3512],[-72.4445,-53.3262],[-72.3922,-53.2907],[-72.3206,-53.2697],[-72.3077,-53.2537],[-72.1719,-53.2566],[-72.1766,-53.2723],[-72.1272,-53.2526],[-72.1176,-53.2539],[-72.1184,-53.2847],[-72.1023,-53.3043],[-72.11,-53.3144],[-72.0955,-53.3296],[-72.1035,-53.3494],[-72.0954,-53.3586],[-72.1135,-53.3875],[-72.1574,-53.3872],[-72.1514,-53.4082],[-72.2018,-53.4317],[-72.285,-53.4302],[-72.2197,-53.4503],[-72.179,-53.4401],[-72.0983,-53.4146],[-72.0769,-53.386],[-72.0184,-53.3788],[-72.0217,-53.3349],[-72.0447,-53.2854],[-72.0405,-53.2555],[-72.0201,-53.2335],[-71.9784,-53.2255],[-71.911,-53.2361],[-71.8698,-53.2258],[-71.8254,-53.2744],[-71.8282,-53.3263],[-71.8187,-53.3303],[-71.8277,-53.3626],[-71.766,-53.4379],[-71.7843,-53.4327],[-71.8093,-53.4689],[-71.907,-53.498],[-71.9193,-53.5056],[-71.9034,-53.5093],[-71.9161,-53.5156],[-71.9898,-53.5204],[-72.0751,-53.5499],[-72.0946,-53.5417],[-72.103,-53.5454],[-72.0885,-53.5515],[-72.1205,-53.5574],[-72.0418,-53.5519],[-72.0514,-53.5418],[-72.0391,-53.5403],[-72.0048,-53.5502],[-72.006,-53.5663],[-71.9721,-53.5656],[-71.9034,-53.5337],[-71.887,-53.5347],[-71.9006,-53.5453],[-71.8716,-53.5407],[-71.8095,-53.5155],[-71.7477,-53.4462],[-71.7729,-53.409],[-71.7557,-53.4058],[-71.7647,-53.3821],[-71.7494,-53.3725],[-71.777,-53.3383],[-71.7719,-53.3157],[-71.7838,-53.3057],[-71.7477,-53.3154],[-71.7686,-53.2869],[-71.7307,-53.2378],[-71.7414,-53.2098],[-71.7091,-53.2151],[-71.6739,-53.1988],[-71.6139,-53.2042],[-71.5916,-53.1655],[-71.5437,-53.17],[-71.506,-53.1421],[-71.4177,-53.1428],[-71.3592,-53.1237],[-71.3238,-53.0787],[-71.2632,-53.0351],[-71.2451,-52.9884],[-71.1168,-52.9112],[-71.1329,-52.8488],[-71.1757,-52.8076],[-71.215,-52.8138],[-71.2502,-52.7928],[-71.3431,-52.8101],[-71.3744,-52.7999],[-71.3791,-52.7696],[-71.3983,-52.7516],[-71.384,-52.7198],[-71.4372,-52.6839],[-71.4717,-52.6396],[-71.4996,-52.6321],[-71.5107,-52.6034],[-71.5591,-52.5629],[-71.6369,-52.5773],[-71.6929,-52.5613],[-71.7653,-52.5681],[-71.9219,-52.5434],[-71.9685,-52.5599],[-72.0287,-52.5466],[-72.0333,-52.5642],[-72.1209,-52.5173],[-72.1379,-52.5448],[-72.1568,-52.5213],[-72.1951,-52.5379],[-72.2126,-52.5298],[-72.2387,-52.5513],[-72.2783,-52.5286],[-72.287,-52.5391],[-72.3219,-52.5324],[-72.3526,-52.547],[-72.3441,-52.5663],[-72.3526,-52.5808],[-72.4443,-52.6308],[-72.4249,-52.6381],[-72.3997,-52.6286],[-72.4238,-52.653],[-72.4085,-52.6561],[-72.4317,-52.6755],[-72.5629,-52.6029],[-72.5311,-52.5941],[-72.5133,-52.5663],[-72.489,-52.5555],[-72.3817,-52.5569],[-72.3768,-52.5341],[-72.4033,-52.5082],[-72.4952,-52.5541],[-72.5224,-52.5451],[-72.5723,-52.5893],[-72.6582,-52.5583],[-72.6089,-52.5232],[-72.7712,-52.5778],[-72.8346,-52.5432],[-72.8642,-52.542],[-72.8378,-52.556],[-72.8716,-52.5541],[-72.8412,-52.5671],[-72.8447,-52.5761],[-72.8988,-52.5847],[-72.8565,-52.5998],[-72.8245,-52.5924],[-72.873,-52.6003],[-72.8661,-52.6079],[-72.9296,-52.5879],[-72.8706,-52.6094],[-72.8725,-52.6195],[-72.8971,-52.6332],[-72.9027,-52.6708],[-72.9346,-52.7002],[-72.9624,-52.708],[-72.9575,-52.7295],[-72.9946,-52.757],[-72.9802,-52.7591],[-72.9386,-52.7207],[-72.8571,-52.6194],[-72.8133,-52.6118],[-72.7863,-52.6219],[-72.8098,-52.6476],[-72.757,-52.6231],[-72.7425,-52.632],[-72.7741,-52.6498],[-72.7395,-52.6369],[-72.7207,-52.6601],[-72.6883,-52.6613],[-72.6721,-52.6804],[-72.756,-52.7476],[-72.778,-52.7437],[-72.7771,-52.7644],[-72.8108,-52.7728],[-72.8712,-52.8172],[-72.8857,-52.8225],[-72.9393,-52.7925],[-72.9203,-52.8137],[-73.0122,-52.8573],[-73.0408,-52.8525],[-72.97,-52.8842],[-72.9349,-52.9141],[-72.9755,-52.9413],[-72.9584,-52.9695],[-72.9702,-52.9805],[-72.9517,-52.9752],[-72.94,-53.0032],[-72.9634,-53.0063],[-72.9702,-53.021],[-72.9495,-53.0321],[-73.0012,-53.0779],[-73.0423,-53.0417],[-73.0258,-53.0736],[-73.1327,-53.1144],[-73.1251,-53.1007],[-73.1749,-53.0782],[-73.1824,-53.0628],[-73.1596,-53.0308],[-73.1436,-53.032],[-73.1522,-53.0435],[-73.1326,-53.0298],[-73.145,-53.0213],[-73.2061,-53.0206],[-73.1782,-53.0334],[-73.2125,-53.038],[-73.1835,-53.0463],[-73.2036,-53.064],[-73.1991,-53.0802],[-73.1628,-53.0954],[-73.2089,-53.1128],[-73.244,-53.098],[-73.2412,-53.0867],[-73.249,-53.0989],[-73.3343,-53.0813],[-73.3196,-53.0721],[-73.3388,-53.072],[-73.3294,-53.0618],[-73.376,-53.0698],[-73.3412,-53.0458],[-73.3829,-53.0602],[-73.3941,-53.0542],[-73.3776,-53.0401],[-73.3996,-53.0462],[-73.4474,-53.0212],[-73.3743,-52.9981],[-73.3233,-53.0162],[-73.2848,-53.0103],[-73.3577,-52.9982],[-73.3862,-52.9796],[-73.3362,-52.976],[-73.3205,-52.953],[-73.2834,-52.9692],[-73.2948,-52.9533],[-73.2341,-52.9825],[-73.274,-52.9528],[-73.2308,-52.9502],[-73.2403,-52.9433],[-73.2237,-52.9197],[-73.1492,-52.925],[-73.155,-52.9104],[-73.175,-52.9037],[-73.2355,-52.9172],[-73.2483,-52.9361],[-73.2728,-52.9382],[-73.3081,-52.9207],[-73.2771,-52.8938],[-73.2915,-52.9062],[-73.3099,-52.9002],[-73.2958,-52.9082],[-73.3289,-52.9223],[-73.3618,-52.8994],[-73.3638,-52.8751],[-73.4486,-52.8681],[-73.441,-52.8797],[-73.5177,-52.8512],[-73.4715,-52.8591],[-73.5722,-52.8154],[-73.534,-52.7948],[-73.4986,-52.8044],[-73.5156,-52.7953],[-73.4833,-52.7955],[-73.4213,-52.8189],[-73.4737,-52.8442],[-73.4145,-52.8256],[-73.3844,-52.7953],[-73.3578,-52.8111],[-73.3911,-52.8467],[-73.3584,-52.8163],[-73.314,-52.8335],[-73.3166,-52.815],[-73.2987,-52.8011],[-73.2609,-52.8056],[-73.2478,-52.8294],[-73.2532,-52.8122],[-73.2145,-52.8111],[-73.1933,-52.7877],[-73.2423,-52.8058],[-73.2562,-52.788],[-73.2338,-52.7913],[-73.2509,-52.7793],[-73.251,-52.7621],[-73.269,-52.7818],[-73.301,-52.7857],[-73.2902,-52.7263],[-73.2692,-52.7282],[-73.2819,-52.7363],[-73.2679,-52.7627],[-73.2568,-52.7501],[-73.2668,-52.7427],[-73.243,-52.7215],[-73.2464,-52.7078],[-73.2322,-52.7036],[-73.2691,-52.692],[-73.3052,-52.7049],[-73.3309,-52.6576],[-73.3118,-52.6328],[-73.3356,-52.6348],[-73.3372,-52.6144],[-73.3773,-52.5757],[-73.376,-52.5602],[-73.3909,-52.56],[-73.3957,-52.5735],[-73.3618,-52.613],[-73.4021,-52.5991],[-73.3556,-52.621],[-73.3572,-52.6578],[-73.4055,-52.6794],[-73.4146,-52.6697],[-73.43,-52.6861],[-73.4133,-52.6611],[-73.4403,-52.6475],[-73.4469,-52.6817],[-73.4643,-52.6954],[-73.4784,-52.6817],[-73.4971,-52.6921],[-73.5246,-52.6711],[-73.516,-52.6838],[-73.5264,-52.6882],[-73.5011,-52.6967],[-73.5045,-52.7167],[-73.5077,-52.6973],[-73.5345,-52.6985],[-73.5734,-52.7254],[-73.5614,-52.7289],[-73.5748,-52.738],[-73.6535,-52.7253],[-73.6428,-52.7572],[-73.7225,-52.7562],[-73.6871,-52.7375],[-73.7211,-52.743],[-73.6726,-52.7092],[-73.6393,-52.7025],[-73.6469,-52.6978],[-73.6313,-52.6782],[-73.6121,-52.6734],[-73.6248,-52.6847],[-73.6129,-52.6936],[-73.6108,-52.6795],[-73.5498,-52.659],[-73.6239,-52.6615],[-73.6685,-52.6342],[-73.6686,-52.626],[-73.6472,-52.6295],[-73.6703,-52.6225],[-73.636,-52.6109],[-73.6383,-52.6001],[-73.6082,-52.5969],[-73.6332,-52.5944],[-73.6073,-52.5786],[-73.5604,-52.591],[-73.5879,-52.5828],[-73.6211,-52.5513],[-73.524,-52.5883],[-73.5784,-52.5243],[-73.5389,-52.5151],[-73.5565,-52.5034],[-73.5373,-52.4902],[-73.4525,-52.5153],[-73.4695,-52.5054],[-73.4673,-52.4892],[-73.5391,-52.4768],[-73.5065,-52.4579],[-73.496,-52.4244],[-73.5208,-52.4363],[-73.532,-52.4651],[-73.5533,-52.4694],[-73.5566,-52.4834],[-73.5687,-52.4752],[-73.5603,-52.4692],[-73.5971,-52.4629],[-73.5855,-52.4454],[-73.6031,-52.4448],[-73.5995,-52.4316],[-73.6087,-52.4621],[-73.6402,-52.4495],[-73.6504,-52.4299],[-73.632,-52.4079],[-73.6524,-52.4039],[-73.6321,-52.3903],[-73.5687,-52.4043],[-73.5558,-52.396],[-73.5504,-52.3807],[-73.5655,-52.3682],[-73.557,-52.3615],[-73.5752,-52.3575],[-73.5783,-52.3415],[-73.5601,-52.3518],[-73.5333,-52.3424],[-73.592,-52.3189],[-73.5992,-52.2992],[-73.5735,-52.2784],[-73.593,-52.2688],[-73.5895,-52.2563],[-73.5484,-52.2293],[-73.5553,-52.2066],[-73.5987,-52.2082],[-73.6051,-52.1656],[-73.5908,-52.159],[-73.626,-52.1754],[-73.6574,-52.1268],[-73.7306,-52.0676],[-73.7338,-52.0455],[-73.7027,-52.0228],[-73.6588,-52.0412],[-73.6687,-52.0663],[-73.5867,-52.1276],[-73.5854,-52.1616],[-73.5719,-52.1436],[-73.5448,-52.1426],[-73.5285,-52.169],[-73.5363,-52.1884],[-73.5081,-52.1922],[-73.4857,-52.1818],[-73.4996,-52.1636],[-73.4717,-52.1682],[-73.5199,-52.1404],[-73.4518,-52.133],[-73.4056,-52.1659],[-73.3643,-52.2214],[-73.2525,-52.2002],[-73.2267,-52.1644],[-73.2399,-52.1623],[-73.2336,-52.1463],[-73.2279,-52.1548],[-73.2194,-52.1471],[-73.2321,-52.138],[-73.2274,-52.1111],[-73.1632,-52.1184],[-73.1537,-52.1409],[-73.1447,-52.1137],[-73.1231,-52.1009],[-73.0039,-52.0597],[-72.9985,-52.0708],[-73.0192,-52.1068],[-73.0063,-52.1285],[-73.0126,-52.1493],[-73.0898,-52.1449],[-73.1195,-52.1312],[-73.1407,-52.1476],[-73.1166,-52.1386],[-73.0577,-52.1604],[-73.1161,-52.206],[-73.128,-52.2357],[-73.1021,-52.2249],[-73.0983,-52.2409],[-73.0877,-52.2393],[-73.0566,-52.1831],[-73.0008,-52.1801],[-72.9764,-52.2032],[-72.9484,-52.2041],[-72.9318,-52.2248],[-72.9469,-52.2481],[-72.9424,-52.2642],[-72.9785,-52.2768],[-72.9941,-52.3059],[-72.9619,-52.279],[-72.9042,-52.2963],[-72.8858,-52.2907],[-72.906,-52.2898],[-72.9141,-52.2697],[-72.878,-52.281],[-72.8831,-52.2592],[-72.8593,-52.24],[-72.8706,-52.2384],[-72.8757,-52.2524],[-72.8839,-52.2426],[-72.8454,-52.1742],[-72.8468,-52.1501],[-72.8031,-52.1079],[-72.8177,-52.1054],[-72.8151,-52.0875],[-72.7957,-52.1008],[-72.7694,-52.0819],[-72.7545,-52.0913],[-72.7381,-52.082],[-72.7565,-52.0813],[-72.7639,-52.0576],[-72.8372,-52.0862],[-72.8458,-52.1199],[-72.876,-52.141],[-72.8646,-52.1577],[-72.8749,-52.189],[-72.9117,-52.2216],[-72.9377,-52.1866],[-72.9699,-52.1787],[-72.9628,-52.1682],[-72.9783,-52.1476],[-72.9616,-52.1331],[-72.9719,-52.1168],[-72.9663,-52.0834],[-72.9459,-52.0863],[-72.9636,-52.068],[-72.9571,-52.0459],[-72.9371,-52.0317],[-72.9341,-52.0757],[-72.9109,-52.0826],[-72.8985,-51.98],[-72.8232,-51.9406],[-72.7708,-51.9481],[-72.7434,-51.9661],[-72.7277,-51.9964],[-72.7328,-52.0602],[-72.7126,-52.0916],[-72.6869,-52.0949],[-72.6559,-52.1368],[-72.6448,-52.1298],[-72.6511,-52.1062],[-72.6242,-52.1142],[-72.564,-52.1946],[-72.5257,-52.22],[-72.565,-52.2295],[-72.5718,-52.2678],[-72.5984,-52.2873],[-72.5768,-52.3036],[-72.589,-52.3087],[-72.5876,-52.331],[-72.6277,-52.3478],[-72.6251,-52.3575],[-72.6056,-52.347],[-72.5922,-52.3562],[-72.6112,-52.3568],[-72.6134,-52.3738],[-72.6267,-52.3701],[-72.6235,-52.383],[-72.6483,-52.3785],[-72.6431,-52.3699],[-72.6606,-52.3577],[-72.6874,-52.3559],[-72.6838,-52.3458],[-72.7178,-52.3508],[-72.7105,-52.3596],[-72.752,-52.3919],[-72.7526,-52.406],[-72.8069,-52.4052],[-72.7805,-52.4053],[-72.7712,-52.4162],[-72.7861,-52.4286],[-72.8175,-52.4317],[-72.8419,-52.4128],[-72.8278,-52.4096],[-72.8454,-52.404],[-72.8577,-52.4105],[-72.8315,-52.442],[-72.918,-52.4826],[-72.9911,-52.4915],[-72.977,-52.5037],[-72.9435,-52.4947],[-72.9301,-52.5057],[-72.7334,-52.4338],[-72.6298,-52.4592],[-72.6716,-52.437],[-72.6314,-52.4401],[-72.6034,-52.4493],[-72.605,-52.4641],[-72.5626,-52.4728],[-72.5571,-52.4871],[-72.5159,-52.455],[-72.5459,-52.4618],[-72.5819,-52.4376],[-72.6053,-52.4474],[-72.6667,-52.4283],[-72.658,-52.4228],[-72.6769,-52.4146],[-72.6353,-52.3994],[-72.6232,-52.4179],[-72.6042,-52.3999],[-72.5843,-52.4016],[-72.5931,-52.3773],[-72.5605,-52.3883],[-72.5412,-52.3681],[-72.5527,-52.362],[-72.5192,-52.3531],[-72.508,-52.2971],[-72.5192,-52.2606],[-72.4896,-52.2546],[-72.4741,-52.2167],[-72.5227,-52.1868],[-72.564,-52.1364],[-72.6635,-52.0542],[-72.6655,-51.9767],[-72.6579,-51.9407],[-72.6207,-51.9219],[-72.6242,-51.9104],[-72.6002,-51.9138],[-72.614,-51.9307],[-72.6067,-51.9563],[-72.5713,-51.9713],[-72.5558,-51.9665],[-72.5875,-51.9394],[-72.5751,-51.9227],[-72.5319,-51.9483],[-72.4648,-51.9226],[-72.4536,-51.9044],[-72.4603,-51.8806],[-72.512,-51.8369],[-72.4561,-51.7711],[-72.4826,-51.7657],[-72.4905,-51.7442],[-72.513,-51.7331],[-72.5052,-51.7158],[-72.5141,-51.7031],[-72.5988,-51.6676],[-72.6469,-51.6636],[-72.657,-51.6451],[-72.6417,-51.6178],[-72.6873,-51.5642],[-72.664,-51.5985],[-72.6688,-51.6199],[-72.6519,-51.6252],[-72.6672,-51.6539],[-72.6869,-51.6204],[-72.6789,-51.6079],[-72.7058,-51.5693],[-72.7071,-51.5779],[-72.7249,-51.565],[-72.7538,-51.5722],[-72.7446,-51.5609],[-72.8247,-51.56],[-72.8669,-51.5365],[-72.8784,-51.5476],[-72.9052,-51.5438],[-72.9396,-51.5041],[-72.9927,-51.4883],[-73.0319,-51.4962],[-73.0736,-51.4736],[-73.0902,-51.4493],[-73.0762,-51.4146],[-73.0981,-51.4198],[-73.1053,-51.4224]],[[-73.0074,-52.5233],[-73.0964,-52.5324],[-73.1419,-52.5043],[-73.1581,-52.459],[-73.179,-52.456],[-73.1551,-52.4861],[-73.1615,-52.5221],[-73.2499,-52.5131],[-73.1836,-52.5393],[-73.1787,-52.5296],[-73.1552,-52.5314],[-73.169,-52.5386],[-73.1278,-52.5942],[-73.2159,-52.6344],[-73.2508,-52.6783],[-73.2402,-52.6953],[-73.2349,-52.6746],[-73.2172,-52.6832],[-73.2258,-52.6683],[-73.1645,-52.6774],[-73.1245,-52.6646],[-73.1411,-52.6254],[-73.1164,-52.6023],[-73.12,-52.5844],[-73.0625,-52.5882],[-73.1058,-52.5764],[-73.1137,-52.5625],[-73.0974,-52.5509],[-73.1004,-52.5368],[-73.0241,-52.5292],[-72.9565,-52.5563],[-72.939,-52.5516],[-72.9469,-52.5433],[-72.9222,-52.5435],[-72.9163,-52.551],[-72.9316,-52.5548],[-72.8595,-52.5709],[-72.923,-52.5253],[-72.9311,-52.5281],[-72.9196,-52.5393],[-72.9504,-52.5412],[-72.9983,-52.5248],[-73.0074,-52.5233]]],[[[-73.318,-54.1785],[-73.3281,-54.1641],[-73.3013,-54.1685],[-73.3184,-54.1808],[-73.318,-54.1785]]],[[[-73.3577,-54.0241],[-73.336,-54.0091],[-73.3137,-54.0124],[-73.3058,-54.028],[-73.3246,-54.0453],[-73.3041,-54.038],[-73.2973,-54.0645],[-73.316,-54.0752],[-73.3033,-54.0677],[-73.2781,-54.0795],[-73.2927,-54.0542],[-73.289,-54.0327],[-73.2363,-54.0497],[-73.2333,-54.0648],[-73.252,-54.0644],[-73.2337,-54.068],[-73.2354,-54.084],[-73.2519,-54.0926],[-73.2337,-54.1038],[-73.2138,-54.0692],[-73.1864,-54.0651],[-73.1908,-54.0858],[-73.2058,-54.0911],[-73.1901,-54.0951],[-73.1949,-54.1022],[-73.2261,-54.102],[-73.2022,-54.1096],[-73.212,-54.1332],[-73.2327,-54.1271],[-73.2331,-54.1076],[-73.2432,-54.1209],[-73.2698,-54.111],[-73.2855,-54.0867],[-73.2995,-54.0971],[-73.2837,-54.1102],[-73.2937,-54.1118],[-73.2695,-54.1226],[-73.2847,-54.1495],[-73.2927,-54.1372],[-73.3076,-54.1457],[-73.3091,-54.1327],[-73.3214,-54.1432],[-73.3646,-54.1366],[-73.3411,-54.1063],[-73.3213,-54.1092],[-73.3637,-54.0788],[-73.3603,-54.0686],[-73.4104,-54.0926],[-73.4161,-54.0757],[-73.4682,-54.0872],[-73.4859,-54.0745],[-73.4593,-54.0737],[-73.423,-54.0282],[-73.401,-54.0421],[-73.4081,-54.0189],[-73.3896,-53.9971],[-73.3444,-54.002],[-73.3711,-54.0228],[-73.3662,-54.0304],[-73.3582,-54.0216],[-73.3577,-54.0241]]],[[[-73.3421,-53.9021],[-73.3559,-53.9148],[-73.3481,-53.9008],[-73.3421,-53.9021]]],[[[-73.2964,-53.9031],[-73.3264,-53.9111],[-73.2974,-53.9018],[-73.2964,-53.9031]]],[[[-73.3138,-53.8836],[-73.3125,-53.8728],[-73.3442,-53.8751],[-73.3436,-53.8656],[-73.281,-53.8771],[-73.2956,-53.8963],[-73.3041,-53.8897],[-73.2935,-53.8829],[-73.312,-53.8851],[-73.3138,-53.8836]]],[[[-73.3439,-53.8371],[-73.3668,-53.8403],[-73.3348,-53.8226],[-73.3439,-53.8355],[-73.3439,-53.8371]]],[[[-73.4019,-53.7691],[-73.3566,-53.7805],[-73.3917,-53.7825],[-73.4074,-53.7781],[-73.4017,-53.7705],[-73.4019,-53.7691]]],[[[-73.4855,-53.7502],[-73.5169,-53.7415],[-73.5026,-53.7329],[-73.4787,-53.7348],[-73.4798,-53.7486],[-73.4855,-53.7502]]],[[[-73.4754,-53.7132],[-73.4935,-53.7284],[-73.5141,-53.7225],[-73.503,-53.7069],[-73.5097,-53.6968],[-73.4809,-53.7048],[-73.4259,-53.6833],[-73.436,-53.705],[-73.4713,-53.7119],[-73.4754,-53.7132]]],[[[-73.477,-53.6946],[-73.4714,-53.6809],[-73.4538,-53.6789],[-73.4714,-53.6932],[-73.477,-53.6946]]],[[[-73.3846,-53.6745],[-73.3662,-53.6764],[-73.3886,-53.6771],[-73.3846,-53.6745]]],[[[-73.448543,-53.6743953],[-73.4492839,-53.6771205],[-73.4691948,-53.6770117],[-73.4686352,-53.6751642],[-73.4644788,-53.6734721],[-73.4641224,-53.6705641],[-73.448543,-53.6743953]]],[[[-73.3196005,-53.6717596],[-73.3139525,-53.6734619],[-73.3203895,-53.675767],[-73.3300109,-53.6754715],[-73.3335585,-53.6732997],[-73.3264255,-53.67135],[-73.3196005,-53.6717596]]],[[[-73.4073,-53.6711],[-73.4219,-53.6691],[-73.406,-53.6669],[-73.4073,-53.6711]]],[[[-73.4827,-53.6596],[-73.4917,-53.6695],[-73.4885,-53.6577],[-73.4827,-53.6596]]],[[[-73.3888,-53.664],[-73.4042,-53.6573],[-73.3844,-53.6447],[-73.3551,-53.6689],[-73.3869,-53.6636],[-73.3888,-53.664]]],[[[-73.3238,-53.6503],[-73.3327,-53.6628],[-73.3545,-53.6556],[-73.3646,-53.6461],[-73.3431,-53.6464],[-73.3468,-53.6364],[-73.3171,-53.6497],[-73.3238,-53.6503]]],[[[-73.4239,-53.6437],[-73.4036,-53.6428],[-73.4129,-53.653],[-73.4307,-53.6509],[-73.4211,-53.6423],[-73.4239,-53.6437]]],[[[-73.3797,-53.639],[-73.3868,-53.6295],[-73.3538,-53.6424],[-73.3715,-53.6359],[-73.3797,-53.639]]],[[[-73.2918,-53.624],[-73.2835,-53.6435],[-73.3174,-53.6427],[-73.3729,-53.6059],[-73.351,-53.6378],[-73.3899,-53.6207],[-73.4501,-53.6466],[-73.4768,-53.6432],[-73.4679,-53.6338],[-73.4859,-53.6319],[-73.4735,-53.6253],[-73.427,-53.6238],[-73.4231,-53.6136],[-73.4635,-53.6201],[-73.4285,-53.6108],[-73.4319,-53.6026],[-73.4071,-53.5889],[-73.3032,-53.6147],[-73.313,-53.6207],[-73.3012,-53.6245],[-73.2918,-53.624]]],[[[-73.3181682,-53.6013776],[-73.3158308,-53.6051238],[-73.3229089,-53.6069866],[-73.3276905,-53.6044026],[-73.3254528,-53.6033709],[-73.3269977,-53.6021981],[-73.3257371,-53.6004977],[-73.3212594,-53.6000394],[-73.3181682,-53.6013776]]],[[[-73.3387543,-53.566955],[-73.3412927,-53.5682705],[-73.3495207,-53.5675363],[-73.3534937,-53.564553],[-73.3615891,-53.5637379],[-73.3730199,-53.5564336],[-73.36209,-53.5557668],[-73.3562412,-53.5537595],[-73.3470696,-53.5561061],[-73.3439044,-53.5599839],[-73.3511577,-53.5616831],[-73.3387543,-53.566955]]],[[[-73.3756,-53.4553],[-73.3783,-53.4457],[-73.3571,-53.4482],[-73.3767,-53.4452],[-73.3684,-53.4268],[-73.3217,-53.4423],[-73.3386,-53.4613],[-73.3675,-53.4526],[-73.3756,-53.4553]]],[[[-73.3579,-53.3577],[-73.313,-53.3837],[-73.3462,-53.3855],[-73.3832,-53.37],[-73.3689,-53.3655],[-73.3579,-53.3577]]],[[[-73.3441,-53.3578],[-73.3954,-53.3584],[-73.3859,-53.3486],[-73.3544,-53.3548],[-73.3441,-53.3578]]],[[[-73.4233,-53.3456],[-73.3961,-53.3455],[-73.4203,-53.3485],[-73.4233,-53.3456]]],[[[-73.4061,-53.329],[-73.3846,-53.3403],[-73.4104,-53.3392],[-73.405,-53.332],[-73.4061,-53.329]]],[[[-73.5016,-53.1273],[-73.4862,-53.132],[-73.5164,-53.1495],[-73.5255,-53.1196],[-73.5026,-53.1212],[-73.5154,-53.1253],[-73.5016,-53.1273]]],[[[-73.3418,-53.1242],[-73.3062,-53.1319],[-73.3243,-53.1344],[-73.3474,-53.1235],[-73.3418,-53.1242]]],[[[-73.4384,-53.0364],[-73.438,-53.0483],[-73.4648,-53.0293],[-73.4407,-53.036],[-73.4384,-53.0364]]],[[[-73.4908,-53.0137],[-73.5019,-53.0095],[-73.4938,-53.0046],[-73.4841,-53.0147],[-73.4908,-53.0137]]],[[[-73.4282,-52.9961],[-73.3977,-52.9954],[-73.4278,-52.9971],[-73.4282,-52.9961]]],[[[-73.4867,-52.9971],[-73.4661,-52.9924],[-73.483,-52.9983],[-73.4867,-52.9971]]],[[[-73.4455299,-52.9921428],[-73.4536028,-52.990428],[-73.4481097,-52.9868683],[-73.4378109,-52.984174],[-73.4328576,-52.9844384],[-73.4238435,-52.9858803],[-73.4252818,-52.9883202],[-73.4324753,-52.9888794],[-73.4353363,-52.9917466],[-73.4455299,-52.9921428]]],[[[-73.4921746,-52.9143356],[-73.4926033600136,-52.91298703655471],[-73.49236763778944,-52.912804839393424],[-73.488934,-52.9128053],[-73.4677619,-52.9143733],[-73.4550028,-52.9205441],[-73.4840586,-52.9178889],[-73.4864492,-52.9141694],[-73.4921746,-52.9143356]]],[[[-73.4407,-52.803],[-73.4301,-52.794],[-73.4623,-52.7748],[-73.4474,-52.7726],[-73.3997,-52.7954],[-73.4116,-52.8132],[-73.4246,-52.8067],[-73.4407,-52.803]]],[[[-73.4891,-52.7837],[-73.5141,-52.7827],[-73.4743,-52.7766],[-73.4534,-52.7978],[-73.4938,-52.7858],[-73.4891,-52.7837]]],[[[-73.3121,-52.7872],[-73.3156,-52.7737],[-73.3098,-52.7877],[-73.3121,-52.7872]]],[[[-73.3775,-52.7664],[-73.3529,-52.7684],[-73.3841,-52.7688],[-73.3775,-52.7664]]],[[[-73.4125,-52.7407],[-73.3963,-52.7441],[-73.4167,-52.7427],[-73.4125,-52.7407]]],[[[-73.4369,-52.745],[-73.4474,-52.7496],[-73.4382,-52.7412],[-73.45,-52.7385],[-73.4323,-52.7396],[-73.4369,-52.745]]],[[[-73.3784,-52.7612],[-73.4125,-52.7523],[-73.3603,-52.7419],[-73.3298,-52.7188],[-73.3689,-52.7384],[-73.3649,-52.7231],[-73.3207,-52.7017],[-73.3181,-52.7393],[-73.3335,-52.7301],[-73.3352,-52.7465],[-73.3743,-52.7572],[-73.3784,-52.7612]]],[[[-73.4723,-52.7217],[-73.4865,-52.7279],[-73.4911,-52.7179],[-73.4749,-52.7199],[-73.4723,-52.7217]]],[[[-73.4827,-52.7038],[-73.4772,-52.6959],[-73.4725,-52.7072],[-73.4827,-52.7038]]],[[[-73.4691,-52.6977],[-73.4403,-52.7002],[-73.4636,-52.7021],[-73.4691,-52.6977]]],[[[-73.3799,-52.7059],[-73.3704,-52.694],[-73.3282,-52.6943],[-73.3754,-52.7292],[-73.4103,-52.7379],[-73.3986,-52.7183],[-73.4272,-52.7276],[-73.4286,-52.7109],[-73.3505,-52.6596],[-73.3366,-52.6772],[-73.388,-52.6996],[-73.3931,-52.6914],[-73.3833,-52.7042],[-73.3799,-52.7059]]],[[[-73.4356,-52.6687],[-73.4214,-52.6667],[-73.4326,-52.671],[-73.4276,-52.6796],[-73.4345,-52.6714],[-73.4356,-52.6687]]],[[[-73.1298,-54.1538],[-73.1149,-54.1676],[-73.1415,-54.1645],[-73.1566,-54.1386],[-73.1244,-54.1023],[-73.0899,-54.1197],[-73.1195,-54.1322],[-73.1262,-54.1508],[-73.1298,-54.1538]]],[[[-73.1947,-54.1185],[-73.1897,-54.1087],[-73.1648,-54.111],[-73.1689,-54.1341],[-73.1972,-54.1363],[-73.1903,-54.1211],[-73.1947,-54.1185]]],[[[-73.1021,-54.0571],[-73.1097,-54.042],[-73.0808,-54.0411],[-73.098,-54.0519],[-73.1021,-54.0571]]],[[[-73.1133,-54.0168],[-73.1027,-54.0208],[-73.1149,-54.0196],[-73.1133,-54.0168]]],[[[-73.1717,-53.9518],[-73.1635,-53.9562],[-73.1756,-53.956],[-73.1717,-53.9518]]],[[[-73.2411,-53.9178],[-73.2335,-53.9281],[-73.2272,-53.9181],[-73.1786,-53.931],[-73.1779,-53.9475],[-73.194,-53.9509],[-73.1834,-53.9531],[-73.2254,-53.9654],[-73.2444,-53.9571],[-73.2133,-53.9495],[-73.2135,-53.9398],[-73.2563,-53.9531],[-73.2304,-53.9327],[-73.2629,-53.9497],[-73.2437,-53.9341],[-73.2787,-53.9455],[-73.2621,-53.9226],[-73.295,-53.9386],[-73.2493,-53.9182],[-73.2411,-53.9178]]],[[[-73.1036,-53.9223],[-73.0951,-53.928],[-73.1279,-53.9425],[-73.1056,-53.9203],[-73.1036,-53.9223]]],[[[-73.2943,-53.93],[-73.299,-53.9384],[-73.2983,-53.9291],[-73.2943,-53.93]]],[[[-73.1139,-53.9127],[-73.0869,-53.9153],[-73.1472,-53.9366],[-73.1154,-53.918],[-73.1356,-53.918],[-73.1139,-53.9127]]],[[[-73.1843496,-53.9086112],[-73.2067867,-53.9142875],[-73.2073426,-53.9098765],[-73.2093192,-53.9082804],[-73.1906347,-53.9079834],[-73.1843496,-53.9086112]]],[[[-73.1718,-53.9085],[-73.1324,-53.906],[-73.1578,-53.9203],[-73.2038,-53.9163],[-73.1672,-53.9103],[-73.1718,-53.9085]]],[[[-73.2221604,-53.8981473],[-73.2280816,-53.9013734],[-73.2312713,-53.9004691],[-73.2250301,-53.8973329],[-73.2275626,-53.8957261],[-73.2191443,-53.8939232],[-73.210421,-53.8976932],[-73.2182341,-53.9002895],[-73.2214201,-53.9003932],[-73.2206729,-53.8992003],[-73.2221604,-53.8981473]]],[[[-73.2496532,-53.8956298],[-73.257374,-53.8936114],[-73.2526751,-53.8924063],[-73.2530528,-53.8908011],[-73.2422215,-53.885788],[-73.2383372,-53.8848914],[-73.2339354,-53.8867426],[-73.2287092,-53.8876334],[-73.2321604,-53.8915377],[-73.2247328,-53.8902916],[-73.2211386,-53.8935344],[-73.2286181,-53.895637],[-73.2286084,-53.8936578],[-73.2345027,-53.8944644],[-73.2337752,-53.893166],[-73.2390799,-53.8919231],[-73.2496532,-53.8956298]]],[[[-73.2657,-53.8852],[-73.2879,-53.9004],[-73.2661,-53.8814],[-73.2657,-53.8852]]],[[[-73.2632,-53.8809],[-73.241,-53.8798],[-73.2573,-53.8845],[-73.2632,-53.8809]]],[[[-73.2241,-53.8585],[-73.1942,-53.8515],[-73.2283,-53.8766],[-73.2294,-53.8631],[-73.2164,-53.8576],[-73.2241,-53.8585]]],[[[-73.0713,-53.832],[-73.0859,-53.8407],[-73.0691,-53.8452],[-73.099,-53.8511],[-73.0697,-53.8551],[-73.0808,-53.8626],[-73.0702,-53.8703],[-73.0823,-53.8778],[-73.0714,-53.8886],[-73.0771,-53.9043],[-73.102,-53.8952],[-73.096,-53.8877],[-73.1157,-53.8905],[-73.1181,-53.9031],[-73.1588,-53.8909],[-73.2175,-53.9075],[-73.1908,-53.8953],[-73.2342,-53.8844],[-73.1736,-53.8818],[-73.2086,-53.8705],[-73.1762,-53.8732],[-73.1916,-53.866],[-73.1816,-53.8629],[-73.1605,-53.8723],[-73.1682,-53.8595],[-73.1996,-53.8565],[-73.1629,-53.84],[-73.2133,-53.8464],[-73.2427,-53.8644],[-73.2268,-53.8545],[-73.2666,-53.8515],[-73.285,-53.8685],[-73.2695,-53.8524],[-73.3093,-53.8591],[-73.2837,-53.85],[-73.2893,-53.8427],[-73.177,-53.8284],[-73.2699,-53.8316],[-73.2578,-53.8217],[-73.2912,-53.8296],[-73.3072,-53.8207],[-73.2422,-53.8034],[-73.2547,-53.8101],[-73.2409,-53.813],[-73.0705,-53.83],[-73.0713,-53.832]]],[[[-73.3087,-53.8407],[-73.3234,-53.84],[-73.3141,-53.83],[-73.2921,-53.8265],[-73.3049,-53.8389],[-73.3087,-53.8407]]],[[[-73.1454,-53.8139],[-73.0872,-53.8136],[-73.1389,-53.8165],[-73.1454,-53.8139]]],[[[-73.1752145,-53.8004286],[-73.1734332,-53.8025143],[-73.1691089,-53.8026722],[-73.1781678,-53.8064921],[-73.1836723,-53.805445],[-73.1990956,-53.8077873],[-73.2054649,-53.806316],[-73.2004683,-53.8033975],[-73.1929445,-53.8037731],[-73.1901086,-53.8010981],[-73.1837253,-53.8005295],[-73.1823466,-53.801832],[-73.1752145,-53.8004286]]],[[[-73.2603,-53.803],[-73.2826,-53.8055],[-73.2565,-53.8006],[-73.2603,-53.803]]],[[[-73.1539,-53.7719],[-73.1209,-53.7765],[-73.1516,-53.775],[-73.1539,-53.7719]]],[[[-73.2209,-53.7655],[-73.1953,-53.7608],[-73.2047,-53.7719],[-73.223,-53.7667],[-73.2209,-53.7655]]],[[[-73.2865,-53.7415],[-73.2388,-53.7326],[-73.2771,-53.7436],[-73.2865,-53.7415]]],[[[-73.2875712,-53.7300858],[-73.284402,-53.7291469],[-73.2692418,-53.728051],[-73.2629444,-53.7291363],[-73.271388,-53.7324956],[-73.2904168,-53.7336872],[-73.2819142,-53.7308354],[-73.2875712,-53.7300858]]],[[[-73.17,-53.7333],[-73.222,-53.7456],[-73.1954,-53.7309],[-73.1941,-53.7222],[-73.2106,-53.7258],[-73.1721,-53.7065],[-73.1823,-53.7048],[-73.1657,-53.6875],[-73.1548,-53.692],[-73.1663,-53.7],[-73.1597,-53.7191],[-73.1844,-53.7306],[-73.1458,-53.7293],[-73.1654,-53.7335],[-73.17,-53.7333]]],[[[-73.1387,-53.7111],[-73.1382,-53.722],[-73.1511,-53.72],[-73.1447,-53.7149],[-73.1387,-53.7111]]],[[[-73.1246,-53.7097],[-73.1132,-53.705],[-73.1227,-53.7123],[-73.1246,-53.7097]]],[[[-73.2491,-53.7293],[-73.2877,-53.725],[-73.2327,-53.7199],[-73.1988,-53.7007],[-73.2776,-53.715],[-73.2371,-53.6862],[-73.256,-53.7079],[-73.2481,-53.7103],[-73.2155,-53.6826],[-73.1698,-53.6875],[-73.2415,-53.7264],[-73.2491,-53.7293]]],[[[-73.1582,-53.7106],[-73.1544,-53.6995],[-73.1323,-53.7055],[-73.1605,-53.713],[-73.1582,-53.7106]]],[[[-73.2931,-53.7102],[-73.3077,-53.7041],[-73.2744,-53.6966],[-73.2931,-53.7102]]],[[[-73.2701289,-53.6856694],[-73.258722,-53.6865456],[-73.2618802,-53.6895902],[-73.2777799,-53.6934405],[-73.2934074,-53.6962103],[-73.3002019,-53.6937509],[-73.3107438,-53.699883],[-73.3204007,-53.6999023],[-73.3062322,-53.6944156],[-73.3086361,-53.6946096],[-73.3123756,-53.6913737],[-73.3008313,-53.6911029],[-73.2701289,-53.6856694]]],[[[-73.2655,-53.669],[-73.2233,-53.6706],[-73.2391,-53.6808],[-73.2904,-53.6791],[-73.2785,-53.6707],[-73.2655,-53.669]]],[[[-73.1624,-53.6726],[-73.1817,-53.6721],[-73.1599,-53.6699],[-73.1624,-53.6726]]],[[[-73.3044939,-53.6670271],[-73.3037543,-53.6701231],[-73.3123635,-53.6712566],[-73.3139517,-53.6701607],[-73.3203571,-53.6708621],[-73.3244257,-53.6673785],[-73.3013267,-53.664574],[-73.292568,-53.6652631],[-73.295146,-53.6668869],[-73.299856,-53.6659324],[-73.3044939,-53.6670271]]],[[[-73.129,-53.664],[-73.1452,-53.6666],[-73.1344,-53.6618],[-73.129,-53.664]]],[[[-73.178872,-53.6587054],[-73.1750329,-53.6594297],[-73.1835708,-53.66511],[-73.1878674,-53.6653525],[-73.1911811,-53.6634343],[-73.1898517,-53.660811],[-73.178872,-53.6587054]]],[[[-73.2519,-53.6622],[-73.3121,-53.6611],[-73.2784,-53.6413],[-73.2548,-53.6548],[-73.2519,-53.6622]]],[[[-73.312405,-53.583315],[-73.3114144,-53.5814767],[-73.3162225,-53.5804568],[-73.3172963,-53.5786779],[-73.3147155,-53.5758794],[-73.3114817,-53.5770627],[-73.3102567,-53.579636],[-73.3056542,-53.5807165],[-73.304745,-53.5820735],[-73.3065044,-53.5829615],[-73.2986024,-53.588461],[-73.2979883,-53.590761],[-73.3097694,-53.5919291],[-73.313347,-53.587748],[-73.3105702,-53.5852251],[-73.312405,-53.583315]]],[[[-73.3141219,-53.5739245],[-73.3029074,-53.5718722],[-73.2968118,-53.572784],[-73.3001424,-53.5746217],[-73.2996768,-53.5767269],[-73.2950779,-53.5755697],[-73.2940305,-53.5773303],[-73.2956009,-53.578362],[-73.2921275,-53.5789546],[-73.2863778,-53.5838109],[-73.2966388,-53.5827902],[-73.3022523,-53.5805766],[-73.3060252,-53.5771776],[-73.3043653,-53.5767424],[-73.3141219,-53.5739245]]],[[[-73.2699,-53.5787],[-73.2497,-53.5695],[-73.2651,-53.5791],[-73.2699,-53.5787]]],[[[-73.2349,-53.4891],[-73.2254,-53.4954],[-73.2415,-53.4923],[-73.2349,-53.4891]]],[[[-73.2717594,-53.4795947],[-73.2713544,-53.4785244],[-73.2656191,-53.4796265],[-73.2634589,-53.4779079],[-73.2591596,-53.4796203],[-73.2462545,-53.4842962],[-73.2451712,-53.4880358],[-73.241963,-53.4876174],[-73.2502974,-53.4893877],[-73.2548405,-53.4885565],[-73.2717594,-53.4795947]]],[[[-73.2104155,-53.4588043],[-73.2082016,-53.4580936],[-73.2047888,-53.4579848],[-73.2032374,-53.4595667],[-73.1903138,-53.4624657],[-73.195237,-53.4673804],[-73.2001851,-53.4662568],[-73.2078851,-53.4621768],[-73.2079282,-53.4597221],[-73.2104155,-53.4588043]]],[[[-73.2841,-53.4536],[-73.2825,-53.4425],[-73.2679,-53.4422],[-73.2248,-53.4692],[-73.2586,-53.4733],[-73.2856,-53.4567],[-73.2841,-53.4536]]],[[[-73.2979,-53.451],[-73.2853,-53.4703],[-73.32,-53.4617],[-73.2985,-53.4496],[-73.2979,-53.451]]],[[[-73.2227,-53.437],[-73.2112,-53.4438],[-73.2191,-53.4484],[-73.2662,-53.4308],[-73.2218,-53.436],[-73.2227,-53.437]]],[[[-73.1984,-53.4183],[-73.1805,-53.4057],[-73.1445,-53.4089],[-73.1722,-53.4232],[-73.1949,-53.4198],[-73.1984,-53.4183]]],[[[-73.1861,-53.3961],[-73.174,-53.3857],[-73.1816,-53.3967],[-73.1861,-53.3961]]],[[[-73.2964,-53.388],[-73.2716,-53.3852],[-73.3165,-53.3741],[-73.303,-53.3709],[-73.2311,-53.3877],[-73.2289,-53.402],[-73.2517,-53.4076],[-73.2456,-53.4139],[-73.298,-53.3904],[-73.2964,-53.388]]],[[[-73.2468,-53.3789],[-73.2697,-53.377],[-73.2475,-53.3815],[-73.2468,-53.3789]]],[[[-73.2892,-53.3705],[-73.2562,-53.3719],[-73.2895,-53.3719],[-73.2892,-53.3705]]],[[[-73.3124341,-53.2649952],[-73.3127758,-53.2603956],[-73.3071602,-53.2591754],[-73.2975958,-53.2600892],[-73.2975446,-53.2611975],[-73.3064278,-53.2625985],[-73.3086645,-53.2653747],[-73.3124341,-53.2649952]]],[[[-73.2418,-53.1684],[-73.2748,-53.1562],[-73.2346,-53.1616],[-73.2257,-53.169],[-73.241,-53.1702],[-73.2418,-53.1684]]],[[[-73.2339,-53.156],[-73.2167,-53.1578],[-73.2344,-53.1572],[-73.2339,-53.156]]],[[[-73.2818,-53.1388],[-73.2964,-53.126],[-73.2401,-53.149],[-73.3165,-53.1391],[-73.2964,-53.1328],[-73.2818,-53.1388]]],[[[-73.183,-53.119],[-73.1718,-53.1128],[-73.1822,-53.1201],[-73.183,-53.119]]],[[[-73.279,-52.7947],[-73.2855,-52.7852],[-73.264,-52.7923],[-73.2615,-52.8039],[-73.2779,-52.798],[-73.279,-52.7947]]],[[[-73.1070694,-52.2127438],[-73.1077969,-52.2167306],[-73.1130471,-52.2206272],[-73.1185854,-52.2210552],[-73.1194442,-52.2195251],[-73.1125335,-52.2124098],[-73.1024282,-52.2093171],[-73.1010625,-52.2101497],[-73.1070694,-52.2127438]]],[[[-73.291,-52.1835],[-73.3186,-52.1729],[-73.2795,-52.1726],[-73.2849,-52.1863],[-73.291,-52.1835]]],[[[-73.1437,-52.0762],[-73.1338,-52.0684],[-73.1318,-52.0797],[-73.1437,-52.0762]]],[[[-73.1582,-51.6849],[-73.1506,-51.6977],[-73.1593,-51.688],[-73.1582,-51.6849]]],[[[-72.9879,-54.4864],[-73.0372,-54.4876],[-73.0403,-54.4712],[-73.0497,-54.4907],[-73.0824,-54.4994],[-73.086,-54.4823],[-73.0522,-54.4607],[-72.9611,-54.4462],[-72.9567,-54.4568],[-72.9852,-54.472],[-72.9841,-54.4866],[-72.9879,-54.4864]]],[[[-73.0109,-54.2285],[-73.0162,-54.2223],[-72.9934,-54.2193],[-72.9689,-54.1952],[-72.9334,-54.2056],[-72.9319,-54.2164],[-72.9672,-54.234],[-73.0126,-54.2319],[-73.0109,-54.2285]]],[[[-73.0168,-54.1777],[-73.0351,-54.1933],[-73.0457,-54.1824],[-73.03,-54.1697],[-73.0112,-54.1759],[-73.0168,-54.1777]]],[[[-73.0677,-54.1751],[-73.0498,-54.1546],[-73.0363,-54.1603],[-73.0674,-54.1767],[-73.0677,-54.1751]]],[[[-73.0691,-54.1545],[-73.0966,-54.1818],[-73.1017,-54.1573],[-73.0699,-54.1421],[-73.0716,-54.1542],[-73.0691,-54.1545]]],[[[-72.8746,-54.1528],[-72.8906,-54.1613],[-72.9105,-54.1574],[-72.8908,-54.1517],[-72.9087,-54.1513],[-72.8708,-54.1504],[-72.8746,-54.1528]]],[[[-72.842,-54.1431],[-72.8503,-54.1488],[-72.8435,-54.1391],[-72.842,-54.1431]]],[[[-73.0116307,-54.1156637],[-73.0120275,-54.1178653],[-73.0139667,-54.1185906],[-73.0209526,-54.1181268],[-73.0223425,-54.1165706],[-73.0124368,-54.1131586],[-72.99365,-54.1173333],[-72.9966989,-54.1179329],[-72.9929801,-54.120883],[-72.9980355,-54.1209739],[-72.9998243,-54.1181066],[-73.0059945,-54.1214437],[-73.0087102,-54.1207976],[-73.0067171,-54.1197737],[-73.0088712,-54.1158263],[-73.0116307,-54.1156637]]],[[[-73.0582391,-54.0564355],[-73.0591009,-54.0537136],[-73.0470879,-54.0500607],[-73.0434714,-54.051226],[-73.0440865,-54.0525207],[-73.0558899,-54.0595861],[-73.0603318,-54.058679],[-73.0582391,-54.0564355]]],[[[-73.0907,-54.0535],[-73.0794,-54.0448],[-73.0691,-54.0528],[-73.0911,-54.0564],[-73.0907,-54.0535]]],[[[-72.994,-54.0412],[-73.0118,-54.0437],[-73.0017,-54.0332],[-72.9863,-54.0368],[-72.994,-54.0412]]],[[[-73.0501,-54.0388],[-73.0356,-54.0282],[-73.0182,-54.0331],[-73.0445,-54.0393],[-73.0501,-54.0388]]],[[[-73.06,-54.0218],[-73.0444,-54.0245],[-73.0519,-54.0332],[-73.1185,-54.0387],[-73.1218,-54.0293],[-73.0755,-54.027],[-73.06,-54.0218]]],[[[-72.9109501,-54.0267797],[-72.9121763,-54.0245521],[-72.9083139,-54.0246979],[-72.9043834,-54.0257901],[-72.9000983,-54.0248589],[-72.8952264,-54.0282206],[-72.8993203,-54.030147],[-72.9068344,-54.0294305],[-72.9034343,-54.0282847],[-72.9109501,-54.0267797]]],[[[-72.882,-54.0183],[-72.8984,-54.0195],[-72.8858,-54.0161],[-72.882,-54.0183]]],[[[-72.9241381,-54.0143926],[-72.92684,-54.0161981],[-72.9301459,-54.01415],[-72.924573,-54.012473],[-72.9046465,-54.0153592],[-72.901458,-54.0167192],[-72.9075865,-54.0179676],[-72.9241381,-54.0143926]]],[[[-72.9123806,-54.0128394],[-72.9082911,-54.0101923],[-72.8947122,-54.0099181],[-72.8863999,-54.0143912],[-72.8954574,-54.0153769],[-72.8969493,-54.0140606],[-72.9041212,-54.0147086],[-72.9123806,-54.0128394]]],[[[-72.9404592,-54.0012439],[-72.9470949,-54.0000702],[-72.9479121,-53.9971192],[-72.9428493,-53.9957055],[-72.9336048,-53.9957844],[-72.9266469,-53.9984588],[-72.9354919,-53.9987475],[-72.9404592,-54.0012439]]],[[[-72.8858,-53.9864],[-72.8607,-53.9866],[-72.885,-53.9885],[-72.8858,-53.9864]]],[[[-73.0285,-53.9833],[-73.0431,-53.9889],[-73.0285,-53.9815],[-73.0285,-53.9833]]],[[[-72.9773,-53.9693],[-72.952,-53.9718],[-72.9769,-53.984],[-73.0039,-53.9716],[-72.9895,-53.9662],[-72.9773,-53.9693]]],[[[-72.9186,-53.967],[-72.9269,-53.9604],[-72.9036,-53.9634],[-72.9145,-53.9691],[-72.9186,-53.967]]],[[[-73.0617,-53.9663],[-73.0803,-53.9697],[-73.09,-53.957],[-73.059,-53.9497],[-73.0553,-53.9621],[-73.0617,-53.9663]]],[[[-72.9802,-53.9412],[-72.9627,-53.9406],[-72.9636,-53.9513],[-73.0081,-53.9445],[-72.9813,-53.9384],[-72.9802,-53.9412]]],[[[-73.0786,-53.948],[-73.0765,-53.9378],[-73.0663,-53.9432],[-73.0756,-53.9468],[-73.0786,-53.948]]],[[[-72.9939,-53.9355],[-73.0296,-53.9381],[-72.9929,-53.9329],[-72.9939,-53.9355]]],[[[-72.977,-53.9261],[-72.9545,-53.9318],[-72.986,-53.9301],[-72.977,-53.9261]]],[[[-73.0051,-53.9262],[-73.0171,-53.9187],[-72.9985,-53.9249],[-73.0051,-53.9262]]],[[[-72.8926,-53.9054],[-72.8708,-53.89],[-72.8866,-53.906],[-72.8926,-53.9054]]],[[[-73.032,-53.8512],[-73.0442,-53.8468],[-73.0289,-53.8416],[-73.0186,-53.8489],[-73.032,-53.8512]]],[[[-73.0923,-53.7928],[-73.0734,-53.797],[-73.0931,-53.7938],[-73.0923,-53.7928]]],[[[-72.9489,-53.7245],[-72.9788,-53.7155],[-72.9501,-53.7234],[-72.9489,-53.7245]]],[[[-72.9876,-53.7168],[-73.0116,-53.7095],[-72.9819,-53.7144],[-72.9876,-53.7168]]],[[[-73.0512783,-53.698263],[-73.0402426,-53.7025755],[-73.045248,-53.702946],[-73.0438599,-53.7041529],[-73.0462624,-53.7044415],[-73.048954,-53.7024924],[-73.0560276,-53.7026774],[-73.0666263,-53.6994289],[-73.0648599,-53.6990198],[-73.0649879,-53.6973805],[-73.0591875,-53.6966578],[-73.0556976,-53.6980672],[-73.0512783,-53.698263]]],[[[-72.9573829,-53.649299],[-72.960582,-53.6465551],[-72.9537941,-53.6454586],[-72.9472853,-53.6458651],[-72.9457136,-53.6493653],[-72.9471846,-53.6526095],[-72.9492046,-53.6508719],[-72.9573829,-53.649299]]],[[[-72.8347,-53.5552],[-72.8435,-53.5655],[-72.8369,-53.5544],[-72.8347,-53.5552]]],[[[-72.9092,-53.4918],[-72.8914,-53.4842],[-72.9107,-53.4961],[-72.9092,-53.4918]]],[[[-73.0657,-53.3641],[-73.0589,-53.3709],[-73.0785,-53.3751],[-73.0688,-53.3639],[-73.0657,-53.3641]]],[[[-72.8909,-53.3697],[-72.9027,-53.3682],[-72.8951,-53.3621],[-72.8836,-53.3678],[-72.8909,-53.3697]]],[[[-73.0467,-53.3132],[-73.0334,-53.3164],[-73.041,-53.3217],[-73.0467,-53.3132]]],[[[-72.9735,-53.1687],[-72.9516,-53.1663],[-72.9646,-53.1734],[-72.9735,-53.1687]]],[[[-73.0197,-53.1233],[-73.04,-53.1233],[-73.02,-53.1209],[-73.0197,-53.1233]]],[[[-73.0030022,-53.1096248],[-73.0098634,-53.1105511],[-73.0180245,-53.1083799],[-73.0173545,-53.1051724],[-73.0193872,-53.1032815],[-73.0148903,-53.1017939],[-73.0031806,-53.1025762],[-73.0017163,-53.1061134],[-73.0049558,-53.1083227],[-73.0030022,-53.1096248]]],[[[-73.0792,-53.1093],[-73.0677,-53.0996],[-73.0759,-53.1092],[-73.0792,-53.1093]]],[[[-72.9721,-53.0954],[-72.9623,-53.0965],[-72.9786,-53.0978],[-72.97,-53.0916],[-72.9721,-53.0954]]],[[[-72.9469,-53.0934],[-72.9588,-53.0903],[-72.9425,-53.0903],[-72.9469,-53.0934]]],[[[-72.8875,-52.8279],[-72.9214,-52.8245],[-72.9013,-52.816],[-72.8863,-52.8259],[-72.8875,-52.8279]]],[[[-72.833814,-52.602086],[-72.8238865,-52.5971463],[-72.8192836,-52.5972989],[-72.8168712,-52.5990586],[-72.8212285,-52.6025744],[-72.833814,-52.602086]]],[[[-72.9142,-52.2523],[-72.9278,-52.2508],[-72.9107,-52.2397],[-72.9182,-52.2506],[-72.9142,-52.2523]]],[[[-73.1261,-52.0427],[-73.1147,-51.9896],[-73.0968,-51.9876],[-73.0856,-51.9509],[-73.0699,-51.9401],[-73.0012,-51.9203],[-72.9869,-51.9016],[-72.9356,-51.8967],[-72.9247,-51.9054],[-72.9075,-51.8852],[-72.8971,-51.8882],[-72.8993,-51.873],[-72.8785,-51.8848],[-72.9018,-51.904],[-72.9028,-51.9268],[-72.9315,-51.9306],[-72.9493,-51.9478],[-72.9524,-51.98],[-72.99,-52.0239],[-72.9977,-52.0545],[-73.0331,-52.0561],[-73.111,-52.0868],[-73.125,-52.0479],[-73.1261,-52.0427]]],[[[-72.8949253,-51.8557839],[-72.8978186,-51.8566214],[-72.8972179,-51.8580437],[-72.8984977,-51.8587025],[-72.9017206,-51.8561083],[-72.9059573,-51.8560903],[-72.9097756,-51.8469542],[-72.9090524,-51.8448651],[-72.9076381,-51.8442068],[-72.9041638,-51.8514383],[-72.9018083,-51.8543761],[-72.8973642,-51.8534133],[-72.8949253,-51.8557839]]],[[[-72.9368,-51.7875],[-72.92,-51.7923],[-72.9181,-51.8068],[-72.9592,-51.7942],[-72.9612,-51.7787],[-72.944,-51.7792],[-72.9368,-51.7875]]],[[[-72.6433,-54.3467],[-72.6379,-54.3331],[-72.6261,-54.3349],[-72.6417,-54.348],[-72.6433,-54.3467]]],[[[-72.6937,-54.3147],[-72.645,-54.3242],[-72.6741,-54.3349],[-72.6977,-54.3226],[-72.6927,-54.3162],[-72.6937,-54.3147]]],[[[-72.7955,-54.3009],[-72.8047,-54.2913],[-72.7872,-54.2899],[-72.7938,-54.3017],[-72.7955,-54.3009]]],[[[-72.4653,-54.3014],[-72.4943,-54.3049],[-72.4729,-54.296],[-72.4846,-54.2912],[-72.5066,-54.301],[-72.4913,-54.2836],[-72.5579,-54.2893],[-72.5472,-54.2795],[-72.5636,-54.279],[-72.5132,-54.2638],[-72.4779,-54.2718],[-72.465,-54.2802],[-72.4759,-54.2891],[-72.46,-54.2975],[-72.4653,-54.3014]]],[[[-72.5338,-54.2614],[-72.5589,-54.2717],[-72.5412,-54.2618],[-72.5338,-54.2614]]],[[[-72.6358,-54.2644],[-72.6462,-54.2598],[-72.6353,-54.2539],[-72.6285,-54.2643],[-72.6358,-54.2644]]],[[[-72.6688,-54.2629],[-72.7009,-54.2756],[-72.6965,-54.2496],[-72.6551,-54.2317],[-72.6363,-54.238],[-72.6322,-54.2501],[-72.6511,-54.2531],[-72.6471,-54.2682],[-72.671,-54.2614],[-72.6688,-54.2629]]],[[[-72.5886,-54.2446],[-72.5764,-54.2434],[-72.5769,-54.253],[-72.5939,-54.2486],[-72.5886,-54.2446]]],[[[-72.6893,-54.1616],[-72.6998,-54.1615],[-72.6888,-54.1598],[-72.6893,-54.1616]]],[[[-72.7109,-54.1582],[-72.7296,-54.1685],[-72.7155,-54.1582],[-72.7109,-54.1582]]],[[[-72.5759094,-54.1599344],[-72.5707924,-54.1556888],[-72.564599,-54.1553221],[-72.5745025,-54.1633393],[-72.5774803,-54.1610658],[-72.5845668,-54.1656787],[-72.5926136,-54.1685194],[-72.5977981,-54.1665827],[-72.5970104,-54.1645511],[-72.5759094,-54.1599344]]],[[[-72.5184,-54.1428],[-72.4816,-54.1245],[-72.5003,-54.158],[-72.5262,-54.1625],[-72.5247,-54.1453],[-72.5184,-54.1428]]],[[[-72.708,-54.1411],[-72.6952,-54.1276],[-72.6796,-54.1303],[-72.6876,-54.1449],[-72.7014,-54.1501],[-72.6921,-54.1376],[-72.7065,-54.1389],[-72.708,-54.1411]]],[[[-72.7469,-54.1253],[-72.769,-54.149],[-72.7603,-54.1262],[-72.7469,-54.1253]]],[[[-72.5738,-54.1454],[-72.5871,-54.1614],[-72.6063,-54.1561],[-72.5913,-54.1426],[-72.6192,-54.1599],[-72.646,-54.146],[-72.6253,-54.1353],[-72.6479,-54.1422],[-72.6314,-54.1308],[-72.6299,-54.1182],[-72.6403,-54.1201],[-72.6148,-54.1079],[-72.587,-54.1277],[-72.5532,-54.1324],[-72.5651,-54.1465],[-72.5738,-54.1454]]],[[[-72.7287,-54.1298],[-72.7221,-54.1247],[-72.7268,-54.1316],[-72.7287,-54.1298]]],[[[-72.6749,-54.1296],[-72.6873,-54.119],[-72.6458,-54.1143],[-72.6492,-54.1414],[-72.6711,-54.1447],[-72.6732,-54.1318],[-72.6749,-54.1296]]],[[[-72.5306,-54.093],[-72.5373,-54.0988],[-72.5466,-54.0773],[-72.5329,-54.0898],[-72.5306,-54.093]]],[[[-72.5215,-54.0124],[-72.5068,-54.0087],[-72.5069,-54.019],[-72.5239,-54.014],[-72.5215,-54.0124]]],[[[-73.0477,-53.8813],[-72.9992,-53.8641],[-73.0444,-53.8769],[-73.0314,-53.8717],[-73.0408,-53.8666],[-72.9688,-53.8586],[-73.018,-53.8504],[-72.999,-53.8425],[-72.9086,-53.8392],[-72.9964,-53.8379],[-73.0204,-53.8249],[-73.0032,-53.8138],[-73.0571,-53.826],[-73.0485,-53.812],[-73.0038,-53.7976],[-72.937,-53.8029],[-72.9929,-53.7897],[-72.8861,-53.7687],[-72.8694,-53.7486],[-72.9086,-53.7671],[-72.9263,-53.7575],[-72.9779,-53.764],[-72.9671,-53.7751],[-73.015,-53.7913],[-73.1007,-53.7864],[-73.1126,-53.7664],[-73.088,-53.7581],[-73.1017,-53.7542],[-73.0905,-53.7427],[-73.0198,-53.7549],[-73.0176,-53.7643],[-73.0109,-53.7556],[-73.0665,-53.7381],[-73.0599,-53.7208],[-73.0264,-53.7276],[-73.0697,-53.7139],[-73.0858,-53.7266],[-73.0973,-53.7238],[-73.094,-53.7143],[-72.8154,-53.7462],[-72.8442,-53.7375],[-72.8165,-53.7021],[-72.8448,-53.702],[-72.8381,-53.7172],[-72.8542,-53.7319],[-72.8501,-53.7098],[-72.8769,-53.7061],[-72.8605,-53.7152],[-72.8687,-53.734],[-72.9828,-53.704],[-73.0716,-53.6897],[-73.0701,-53.6989],[-73.1114,-53.6964],[-73.1252,-53.6842],[-73.139,-53.6924],[-73.1797,-53.6797],[-73.092,-53.6665],[-73.0525,-53.6763],[-73.0607,-53.6657],[-73.0411,-53.658],[-73.025,-53.6724],[-72.9672,-53.6604],[-72.9541,-53.6697],[-72.9311,-53.6493],[-72.9288,-53.6233],[-72.9455,-53.6326],[-72.9739,-53.6127],[-72.9672,-53.6463],[-73.0097,-53.6505],[-72.9975,-53.6302],[-73.0398,-53.6485],[-73.0734,-53.6422],[-73.0745,-53.6515],[-73.097,-53.6514],[-73.0659,-53.6198],[-72.9994,-53.5844],[-72.998,-53.5713],[-73.0252,-53.5771],[-73.0161,-53.5674],[-73.0323,-53.574],[-73.0227,-53.5865],[-73.0506,-53.5912],[-73.0662,-53.5738],[-73.0961,-53.5724],[-73.091,-53.5864],[-73.0421,-53.599],[-73.0635,-53.6117],[-73.0804,-53.6065],[-73.0742,-53.6123],[-73.1115,-53.6438],[-73.1963,-53.6417],[-73.1365,-53.6133],[-73.1597,-53.6051],[-73.1565,-53.6137],[-73.1787,-53.6124],[-73.2359,-53.6398],[-73.2477,-53.6308],[-73.2302,-53.6211],[-73.2496,-53.6289],[-73.2668,-53.6112],[-73.2583,-53.602],[-73.2821,-53.5946],[-73.2377,-53.5938],[-73.2735,-53.5851],[-73.2179,-53.5738],[-73.2078,-53.5627],[-73.2269,-53.5595],[-73.1894,-53.5639],[-73.2273,-53.5511],[-73.2439,-53.5579],[-73.2229,-53.5637],[-73.2795,-53.5736],[-73.2898,-53.5613],[-73.3245,-53.5633],[-73.3314,-53.545],[-73.3514,-53.5484],[-73.4331,-53.465],[-73.4021,-53.4656],[-73.3948,-53.4802],[-73.3984,-53.4662],[-73.3837,-53.4637],[-73.3231,-53.4716],[-73.3251,-53.482],[-73.2964,-53.4758],[-73.2681,-53.4995],[-73.2573,-53.4906],[-73.2244,-53.5042],[-73.2513,-53.5167],[-73.2346,-53.5183],[-73.2282,-53.5349],[-73.211,-53.5228],[-73.2252,-53.5197],[-73.2189,-53.5103],[-73.1812,-53.5071],[-73.2202,-53.4955],[-73.1883,-53.4789],[-73.1623,-53.4908],[-73.1638,-53.5013],[-73.1419,-53.4914],[-73.0707,-53.5317],[-73.0754,-53.5187],[-73.0343,-53.5345],[-73.0247,-53.5297],[-73.1287,-53.4887],[-73.1109,-53.4776],[-73.1267,-53.4722],[-73.1233,-53.4614],[-73.1071,-53.4595],[-73.105,-53.4701],[-73.097,-53.4601],[-73.1052,-53.4504],[-73.133,-53.4561],[-73.1119,-53.4403],[-73.1611,-53.4242],[-73.1415,-53.4085],[-73.1188,-53.4087],[-73.1718,-53.401],[-73.1598,-53.3891],[-73.1369,-53.3879],[-73.1285,-53.4016],[-73.085,-53.3796],[-73.0398,-53.3751],[-73.0294,-53.3828],[-73.0408,-53.393],[-73.0213,-53.3803],[-73.001,-53.3912],[-73.0472,-53.4309],[-73.0299,-53.4342],[-73.0412,-53.4543],[-73.0102,-53.4368],[-73.0166,-53.4162],[-72.9973,-53.4197],[-73.0098,-53.444],[-72.9942,-53.4561],[-73.0075,-53.4575],[-73.0167,-53.4772],[-72.9868,-53.4773],[-73.0022,-53.4943],[-72.982,-53.4817],[-72.9912,-53.4592],[-72.9749,-53.4521],[-72.9994,-53.4065],[-72.986,-53.3963],[-72.9286,-53.4201],[-72.9488,-53.4411],[-72.9247,-53.4292],[-72.9033,-53.4402],[-72.9248,-53.4493],[-72.9027,-53.4466],[-72.8965,-53.4609],[-72.9316,-53.4901],[-72.9133,-53.5095],[-72.9319,-53.5362],[-72.8946,-53.4936],[-72.8713,-53.4927],[-72.8636,-53.5143],[-72.8502,-53.5141],[-72.9237,-53.5517],[-72.8491,-53.5318],[-72.8926,-53.5714],[-72.8612,-53.5688],[-72.8652,-53.6008],[-72.8905,-53.6273],[-72.8696,-53.6236],[-72.8681,-53.637],[-72.8836,-53.6369],[-72.8627,-53.6478],[-72.86,-53.6626],[-72.8602,-53.6444],[-72.8481,-53.639],[-72.8638,-53.6356],[-72.8585,-53.6118],[-72.8112,-53.6095],[-72.8442,-53.5987],[-72.8426,-53.5744],[-72.8039,-53.5608],[-72.8205,-53.5536],[-72.8144,-53.5287],[-72.8575,-53.4797],[-72.8483,-53.4721],[-72.8639,-53.4501],[-72.85,-53.4513],[-72.7957,-53.4653],[-72.7817,-53.4722],[-72.7883,-53.4809],[-72.7747,-53.4761],[-72.7671,-53.4856],[-72.7759,-53.5051],[-72.7404,-53.4984],[-72.7221,-53.5109],[-72.7404,-53.5433],[-72.7294,-53.5378],[-72.7099,-53.5533],[-72.7338,-53.5702],[-72.6698,-53.5973],[-72.7106,-53.6031],[-72.7156,-53.6151],[-72.6886,-53.6164],[-72.7033,-53.6291],[-72.6887,-53.6523],[-72.6937,-53.6258],[-72.6714,-53.6254],[-72.6773,-53.6492],[-72.6669,-53.6509],[-72.6505,-53.637],[-72.6531,-53.5971],[-72.6395,-53.5927],[-72.6776,-53.5438],[-72.6813,-53.5271],[-72.6656,-53.5236],[-72.6291,-53.541],[-72.6545,-53.5501],[-72.6409,-53.5592],[-72.6144,-53.5473],[-72.6136,-53.5582],[-72.5691,-53.562],[-72.5608,-53.578],[-72.5346,-53.5647],[-72.4611,-53.5783],[-72.4962,-53.5884],[-72.4649,-53.5979],[-72.4824,-53.6074],[-72.4487,-53.6096],[-72.4845,-53.6344],[-72.4402,-53.6287],[-72.4242,-53.6116],[-72.4262,-53.6214],[-72.3833,-53.64],[-72.5548,-53.6721],[-72.625,-53.6722],[-72.636,-53.6911],[-72.6224,-53.7222],[-72.5242,-53.7034],[-72.6118,-53.7149],[-72.6169,-53.7014],[-72.5998,-53.6756],[-72.4862,-53.6716],[-72.4738,-53.6863],[-72.4614,-53.6749],[-72.45,-53.6844],[-72.4823,-53.6954],[-72.4371,-53.6988],[-72.4444,-53.7202],[-72.4846,-53.7291],[-72.4557,-53.7257],[-72.4711,-53.7532],[-72.4606,-53.7543],[-72.4418,-53.7295],[-72.4139,-53.7266],[-72.4296,-53.69],[-72.411,-53.7],[-72.3863,-53.6775],[-72.3444,-53.6858],[-72.3481,-53.7013],[-72.3627,-53.7048],[-72.3545,-53.717],[-72.3081,-53.7014],[-72.2349,-53.7283],[-72.2829,-53.7499],[-72.3537,-53.7555],[-72.2677,-53.7599],[-72.2228,-53.7447],[-72.1599,-53.7762],[-72.1486,-53.7946],[-72.2096,-53.8153],[-72.2931,-53.8043],[-72.196,-53.8262],[-72.2274,-53.8478],[-72.2133,-53.8535],[-72.2254,-53.8583],[-72.3127,-53.8496],[-72.3705,-53.8074],[-72.3605,-53.8342],[-72.4602,-53.8227],[-72.4788,-53.8331],[-72.3524,-53.8492],[-72.3712,-53.8662],[-72.3485,-53.8791],[-72.3374,-53.9042],[-72.3485,-53.9111],[-72.3343,-53.925],[-72.3603,-53.9302],[-72.3787,-53.9038],[-72.3948,-53.9116],[-72.4003,-53.9003],[-72.4664,-53.8864],[-72.4131,-53.909],[-72.4086,-53.93],[-72.4216,-53.9382],[-72.389,-53.9309],[-72.3625,-53.958],[-72.4384,-53.9591],[-72.4501,-53.9461],[-72.4485,-53.9592],[-72.476,-53.9614],[-72.3792,-53.9703],[-72.3829,-54.0008],[-72.3636,-53.9904],[-72.3404,-53.9996],[-72.338,-54.0341],[-72.3796,-54.0581],[-72.4004,-54.049],[-72.3912,-54.0378],[-72.4123,-54.0349],[-72.404,-54.044],[-72.4217,-54.0541],[-72.4756,-54.0661],[-72.5049,-54.0363],[-72.4857,-54.0273],[-72.5149,-54.0264],[-72.4702,-53.998],[-72.4687,-53.9692],[-72.4983,-53.9543],[-72.4776,-53.9779],[-72.4918,-54.0052],[-72.5356,-54.0006],[-72.5443,-53.9836],[-72.5605,-54.0004],[-72.5376,-54.022],[-72.5603,-54.0233],[-72.559,-54.0091],[-72.5985,-54.0186],[-72.5615,-54.0173],[-72.5774,-54.0176],[-72.5538,-54.0313],[-72.5673,-54.0335],[-72.561,-54.0415],[-72.5293,-54.0451],[-72.5403,-54.0523],[-72.5382,-54.076],[-72.5547,-54.0712],[-72.5428,-54.0874],[-72.5544,-54.109],[-72.603,-54.0999],[-72.6013,-54.0845],[-72.6139,-54.1014],[-72.6153,-54.083],[-72.6292,-54.0979],[-72.6221,-54.0657],[-72.6036,-54.0549],[-72.6129,-54.0441],[-72.6028,-54.051],[-72.5883,-54.0363],[-72.6052,-54.0312],[-72.6182,-54.0351],[-72.6092,-54.0397],[-72.6151,-54.0555],[-72.6352,-54.0688],[-72.6387,-54.0595],[-72.6373,-54.0719],[-72.669,-54.0904],[-72.6546,-54.0594],[-72.6417,-54.0576],[-72.6487,-54.0473],[-72.6322,-54.0189],[-72.6529,-54.0223],[-72.6437,-54.0292],[-72.6518,-54.0466],[-72.6899,-54.0726],[-72.6831,-54.0905],[-72.7273,-54.0817],[-72.7157,-54.094],[-72.7494,-54.0999],[-72.7097,-54.1035],[-72.7244,-54.1187],[-72.7611,-54.1214],[-72.8207,-54.0967],[-72.8089,-54.1118],[-72.8441,-54.1117],[-72.8293,-54.129],[-72.8667,-54.1381],[-72.8652,-54.1249],[-72.8905,-54.1382],[-72.9012,-54.1278],[-72.9647,-54.1239],[-72.8798,-54.1152],[-72.927,-54.1083],[-72.8689,-54.0906],[-72.902,-54.0839],[-72.913,-54.1024],[-72.9431,-54.1034],[-72.937,-54.0934],[-72.9573,-54.1008],[-72.9367,-54.0872],[-72.9877,-54.098],[-72.9893,-54.1078],[-73.0153,-54.103],[-73.0081,-54.0964],[-73.0179,-54.0884],[-73.0386,-54.1059],[-73.0792,-54.0886],[-73.0358,-54.0793],[-73.0394,-54.07],[-73.0047,-54.0772],[-72.936,-54.0656],[-72.83,-54.0786],[-72.7867,-54.093],[-72.7896,-54.1042],[-72.7758,-54.0943],[-72.7985,-54.0855],[-72.7859,-54.0787],[-72.9032,-54.0627],[-72.9076,-54.0523],[-72.9602,-54.056],[-72.9519,-54.0457],[-72.9779,-54.0423],[-72.9805,-54.0294],[-72.8218,-54.0583],[-72.8668,-54.0397],[-72.8314,-54.0351],[-72.7581,-54.0631],[-72.7823,-54.0487],[-72.7548,-54.036],[-72.8152,-54.0312],[-72.7898,-54.0189],[-72.8665,-54.0203],[-72.8603,-54.0084],[-72.828,-54.0154],[-72.7901,-54.004],[-72.8309,-54.0027],[-72.7883,-53.9929],[-72.8496,-53.9934],[-72.8775,-53.9737],[-72.8081,-53.9543],[-72.6944,-53.9828],[-72.7647,-53.9577],[-72.7661,-53.9402],[-72.7712,-53.9528],[-72.8059,-53.9427],[-72.7175,-53.8902],[-72.6888,-53.8958],[-72.6659,-53.8819],[-72.6576,-53.8931],[-72.6534,-53.8735],[-72.6733,-53.8649],[-72.6886,-53.8829],[-72.7065,-53.857],[-72.7048,-53.878],[-72.7961,-53.9171],[-72.7972,-53.8879],[-72.7598,-53.8783],[-72.7848,-53.8717],[-72.7197,-53.8473],[-72.757,-53.8547],[-72.7545,-53.8346],[-72.799,-53.8735],[-72.8395,-53.8855],[-72.8432,-53.8949],[-72.8218,-53.9015],[-72.8035,-53.896],[-72.804,-53.925],[-72.8157,-53.9345],[-72.8857,-53.9593],[-72.9083,-53.9606],[-72.8984,-53.9555],[-72.9273,-53.9443],[-72.9125,-53.9391],[-72.9167,-53.9307],[-72.865,-53.9303],[-72.8994,-53.9189],[-72.8653,-53.8894],[-72.8466,-53.8885],[-72.8515,-53.8684],[-72.8133,-53.8206],[-72.7913,-53.8201],[-72.8062,-53.8149],[-72.7352,-53.7581],[-72.7639,-53.7654],[-72.7864,-53.7975],[-72.8059,-53.8045],[-72.8347,-53.7613],[-72.8349,-53.7765],[-72.8551,-53.787],[-72.8342,-53.7875],[-72.8437,-53.7897],[-72.834,-53.7985],[-72.8475,-53.7966],[-72.8339,-53.8069],[-72.8935,-53.8105],[-72.8392,-53.8153],[-72.8589,-53.828],[-72.8459,-53.8363],[-72.8557,-53.8549],[-72.9092,-53.8991],[-72.9208,-53.9012],[-72.9187,-53.89],[-72.9442,-53.9052],[-72.9656,-53.9004],[-72.9488,-53.8978],[-72.9704,-53.8937],[-72.9483,-53.8828],[-72.9451,-53.8668],[-73.0243,-53.9127],[-73.0475,-53.9056],[-73.0458,-53.8811],[-73.0477,-53.8813]]],[[[-72.6176,-53.688],[-72.6174,-53.6994],[-72.6214,-53.6892],[-72.6176,-53.688]]],[[[-72.6566,-53.5836],[-72.6683,-53.579],[-72.6588,-53.5792],[-72.6566,-53.5836]]],[[[-72.6822775,-53.5214776],[-72.6797261,-53.5180044],[-72.6778925,-53.5202006],[-72.6722937,-53.5194701],[-72.667651,-53.5215648],[-72.680302,-53.5251852],[-72.6840591,-53.521562],[-72.6822775,-53.5214776]]],[[[-72.7595,-53.5016],[-72.7769,-53.5008],[-72.767,-53.4919],[-72.7523,-53.4961],[-72.7595,-53.5016]]],[[[-72.4857,-53.328],[-72.4978,-53.3362],[-72.523,-53.318],[-72.5099,-53.3062],[-72.4827,-53.3217],[-72.4857,-53.328]]],[[[-72.7204,-53.1453],[-72.7106,-53.1532],[-72.7227,-53.146],[-72.7204,-53.1453]]],[[[-72.5134,-52.8256],[-72.5314,-52.8362],[-72.5156,-52.8256],[-72.5134,-52.8256]]],[[[-72.5317,-52.7849],[-72.5189,-52.7768],[-72.5022,-52.7863],[-72.5135,-52.804],[-72.535,-52.7842],[-72.5317,-52.7849]]],[[[-72.5222,-52.772],[-72.5531,-52.7761],[-72.5195,-52.7686],[-72.5222,-52.772]]],[[[-72.5059,-52.7671],[-72.4815,-52.7722],[-72.4919,-52.7783],[-72.5059,-52.7671]]],[[[-72.5652,-52.7677],[-72.5806,-52.7617],[-72.5716,-52.7562],[-72.5774,-52.74],[-72.5533,-52.7325],[-72.5481,-52.7454],[-72.53,-52.7467],[-72.5601,-52.7667],[-72.5652,-52.7677]]],[[[-72.6236975,-52.7341154],[-72.6249239,-52.7324826],[-72.6233137,-52.7313252],[-72.6130321,-52.7282987],[-72.6075333,-52.7309099],[-72.6085865,-52.7330576],[-72.6071146,-52.7339659],[-72.6144382,-52.7363119],[-72.6196013,-52.7350834],[-72.6171717,-52.737561],[-72.6219456,-52.739389],[-72.6299527,-52.7386948],[-72.6294431,-52.7359425],[-72.6236975,-52.7341154]]],[[[-72.6039,-52.7272],[-72.5935,-52.7263],[-72.6039,-52.7295],[-72.6039,-52.7272]]],[[[-72.6172719,-52.6390794],[-72.61709,-52.6370745],[-72.608006,-52.6426722],[-72.6054311,-52.6406678],[-72.6003087,-52.6423438],[-72.5963107,-52.6462394],[-72.5976495,-52.6475772],[-72.6074176,-52.6456945],[-72.6172719,-52.6390794]]],[[[-72.6384,-52.6349],[-72.6554,-52.6367],[-72.6676,-52.6134],[-72.66,-52.6076],[-72.5855,-52.6292],[-72.6294,-52.6357],[-72.6384,-52.6349]]],[[[-72.6695,-52.5761],[-72.6412,-52.5709],[-72.6222,-52.584],[-72.6659,-52.5909],[-72.6748,-52.5781],[-72.6695,-52.5761]]],[[[-72.6844,-52.5757],[-72.7048,-52.5847],[-72.6865,-52.5752],[-72.6844,-52.5757]]],[[[-72.7094,-52.5742],[-72.6753,-52.5677],[-72.7081,-52.578],[-72.7094,-52.5742]]],[[[-72.722,-51.9073],[-72.7304,-51.8824],[-72.7075,-51.8804],[-72.7177,-51.9019],[-72.722,-51.9073]]],[[[-72.7419,-51.8375],[-72.725,-51.836],[-72.7407,-51.8392],[-72.7419,-51.8375]]],[[[-72.6663,-51.6578],[-72.6628,-51.6693],[-72.6689,-51.6574],[-72.6663,-51.6578]]],[[[-72.4192,-54.4537],[-72.4051,-54.443],[-72.4319,-54.4443],[-72.383,-54.4315],[-72.377,-54.4617],[-72.4247,-54.4552],[-72.4192,-54.4537]]],[[[-72.4164274,-54.4297132],[-72.409822,-54.4306076],[-72.428917,-54.4396485],[-72.4301777,-54.4377448],[-72.4292755,-54.4320696],[-72.4164274,-54.4297132]]],[[[-72.2516,-54.4105],[-72.2492,-54.4203],[-72.2773,-54.4324],[-72.2423,-54.4281],[-72.226,-54.4356],[-72.219,-54.457],[-72.261,-54.4667],[-72.255,-54.4567],[-72.2659,-54.4462],[-72.3043,-54.4339],[-72.3059,-54.4474],[-72.2845,-54.4621],[-72.3039,-54.4755],[-72.3437,-54.4519],[-72.3378,-54.4435],[-72.3662,-54.4175],[-72.3564,-54.4019],[-72.314,-54.3919],[-72.285,-54.4021],[-72.2952,-54.4148],[-72.2555,-54.4086],[-72.2516,-54.4105]]],[[[-72.3986,-54.4254],[-72.4073,-54.4201],[-72.3957,-54.4154],[-72.3834,-54.4304],[-72.3979,-54.4282],[-72.3986,-54.4254]]],[[[-72.4227,-54.4193],[-72.4319,-54.4128],[-72.4092,-54.4031],[-72.3997,-54.4141],[-72.4227,-54.4193]]],[[[-72.2745,-54.3951],[-72.2887,-54.3874],[-72.269,-54.3751],[-72.2758,-54.3925],[-72.2745,-54.3951]]],[[[-72.3239,-54.3396],[-72.2953,-54.3361],[-72.2873,-54.3471],[-72.3292,-54.3753],[-72.3561,-54.3442],[-72.3757,-54.3526],[-72.3397,-54.3749],[-72.3545,-54.3827],[-72.3914,-54.3844],[-72.3861,-54.3778],[-72.4071,-54.361],[-72.4157,-54.3744],[-72.4464,-54.3682],[-72.429,-54.3843],[-72.4733,-54.3763],[-72.446,-54.3899],[-72.4561,-54.3931],[-72.4215,-54.3973],[-72.4613,-54.4136],[-72.4484,-54.4376],[-72.4596,-54.4434],[-72.5011,-54.4213],[-72.4761,-54.4033],[-72.5345,-54.3887],[-72.5377,-54.3685],[-72.5276,-54.3644],[-72.5429,-54.3457],[-72.4934,-54.3686],[-72.5102,-54.3478],[-72.5013,-54.3423],[-72.4058,-54.3445],[-72.4253,-54.3384],[-72.4123,-54.334],[-72.4258,-54.3315],[-72.4214,-54.3194],[-72.3661,-54.3265],[-72.3909,-54.3321],[-72.3607,-54.3406],[-72.3259,-54.3376],[-72.3239,-54.3396]]],[[[-72.2938,-54.3747],[-72.2676,-54.3599],[-72.2591,-54.3645],[-72.289,-54.3743],[-72.2938,-54.3747]]],[[[-72.2701507,-54.3508618],[-72.2721571,-54.3499393],[-72.270646,-54.3477954],[-72.271863,-54.3470863],[-72.2687095,-54.3457355],[-72.2623345,-54.3474087],[-72.2593492,-54.3506999],[-72.265665,-54.35458],[-72.2712015,-54.3537162],[-72.2721839,-54.3515411],[-72.2701507,-54.3508618]]],[[[-72.2308,-54.3098],[-72.25,-54.3144],[-72.2361,-54.3086],[-72.2308,-54.3098]]],[[[-72.2532,-54.3299],[-72.2998,-54.3324],[-72.3517,-54.3088],[-72.3337,-54.2956],[-72.3435,-54.2905],[-72.2857,-54.2874],[-72.2529,-54.3017],[-72.2761,-54.3143],[-72.2558,-54.327],[-72.2532,-54.3299]]],[[[-72.2377362,-54.2860735],[-72.2344615,-54.2834734],[-72.2265008,-54.282709],[-72.2228654,-54.2850777],[-72.2251459,-54.2861143],[-72.2247366,-54.2884511],[-72.2281651,-54.2897778],[-72.2377362,-54.2860735]]],[[[-72.2298,-54.2741],[-72.2431,-54.2823],[-72.2333,-54.2734],[-72.2298,-54.2741]]],[[[-72.2505,-54.2831],[-72.259,-54.2752],[-72.2504,-54.2725],[-72.2481,-54.2829],[-72.2505,-54.2831]]],[[[-72.425,-54.2804],[-72.4387,-54.2832],[-72.4244,-54.277],[-72.425,-54.2804]]],[[[-72.3825,-54.2735],[-72.4152,-54.2689],[-72.3954,-54.2581],[-72.3535,-54.2714],[-72.373,-54.2906],[-72.392,-54.2924],[-72.3875,-54.2755],[-72.3825,-54.2735]]],[[[-72.2681759,-54.2511273],[-72.2665316,-54.2510914],[-72.2667382,-54.2544443],[-72.2687225,-54.2555013],[-72.2641525,-54.2570296],[-72.2651936,-54.2617432],[-72.2673469,-54.2626293],[-72.2715807,-54.2610136],[-72.2724821,-54.2639579],[-72.2783686,-54.2635349],[-72.2781744,-54.2611102],[-72.2723996,-54.2545232],[-72.2738143,-54.2528071],[-72.272402,-54.2504078],[-72.274918,-54.2474771],[-72.2700299,-54.244864],[-72.2741281,-54.2431842],[-72.2717052,-54.2412048],[-72.266496,-54.241277],[-72.2635532,-54.2419913],[-72.2632764,-54.2443056],[-72.2672664,-54.2475913],[-72.2681759,-54.2511273]]],[[[-72.304038,-54.2278734],[-72.3052547,-54.2238685],[-72.2912152,-54.2171529],[-72.284692,-54.2162029],[-72.2824802,-54.2177661],[-72.2894197,-54.2213824],[-72.2893636,-54.2226672],[-72.2848793,-54.222723],[-72.2885284,-54.2252422],[-72.2903857,-54.2243411],[-72.293462,-54.2261436],[-72.2939312,-54.2231507],[-72.2959364,-54.2226557],[-72.3012419,-54.2272808],[-72.304038,-54.2278734]]],[[[-72.233,-54.2299],[-72.2491,-54.2281],[-72.248,-54.2122],[-72.2312,-54.2131],[-72.2284,-54.228],[-72.233,-54.2299]]],[[[-72.2503,-54.1845],[-72.2604,-54.1787],[-72.2449,-54.1806],[-72.2503,-54.1845]]],[[[-72.4395,-54.1753],[-72.3999,-54.1779],[-72.4399,-54.1783],[-72.4395,-54.1753]]],[[[-72.2884,-54.0892],[-72.282,-54.0966],[-72.2752,-54.0835],[-72.2457,-54.1049],[-72.2759,-54.1092],[-72.2775,-54.1215],[-72.2642,-54.1163],[-72.2627,-54.1277],[-72.2448,-54.1129],[-72.2061,-54.1464],[-72.2253,-54.1392],[-72.2281,-54.155],[-72.2396,-54.1405],[-72.2329,-54.1336],[-72.2546,-54.1418],[-72.2573,-54.1331],[-72.2989,-54.1478],[-72.2608,-54.1584],[-72.2626,-54.1873],[-72.2739,-54.1904],[-72.2606,-54.1991],[-72.2921,-54.2103],[-72.3261,-54.1987],[-72.3372,-54.206],[-72.3027,-54.2341],[-72.3287,-54.2555],[-72.3201,-54.2631],[-72.3469,-54.2627],[-72.3551,-54.2426],[-72.3892,-54.2544],[-72.4027,-54.2432],[-72.3855,-54.2402],[-72.3985,-54.2343],[-72.3846,-54.2255],[-72.4077,-54.2204],[-72.3991,-54.2308],[-72.4188,-54.2489],[-72.3991,-54.256],[-72.427,-54.2604],[-72.4437,-54.282],[-72.4753,-54.2622],[-72.5188,-54.2559],[-72.5081,-54.2571],[-72.5213,-54.2486],[-72.5045,-54.2478],[-72.5119,-54.2442],[-72.4987,-54.2333],[-72.4586,-54.2403],[-72.5129,-54.2227],[-72.5112,-54.2064],[-72.4984,-54.1935],[-72.4021,-54.186],[-72.3924,-54.169],[-72.3467,-54.1496],[-72.4294,-54.1554],[-72.4149,-54.1353],[-72.4252,-54.1277],[-72.3753,-54.1255],[-72.3757,-54.1077],[-72.3497,-54.1135],[-72.3338,-54.1039],[-72.3055,-54.1179],[-72.2946,-54.1099],[-72.295,-54.0963],[-72.3126,-54.112],[-72.3472,-54.0939],[-72.3932,-54.1107],[-72.4298,-54.0962],[-72.3769,-54.0878],[-72.3257,-54.0563],[-72.2937,-54.0787],[-72.2978,-54.0897],[-72.2884,-54.0892]]],[[[-72.2425,-54.1602],[-72.2447,-54.1493],[-72.24,-54.1576],[-72.2425,-54.1602]]],[[[-72.4757564,-54.0874944],[-72.4775763,-54.0910188],[-72.4839366,-54.0904655],[-72.4876974,-54.0840685],[-72.4812301,-54.083669],[-72.4805409,-54.0861321],[-72.4757564,-54.0874944]]],[[[-72.2681,-54.0581],[-72.2596,-54.0597],[-72.271,-54.0627],[-72.2681,-54.0581]]],[[[-72.3461,-54.0521],[-72.3246,-54.0491],[-72.3432,-54.0551],[-72.3461,-54.0521]]],[[[-72.2788,-54.0523],[-72.2609,-54.0352],[-72.2704,-54.0526],[-72.2788,-54.0523]]],[[[-72.2843064,-54.0459021],[-72.2910877,-54.0436533],[-72.2915257,-54.0418954],[-72.276356,-54.0365434],[-72.274862,-54.0380423],[-72.2783508,-54.0397737],[-72.2813058,-54.0453957],[-72.2843064,-54.0459021]]],[[[-72.2685,-54.03],[-72.2577,-54.024],[-72.2652,-54.0316],[-72.2685,-54.03]]],[[[-72.2758,-54.0125],[-72.2733,-54.0309],[-72.2929,-54.028],[-72.2772,-54.0109],[-72.2879,-54.0149],[-72.286,-54.005],[-72.2719,-54.007],[-72.2758,-54.0125]]],[[[-72.2549,-54.024],[-72.2439,-54.0043],[-72.2346,-54.0044],[-72.2476,-54.0224],[-72.2549,-54.024]]],[[[-72.3399,-54.0105],[-72.3246,-54.0099],[-72.3293,-54.0215],[-72.3376,-54.0139],[-72.3399,-54.0105]]],[[[-72.3023,-54.0037],[-72.2876,-54.0042],[-72.2968,-54.0158],[-72.3022,-54.0053],[-72.3023,-54.0037]]],[[[-72.355,-53.9856],[-72.3719,-53.9877],[-72.3553,-53.9842],[-72.355,-53.9856]]],[[[-72.3162,-53.9769],[-72.2999,-53.9564],[-72.3042,-53.9944],[-72.3251,-53.9988],[-72.3196,-53.9743],[-72.3162,-53.9769]]],[[[-72.211,-53.8961],[-72.2202,-53.9033],[-72.231,-53.8984],[-72.2199,-53.8933],[-72.211,-53.8961]]],[[[-72.2506743,-53.893487],[-72.2562255,-53.8903764],[-72.2484699,-53.887894],[-72.2435146,-53.8887019],[-72.2347075,-53.8964071],[-72.240729,-53.8988168],[-72.2489647,-53.8974378],[-72.2453289,-53.8943202],[-72.2472589,-53.8929982],[-72.2506743,-53.893487]]],[[[-72.3299,-53.8941],[-72.335,-53.8872],[-72.3226,-53.8905],[-72.3299,-53.8941]]],[[[-72.2277293,-53.8635157],[-72.2289943,-53.8619881],[-72.2248443,-53.8614358],[-72.2174346,-53.8620773],[-72.217287,-53.863356],[-72.2367085,-53.8716056],[-72.2403424,-53.8681026],[-72.2446305,-53.8685881],[-72.25303,-53.8640843],[-72.2277293,-53.8635157]]],[[[-72.2231,-53.6617],[-72.2086,-53.6565],[-72.2171,-53.6644],[-72.2231,-53.6617]]],[[[-72.3096,-53.6196],[-72.2688,-53.6244],[-72.2504,-53.6545],[-72.2856,-53.6742],[-72.366,-53.653],[-72.4087,-53.6183],[-72.41,-53.5997],[-72.429,-53.5839],[-72.4243,-53.5611],[-72.3962,-53.5674],[-72.4105,-53.578],[-72.3845,-53.5703],[-72.2983,-53.6038],[-72.3045,-53.6166],[-72.3096,-53.6196]]],[[[-72.4776,-53.2131],[-72.4936,-53.2038],[-72.4656,-53.2022],[-72.4599,-53.2181],[-72.4742,-53.2126],[-72.4776,-53.2131]]],[[[-72.2345,-53.1329],[-72.219,-53.143],[-72.2359,-53.1339],[-72.2345,-53.1329]]],[[[-72.2253626,-53.1290521],[-72.2240961,-53.1307016],[-72.2250257,-53.1319045],[-72.2332412,-53.1312239],[-72.2351367,-53.1296451],[-72.2339934,-53.1277078],[-72.2314478,-53.1287953],[-72.2331972,-53.1245417],[-72.2270705,-53.1227773],[-72.2229165,-53.127926],[-72.2253626,-53.1290521]]],[[[-72.3436,-53.0924],[-72.362,-53.0921],[-72.346,-53.09],[-72.3436,-53.0924]]],[[[-71.4289,-52.7444],[-71.3975,-52.7811],[-71.4029,-52.8012],[-71.3886,-52.7966],[-71.4098,-52.8334],[-71.4839,-52.836],[-71.5511,-52.8654],[-71.5722,-52.8887],[-71.6034,-52.888],[-71.6717,-52.9145],[-71.7202,-52.9433],[-71.8424,-52.9831],[-71.8597,-53.0025],[-71.9087,-53.0031],[-71.9444,-53.0614],[-71.9617,-53.0573],[-71.9593,-53.077],[-71.9784,-53.0783],[-71.9781,-53.0976],[-72.0062,-53.1127],[-72.023,-53.1084],[-72.0044,-53.1193],[-72.0348,-53.137],[-72.1311,-53.1452],[-72.2172,-53.0717],[-72.2476,-53.0571],[-72.2784,-53.0648],[-72.316,-53.0415],[-72.3575,-53.0386],[-72.2455,-53.0858],[-72.2365,-53.0989],[-72.2728,-53.0863],[-72.2896,-53.0941],[-72.2324,-53.1073],[-72.2355,-53.1259],[-72.2557,-53.107],[-72.2918,-53.1035],[-72.2912,-53.0856],[-72.3565,-53.064],[-72.3618,-53.0721],[-72.402,-53.0411],[-72.4072,-53.0503],[-72.3929,-53.0576],[-72.4176,-53.0698],[-72.4841,-53.0688],[-72.4688,-53.0773],[-72.4993,-53.0687],[-72.5597,-53.0846],[-72.6036,-53.0739],[-72.5649,-53.0917],[-72.4984,-53.0743],[-72.4427,-53.0934],[-72.3896,-53.0838],[-72.3273,-53.1194],[-72.3504,-53.1349],[-72.3206,-53.135],[-72.2707,-53.1594],[-72.2617,-53.1519],[-72.2705,-53.1472],[-72.258,-53.148],[-72.2738,-53.1402],[-72.2455,-53.1451],[-72.2377,-53.1505],[-72.2577,-53.1498],[-72.2545,-53.1581],[-72.2222,-53.1711],[-72.2041,-53.196],[-72.2772,-53.2148],[-72.2944,-53.1964],[-72.3334,-53.2039],[-72.3707,-53.1822],[-72.4041,-53.2028],[-72.3541,-53.1995],[-72.3183,-53.2239],[-72.3589,-53.2406],[-72.4272,-53.2287],[-72.4221,-53.2138],[-72.443,-53.192],[-72.4874,-53.2012],[-72.5217,-53.1893],[-72.5103,-53.1979],[-72.519,-53.2019],[-72.4476,-53.2319],[-72.4577,-53.2393],[-72.5408,-53.2188],[-72.5429,-53.2076],[-72.5277,-53.1994],[-72.5387,-53.1994],[-72.5445,-53.1802],[-72.5541,-53.1811],[-72.5367,-53.189],[-72.5453,-53.2015],[-72.6183,-53.1954],[-72.5656,-53.2076],[-72.5537,-53.2281],[-72.5247,-53.2402],[-72.4629,-53.2541],[-72.4396,-53.2474],[-72.4209,-53.2594],[-72.4608,-53.2781],[-72.4466,-53.2847],[-72.4828,-53.3093],[-72.5033,-53.3044],[-72.5343,-53.2673],[-72.5577,-53.2723],[-72.5347,-53.2719],[-72.5382,-53.2876],[-72.5214,-53.3011],[-72.5356,-53.3216],[-72.5071,-53.3508],[-72.5408,-53.3772],[-72.6096,-53.3802],[-72.6441,-53.3453],[-72.6756,-53.3459],[-72.622,-53.3838],[-72.6298,-53.3895],[-72.5809,-53.4007],[-72.6161,-53.4379],[-72.5888,-53.4293],[-72.556,-53.3943],[-72.52,-53.4023],[-72.4774,-53.4447],[-72.476,-53.4632],[-72.3865,-53.5251],[-72.3904,-53.535],[-72.4987,-53.5278],[-72.5568,-53.5388],[-72.5341,-53.4988],[-72.5766,-53.52],[-72.5938,-53.5107],[-72.5774,-53.5072],[-72.5845,-53.4965],[-72.6523,-53.4859],[-72.6034,-53.4642],[-72.6564,-53.4801],[-72.6782,-53.4748],[-72.6658,-53.4662],[-72.676,-53.4627],[-72.7249,-53.4594],[-72.764,-53.4248],[-72.7619,-53.398],[-72.7835,-53.4031],[-72.7807,-53.4345],[-72.7903,-53.4368],[-72.816,-53.4211],[-72.8143,-53.3991],[-72.7963,-53.3953],[-72.813,-53.3841],[-72.8024,-53.3757],[-72.8176,-53.3806],[-72.8165,-53.3969],[-72.9076,-53.3842],[-72.9139,-53.3761],[-72.8776,-53.3678],[-72.8771,-53.3536],[-72.9355,-53.3646],[-72.9793,-53.3342],[-72.9739,-53.3219],[-72.9967,-53.3227],[-72.9993,-53.3058],[-73.02,-53.3103],[-73.0481,-53.2825],[-73.0442,-53.3089],[-73.0663,-53.2874],[-73.0797,-53.2945],[-73.1712,-53.2675],[-73.1769,-53.2581],[-73.1612,-53.2379],[-73.1945,-53.2557],[-73.2597,-53.2089],[-73.2173,-53.2284],[-73.2004,-53.2245],[-73.2058,-53.2182],[-73.2514,-53.2062],[-73.2497,-53.1885],[-73.2731,-53.1911],[-73.3124,-53.1619],[-73.2738,-53.1593],[-73.2475,-53.1737],[-73.2603,-53.1807],[-73.2179,-53.1881],[-73.1619,-53.1829],[-73.1363,-53.193],[-73.1568,-53.1971],[-73.1267,-53.1968],[-73.1221,-53.211],[-73.1172,-53.1916],[-73.0879,-53.1757],[-73.0414,-53.1752],[-73.0228,-53.1987],[-73.0258,-53.1731],[-73.0121,-53.1705],[-72.9663,-53.1869],[-72.9699,-53.202],[-72.9578,-53.1855],[-72.9654,-53.1743],[-72.9382,-53.1731],[-72.9049,-53.1895],[-72.9245,-53.2116],[-72.8846,-53.1975],[-72.851,-53.2101],[-72.8493,-53.2267],[-72.8267,-53.2153],[-72.7524,-53.2434],[-72.7525,-53.262],[-72.7722,-53.2592],[-72.7564,-53.2656],[-72.7621,-53.2905],[-72.7496,-53.2964],[-72.7647,-53.3138],[-72.7455,-53.3105],[-72.7374,-53.2952],[-72.7192,-53.301],[-72.7379,-53.2807],[-72.7357,-53.2634],[-72.6825,-53.2601],[-72.8537,-53.19],[-72.8164,-53.1936],[-72.8274,-53.1863],[-72.8108,-53.1814],[-72.7188,-53.2076],[-72.7533,-53.1879],[-72.7361,-53.187],[-72.7476,-53.1649],[-72.8047,-53.1644],[-72.7737,-53.1579],[-72.7869,-53.1477],[-72.7041,-53.1698],[-72.7171,-53.1554],[-72.6813,-53.1539],[-72.6602,-53.1664],[-72.6605,-53.1556],[-72.6773,-53.1429],[-72.7139,-53.1453],[-72.7326,-53.11],[-72.7386,-53.1383],[-72.7856,-53.1365],[-72.7937,-53.1176],[-72.7998,-53.1324],[-72.8457,-53.1574],[-72.9208,-53.1308],[-72.9465,-53.1121],[-72.9414,-53.1055],[-72.9586,-53.1162],[-72.9724,-53.1099],[-72.9613,-53.0981],[-72.93,-53.1059],[-72.926,-53.0917],[-72.8807,-53.0686],[-72.8842,-53.0551],[-72.8492,-53.0361],[-72.865,-53.0304],[-72.9021,-53.0567],[-72.9029,-53.047],[-72.9191,-53.0522],[-72.9262,-53.0284],[-72.9458,-53.0165],[-72.9147,-53.0038],[-72.9439,-52.9637],[-72.9388,-52.9542],[-72.963,-52.9394],[-72.9207,-52.9184],[-72.9012,-52.9212],[-73.0102,-52.8569],[-72.9491,-52.8374],[-72.907,-52.8449],[-72.7896,-52.7856],[-72.8199,-52.8214],[-72.8013,-52.8248],[-72.7841,-52.8025],[-72.7394,-52.7827],[-72.6952,-52.725],[-72.6523,-52.7373],[-72.6509,-52.7585],[-72.6277,-52.7483],[-72.6017,-52.771],[-72.6117,-52.807],[-72.7153,-52.868],[-72.7168,-52.9031],[-72.6947,-52.9071],[-72.6799,-52.8645],[-72.5763,-52.8037],[-72.5343,-52.8012],[-72.5228,-52.8136],[-72.548,-52.8242],[-72.5493,-52.8156],[-72.5767,-52.8378],[-72.5467,-52.8368],[-72.5891,-52.8624],[-72.4808,-52.8258],[-72.4637,-52.833],[-72.4696,-52.8415],[-72.4449,-52.8853],[-72.4232,-52.8817],[-72.4427,-52.86],[-72.4321,-52.8205],[-72.386,-52.8004],[-72.3763,-52.7832],[-72.2982,-52.759],[-72.2533,-52.7131],[-72.2034,-52.7041],[-72.1896,-52.6845],[-72.1936,-52.6679],[-72.1733,-52.6719],[-72.165,-52.6483],[-72.1311,-52.6704],[-72.1184,-52.6604],[-72.1022,-52.6712],[-72.0899,-52.6564],[-72.0692,-52.6723],[-72.0555,-52.6683],[-72.0499,-52.6829],[-72.0046,-52.6698],[-71.9934,-52.6591],[-71.9995,-52.6464],[-71.9828,-52.6566],[-71.9679,-52.647],[-71.9504,-52.6762],[-71.9181,-52.6869],[-71.7757,-52.7031],[-71.6672,-52.6966],[-71.5476,-52.6555],[-71.477,-52.6463],[-71.4492,-52.6856],[-71.3961,-52.7218],[-71.4025,-52.7459],[-71.4261,-52.7398],[-71.4289,-52.7444]]],[[[-72.4792,-52.7968],[-72.4901,-52.7994],[-72.4906,-52.7846],[-72.4769,-52.7898],[-72.482,-52.7968],[-72.4792,-52.7968]]],[[[-72.4391,-52.7805],[-72.4613,-52.7905],[-72.4844,-52.7818],[-72.4915,-52.751],[-72.4579,-52.7309],[-72.4056,-52.7217],[-72.3705,-52.7344],[-72.3812,-52.763],[-72.4277,-52.7773],[-72.4391,-52.7805]]],[[[-72.4851688,-52.7253554],[-72.4791243,-52.7264528],[-72.4775068,-52.7285276],[-72.4858364,-52.7308857],[-72.4915195,-52.7273402],[-72.4889168,-52.7246709],[-72.4851688,-52.7253554]]],[[[-72.3429,-52.6849],[-72.3264,-52.6604],[-72.3157,-52.6615],[-72.3197,-52.6896],[-72.354,-52.6872],[-72.3429,-52.6849]]],[[[-72.2425,-52.6109],[-72.2729,-52.6136],[-72.2937,-52.5792],[-72.2807,-52.5761],[-72.2743,-52.5986],[-72.2413,-52.5826],[-72.2325,-52.5968],[-72.2425,-52.6109]]],[[[-72.2911,-52.5529],[-72.2807,-52.5727],[-72.2964,-52.5687],[-72.2922,-52.5564],[-72.2911,-52.5529]]],[[[-71.786,-54.7622],[-71.8473,-54.7493],[-71.8657,-54.7276],[-71.8557,-54.7154],[-71.8738,-54.7083],[-71.7999,-54.7347],[-71.78,-54.7476],[-71.7853,-54.7606],[-71.786,-54.7622]]],[[[-71.9184,-54.722],[-71.9212,-54.7333],[-71.9297,-54.721],[-71.9184,-54.722]]],[[[-71.8036,-54.6779],[-71.8156,-54.6997],[-71.834,-54.6921],[-71.8344,-54.6804],[-71.8042,-54.6769],[-71.8036,-54.6779]]],[[[-72.0483,-54.6655],[-72.0615,-54.6625],[-72.0597,-54.647],[-72.0882,-54.6532],[-72.0859,-54.6428],[-72.0591,-54.6158],[-72.0353,-54.6102],[-71.9701,-54.6426],[-71.9758,-54.6572],[-71.9665,-54.6458],[-71.9373,-54.6621],[-71.9422,-54.6957],[-71.9231,-54.6783],[-71.8977,-54.6993],[-71.9471,-54.7291],[-71.987,-54.7293],[-71.977,-54.7117],[-71.9537,-54.7121],[-71.9987,-54.7013],[-71.9557,-54.6798],[-71.9729,-54.6684],[-71.9607,-54.6826],[-71.9921,-54.6911],[-71.9843,-54.6753],[-72.0068,-54.6773],[-72.0081,-54.6944],[-72.0169,-54.69],[-72.0302,-54.7103],[-72.0229,-54.6803],[-72.0084,-54.677],[-72.0382,-54.6214],[-72.0467,-54.6351],[-72.0329,-54.6483],[-72.0493,-54.6684],[-72.0483,-54.6655]]],[[[-71.8778,-54.6525],[-71.8579,-54.6529],[-71.8782,-54.651],[-71.8778,-54.6525]]],[[[-72.0871,-54.6025],[-72.0815,-54.5844],[-72.0488,-54.6042],[-72.0841,-54.6029],[-72.0871,-54.6025]]],[[[-71.9886,-54.5867],[-71.9988,-54.5811],[-71.9925,-54.5666],[-72.0147,-54.5884],[-72.0642,-54.5595],[-72.0582,-54.5345],[-72.0316,-54.5237],[-72.0006,-54.5585],[-71.9418,-54.5819],[-71.9859,-54.586],[-71.9886,-54.5867]]],[[[-71.8226,-54.4788],[-71.8103,-54.489],[-71.8204,-54.4979],[-71.825,-54.4813],[-71.8226,-54.4788]]],[[[-72.1547,-54.4784],[-72.1396,-54.476],[-72.1402,-54.4875],[-72.155,-54.4796],[-72.1547,-54.4784]]],[[[-71.8225,-54.4782],[-71.8363,-54.4775],[-71.8259,-54.4745],[-71.8225,-54.4782]]],[[[-72.0041,-54.4822],[-72.0156,-54.4752],[-71.9998,-54.4695],[-71.9918,-54.4757],[-72.0037,-54.4803],[-72.0041,-54.4822]]],[[[-72.115,-54.469],[-72.1064,-54.4737],[-72.1285,-54.4764],[-72.144,-54.4576],[-72.1272,-54.4701],[-72.115,-54.469]]],[[[-72.1647277,-54.4673563],[-72.1630631,-54.4647113],[-72.160484,-54.4645271],[-72.1579809,-54.4661543],[-72.1540779,-54.4662402],[-72.1527387,-54.4647588],[-72.1470758,-54.4666948],[-72.1487521,-54.4686228],[-72.1576805,-54.4694707],[-72.1647277,-54.4673563]]],[[[-72.1545,-54.4588],[-72.1624,-54.453],[-72.147,-54.4546],[-72.1545,-54.4588]]],[[[-71.9341,-54.4399],[-71.9195,-54.4449],[-71.9324,-54.4387],[-71.9341,-54.4399]]],[[[-72.0617,-54.4509],[-72.0855,-54.4538],[-72.1178,-54.4308],[-72.0867,-54.411],[-72.062,-54.4521],[-72.0617,-54.4509]]],[[[-72.0231,-54.4279],[-72.0321,-54.426],[-72.016,-54.4111],[-72.0204,-54.4277],[-72.0231,-54.4279]]],[[[-72.0083,-54.4122],[-71.9943,-54.4155],[-72.0079,-54.4241],[-72.0058,-54.4138],[-72.0083,-54.4122]]],[[[-71.8287,-54.4113],[-71.8776,-54.4216],[-71.8455,-54.4098],[-71.8287,-54.4113]]],[[[-72.1794,-54.4121],[-72.1991,-54.4132],[-72.1778,-54.4069],[-72.1794,-54.4121]]],[[[-72.104,-54.3972],[-72.0857,-54.405],[-72.1348,-54.4106],[-72.1403,-54.4381],[-72.1779,-54.4197],[-72.1774,-54.407],[-72.1472,-54.3952],[-72.2042,-54.4082],[-72.2068,-54.3856],[-72.2145,-54.3938],[-72.2319,-54.3793],[-72.1871,-54.3681],[-72.1301,-54.3878],[-72.1213,-54.3651],[-72.1023,-54.3638],[-72.0781,-54.3742],[-72.1233,-54.3797],[-72.1015,-54.3961],[-72.104,-54.3972]]],[[[-71.901,-54.3823],[-71.9251,-54.3985],[-71.9775,-54.388],[-71.9004,-54.3804],[-71.901,-54.3823]]],[[[-71.9875,-54.3839],[-71.997,-54.3831],[-71.9825,-54.3608],[-71.9437,-54.3703],[-71.9706,-54.3765],[-71.9875,-54.3839]]],[[[-72.1819,-54.3156],[-72.1739,-54.3275],[-72.1956,-54.3336],[-72.1884,-54.3217],[-72.2096,-54.3192],[-72.1798,-54.3144],[-72.1819,-54.3156]]],[[[-72.0609,-54.3108],[-72.0545,-54.305],[-72.0577,-54.313],[-72.0609,-54.3108]]],[[[-72.0891,-54.315],[-72.0996,-54.2966],[-72.0915,-54.2897],[-72.0896,-54.317],[-72.0891,-54.315]]],[[[-72.1508,-54.3021],[-72.1608,-54.3014],[-72.1512,-54.2983],[-72.1508,-54.3021]]],[[[-72.0187,-54.3006],[-72.0275,-54.293],[-72.008,-54.2989],[-72.0187,-54.3006]]],[[[-72.0771,-54.284],[-72.0661,-54.3102],[-72.0831,-54.3102],[-72.0763,-54.283],[-72.0771,-54.284]]],[[[-72.1469,-54.2897],[-72.1382,-54.3035],[-72.1486,-54.2924],[-72.1469,-54.2897]]],[[[-72.0071,-54.2772],[-71.9973,-54.2875],[-72.0456,-54.2875],[-72.0623,-54.2821],[-72.064,-54.267],[-72.0895,-54.2648],[-72.0708,-54.2438],[-72.0076,-54.2418],[-71.9805,-54.248],[-72.0093,-54.2755],[-72.0071,-54.2772]]],[[[-72.1957,-54.2548],[-72.1768,-54.2569],[-72.1762,-54.2765],[-72.1733,-54.2638],[-72.1533,-54.2776],[-72.1644,-54.2901],[-72.1723,-54.2789],[-72.1772,-54.2856],[-72.1635,-54.3053],[-72.2158,-54.2928],[-72.2025,-54.2762],[-72.2174,-54.2581],[-72.2197,-54.2429],[-72.2095,-54.2403],[-72.2206,-54.238],[-72.2203,-54.2184],[-72.1833,-54.2177],[-72.1782,-54.2506],[-72.1976,-54.2521],[-72.1957,-54.2548]]],[[[-71.9716,-54.2456],[-71.9922,-54.2424],[-71.9768,-54.2419],[-71.9716,-54.2456]]],[[[-72.1576,-54.2317],[-72.1583,-54.2416],[-72.1564,-54.2316],[-72.1576,-54.2317]]],[[[-72.1656,-54.2358],[-72.1738,-54.2262],[-72.1631,-54.2341],[-72.1656,-54.2358]]],[[[-72.0378,-54.2267],[-72.0578,-54.232],[-72.0734,-54.219],[-72.0529,-54.22],[-72.0378,-54.2267]]],[[[-72.1967,-54.1692],[-72.2032,-54.1781],[-72.1993,-54.1692],[-72.1967,-54.1692]]],[[[-72.1295,-54.1544],[-72.1037,-54.1455],[-72.1063,-54.1554],[-72.1273,-54.1549],[-72.1295,-54.1544]]],[[[-71.8607,-54.1355],[-71.8674,-54.1267],[-71.8584,-54.1251],[-71.8561,-54.1363],[-71.8607,-54.1355]]],[[[-71.8787,-53.8812],[-71.8414,-53.8846],[-71.8315,-53.9157],[-71.8163,-53.9241],[-71.8562,-53.9364],[-71.8397,-53.9308],[-71.8206,-53.9476],[-71.8526,-53.9808],[-71.8253,-53.9868],[-71.8023,-53.9546],[-71.8194,-53.9384],[-71.7832,-53.9306],[-71.7897,-53.8859],[-71.7744,-53.8829],[-71.766,-53.9],[-71.7505,-53.9022],[-71.7612,-53.9264],[-71.7202,-53.8961],[-71.7215,-53.9065],[-71.6776,-53.9148],[-71.6815,-53.93],[-71.65,-53.9261],[-71.6666,-53.9623],[-71.6869,-53.9466],[-71.6808,-53.9615],[-71.6983,-53.9886],[-71.7951,-54.0091],[-71.6896,-54.0006],[-71.6934,-54.0549],[-71.7718,-54.0465],[-71.7035,-54.0634],[-71.7385,-54.0992],[-71.6622,-54.0588],[-71.6142,-54.0918],[-71.6561,-54.1184],[-71.666,-54.1097],[-71.6895,-54.1289],[-71.6903,-54.118],[-71.7141,-54.1529],[-71.7265,-54.1413],[-71.7284,-54.16],[-71.7539,-54.1703],[-71.7589,-54.158],[-71.7496,-54.1554],[-71.8077,-54.1441],[-71.829,-54.1037],[-71.8574,-54.1045],[-71.8492,-54.0737],[-71.8682,-54.091],[-71.8839,-54.0715],[-71.9179,-54.0597],[-71.9255,-54.0461],[-71.9113,-54.0119],[-71.9184,-54.0362],[-71.9519,-54.0443],[-71.9118,-54.0736],[-71.9278,-54.0698],[-71.9167,-54.085],[-71.9273,-54.0952],[-71.8801,-54.0996],[-71.8929,-54.1011],[-71.8837,-54.1156],[-71.919,-54.1309],[-71.8722,-54.1207],[-71.8773,-54.1283],[-71.854,-54.1393],[-71.8753,-54.1494],[-71.8364,-54.1463],[-71.8175,-54.1622],[-71.8292,-54.1674],[-71.777,-54.1879],[-71.7637,-54.2063],[-71.7899,-54.2028],[-71.784,-54.2122],[-71.7554,-54.2132],[-71.7294,-54.2398],[-71.7468,-54.2675],[-71.7807,-54.2652],[-71.7684,-54.2733],[-71.7893,-54.2771],[-71.8042,-54.268],[-71.7942,-54.2612],[-71.8517,-54.2499],[-71.8055,-54.2726],[-71.8271,-54.2658],[-71.8167,-54.2725],[-71.8441,-54.2852],[-71.8977,-54.29],[-71.8239,-54.2889],[-71.8274,-54.309],[-71.8676,-54.2996],[-71.8442,-54.3133],[-71.8481,-54.321],[-71.7924,-54.3335],[-71.8079,-54.3435],[-71.9112,-54.3389],[-71.8937,-54.3187],[-71.9057,-54.3156],[-71.9246,-54.3193],[-71.9307,-54.3378],[-71.9719,-54.3339],[-71.9314,-54.2878],[-71.9491,-54.2681],[-71.9386,-54.25],[-71.8755,-54.2378],[-71.8967,-54.224],[-71.8968,-54.2359],[-71.9237,-54.2286],[-71.9402,-54.2394],[-71.9498,-54.2319],[-71.9323,-54.2323],[-71.9581,-54.2192],[-71.9564,-54.2336],[-71.9796,-54.2357],[-72.0064,-54.223],[-71.9249,-54.2152],[-72.0213,-54.2144],[-71.9829,-54.2116],[-71.998,-54.2011],[-72.0429,-54.2116],[-72.1233,-54.1643],[-72.0941,-54.1482],[-72.0053,-54.1354],[-72.1029,-54.1398],[-72.0885,-54.1338],[-72.1117,-54.129],[-72.1331,-54.1396],[-72.1542,-54.1296],[-72.15,-54.1083],[-72.064,-54.1067],[-72.024,-54.0931],[-72.0644,-54.1021],[-72.1024,-54.0893],[-72.1236,-54.0357],[-72.1399,-54.0403],[-72.1239,-54.0626],[-72.1351,-54.0601],[-72.1496,-54.0836],[-72.1796,-54.0752],[-72.171,-54.092],[-72.1884,-54.1074],[-72.2449,-54.0854],[-72.2591,-54.0663],[-72.2398,-54.0165],[-72.1734,-53.9833],[-72.1836,-53.9686],[-72.1987,-53.9864],[-72.2575,-54.0057],[-72.2558,-53.9965],[-72.2686,-53.9976],[-72.2611,-53.9862],[-72.278,-53.9827],[-72.2669,-53.9791],[-72.2825,-53.9517],[-72.2825,-53.918],[-72.2216,-53.9111],[-72.1885,-53.9342],[-72.143,-53.9321],[-72.1252,-53.9391],[-72.1062,-53.9725],[-72.0554,-53.9906],[-72.1115,-53.9389],[-72.03,-53.9666],[-72.0689,-53.9481],[-72.0322,-53.9149],[-72.0395,-53.8978],[-72.0125,-53.8988],[-72.0187,-53.9198],[-71.985,-53.8875],[-71.9433,-53.9044],[-71.9867,-53.8633],[-71.9177,-53.844],[-71.9212,-53.8538],[-71.858,-53.8611],[-71.8786,-53.8801],[-71.8787,-53.8812]]],[[[-72.0839,-53.939],[-72.1056,-53.9238],[-72.0572,-53.9044],[-72.0485,-53.9141],[-72.0653,-53.9195],[-72.0733,-53.942],[-72.0839,-53.939]]],[[[-72.1744,-53.9261],[-72.1978,-53.9042],[-72.1664,-53.9144],[-72.173,-53.9252],[-72.1744,-53.9261]]],[[[-72.0488,-53.8878],[-72.0315,-53.8916],[-72.0488,-53.8933],[-72.0488,-53.8878]]],[[[-72.0548,-53.8797],[-72.0657,-53.888],[-72.0983,-53.8774],[-72.0711,-53.8959],[-72.1152,-53.9221],[-72.2176,-53.88],[-72.1762,-53.8573],[-72.1912,-53.8586],[-72.19,-53.8482],[-72.1077,-53.821],[-72.0469,-53.8307],[-72.0807,-53.876],[-72.0575,-53.8761],[-72.0548,-53.8797]]],[[[-72.0131,-53.8581],[-72.0419,-53.8656],[-72.0134,-53.8537],[-72.0131,-53.8581]]],[[[-72.1036,-53.7484],[-72.1261,-53.7508],[-72.1064,-53.7465],[-72.1036,-53.7484]]],[[[-72.0824,-53.736],[-72.0629,-53.758],[-72.0946,-53.755],[-72.107,-53.7306],[-72.0874,-53.7344],[-72.0824,-53.736]]],[[[-72.1404,-53.7235],[-72.1143,-53.74],[-72.1696,-53.7354],[-72.1704,-53.725],[-72.1457,-53.7218],[-72.1404,-53.7235]]],[[[-72.1965,-53.6974],[-72.1843,-53.7021],[-72.1972,-53.696],[-72.1965,-53.6974]]],[[[-72.0129,-53.5374],[-72.0008,-53.5326],[-72.0108,-53.5391],[-72.0129,-53.5374]]],[[[-71.8352,-53.1244],[-71.846,-53.1307],[-71.8549,-53.1112],[-71.8379,-53.1226],[-71.8352,-53.1244]]],[[[-71.8471,-53.0715],[-71.835,-53.0771],[-71.8425,-53.1047],[-71.8619,-53.103],[-71.8535,-53.0759],[-71.8471,-53.0715]]],[[[-72.1023038,-52.575298],[-72.1046301,-52.5774485],[-72.1064837,-52.5749839],[-72.1099274,-52.5741903],[-72.1101999,-52.5694387],[-72.1074335,-52.5683082],[-72.110274,-52.5664809],[-72.1091082,-52.5622365],[-72.1099763,-52.5569365],[-72.1040456,-52.55952],[-72.10269,-52.5629986],[-72.1023038,-52.575298]]],[[[-72.1104,-52.5499],[-72.1123,-52.5301],[-72.1015,-52.5403],[-72.1103,-52.5517],[-72.1104,-52.5499]]],[[[-71.2437,-55.039],[-71.2401,-55.03],[-71.2411,-55.0388],[-71.2437,-55.039]]],[[[-71.1358,-54.9943],[-71.1474,-55.0034],[-71.1323,-55.0191],[-71.1607,-55.022],[-71.1647,-54.9987],[-71.1759,-55.0159],[-71.19,-55.0154],[-71.1811,-54.9921],[-71.2036,-54.9879],[-71.1976,-54.9687],[-71.1638,-54.9653],[-71.1444,-54.9742],[-71.1572,-54.9773],[-71.1524,-54.9851],[-71.1148,-54.9822],[-71.135,-54.9958],[-71.1358,-54.9943]]],[[[-71.2071,-55.0103],[-71.2066,-55.0276],[-71.2247,-55.0256],[-71.2327,-55.0013],[-71.2488,-55.0214],[-71.2689,-55.0193],[-71.2809,-55.0125],[-71.2762,-55.0026],[-71.2549,-54.9981],[-71.288,-54.9929],[-71.2734,-54.977],[-71.2939,-54.9699],[-71.2467,-54.947],[-71.1929,-54.9482],[-71.193,-54.9604],[-71.2259,-54.9828],[-71.213,-55.0068],[-71.2071,-55.0103]]],[[[-71.3722951,-54.9613853],[-71.3685956,-54.955565],[-71.3636898,-54.9553973],[-71.3650521,-54.9570593],[-71.3626205,-54.9592769],[-71.3631981,-54.9636221],[-71.368196,-54.9643202],[-71.3697714,-54.9628441],[-71.3687998,-54.9620072],[-71.3722951,-54.9613853]]],[[[-71.4858,-54.9231],[-71.4616,-54.9188],[-71.4643,-54.934],[-71.4825,-54.9253],[-71.4858,-54.9231]]],[[[-71.4524,-54.9024],[-71.4649,-54.9124],[-71.4683,-54.9036],[-71.454,-54.9013],[-71.4524,-54.9024]]],[[[-71.3335,-54.8941],[-71.3145,-54.896],[-71.3032,-54.9097],[-71.3267,-54.8992],[-71.3335,-54.8941]]],[[[-71.24,-54.8396],[-71.1767,-54.8426],[-71.1817,-54.8302],[-71.2066,-54.8258],[-71.2022,-54.8177],[-71.1409,-54.8265],[-71.1467,-54.8675],[-71.1346,-54.8446],[-71.1191,-54.8422],[-71.0937,-54.8592],[-71.1047,-54.8782],[-71.0724,-54.8707],[-71.058,-54.8835],[-71.0242,-54.8678],[-71.0237,-54.8563],[-70.9989,-54.8577],[-70.9757,-54.8827],[-70.9543,-54.883],[-70.9562,-54.898],[-70.9421,-54.9076],[-70.9848,-54.9185],[-71.006,-54.91],[-71.0095,-54.9231],[-70.9151,-54.9237],[-70.9587,-54.9371],[-71.0432,-54.9226],[-71.0278,-54.9333],[-71.0394,-54.9539],[-71.0728,-54.9465],[-71.0706,-54.9588],[-71.0904,-54.9607],[-71.1311,-54.9347],[-71.1163,-54.9256],[-71.1482,-54.9407],[-71.184,-54.931],[-71.143,-54.9073],[-71.0853,-54.9061],[-71.1426,-54.904],[-71.1501,-54.8936],[-71.1493,-54.9035],[-71.1724,-54.9085],[-71.2338,-54.9077],[-71.2117,-54.8697],[-71.1898,-54.8642],[-71.2421,-54.8635],[-71.2739,-54.8873],[-71.3039,-54.8504],[-71.2958,-54.888],[-71.3446,-54.8863],[-71.3352,-54.9081],[-71.3123,-54.9115],[-71.3532,-54.9247],[-71.3317,-54.9373],[-71.3474,-54.9523],[-71.3889,-54.9414],[-71.3556,-54.8945],[-71.3828,-54.8967],[-71.3831,-54.8749],[-71.3837,-54.8997],[-71.4124,-54.936],[-71.4538,-54.9386],[-71.4239,-54.8907],[-71.4463,-54.8807],[-71.441,-54.8938],[-71.4528,-54.8948],[-71.4595,-54.8812],[-71.4845,-54.8781],[-71.4793,-54.8647],[-71.3964,-54.8485],[-71.435,-54.8397],[-71.4322,-54.821],[-71.3913,-54.8294],[-71.3939,-54.818],[-71.3683,-54.8149],[-71.2937,-54.8384],[-71.3279,-54.8179],[-71.3203,-54.813],[-71.258,-54.8298],[-71.2622,-54.8476],[-71.2406,-54.8372],[-71.24,-54.8396]]],[[[-71.2428,-54.8032],[-71.2139,-54.8107],[-71.2317,-54.817],[-71.2462,-54.8028],[-71.2428,-54.8032]]],[[[-71.3649,-54.7862],[-71.3555,-54.797],[-71.3698,-54.7903],[-71.3649,-54.7862]]],[[[-71.2693,-54.7518],[-71.2608,-54.7603],[-71.2866,-54.7565],[-71.2931,-54.7495],[-71.2793,-54.7482],[-71.2693,-54.7518]]],[[[-71.1746,-54.7252],[-71.1897,-54.722],[-71.1719,-54.714],[-71.1236,-54.7167],[-71.1565,-54.7421],[-71.1704,-54.7265],[-71.1746,-54.7252]]],[[[-71.2907,-54.7314],[-71.3006,-54.7186],[-71.203,-54.7132],[-71.2058,-54.7319],[-71.2424,-54.7401],[-71.2948,-54.7305],[-71.2907,-54.7314]]],[[[-71.5638,-54.742],[-71.5719,-54.7577],[-71.5984,-54.7664],[-71.6145,-54.7653],[-71.6065,-54.7536],[-71.6444,-54.7519],[-71.6347,-54.7317],[-71.6494,-54.7284],[-71.6413,-54.7212],[-71.6501,-54.7147],[-71.6166,-54.7098],[-71.643,-54.7028],[-71.6445,-54.6892],[-71.5449,-54.716],[-71.5523,-54.72],[-71.5411,-54.7331],[-71.5692,-54.7437],[-71.5638,-54.742]]],[[[-71.1114,-54.7097],[-71.0905,-54.7121],[-71.0874,-54.7239],[-71.1086,-54.7245],[-71.1156,-54.7105],[-71.1114,-54.7097]]],[[[-71.4613,-54.6995],[-71.4742,-54.7114],[-71.4645,-54.6985],[-71.4613,-54.6995]]],[[[-71.5303,-54.698],[-71.5112,-54.6951],[-71.51,-54.7095],[-71.5503,-54.7014],[-71.5271,-54.7006],[-71.5303,-54.698]]],[[[-71.7658,-54.7176],[-71.779,-54.72],[-71.7799,-54.7],[-71.8002,-54.6877],[-71.7742,-54.6805],[-71.735,-54.6923],[-71.7629,-54.7156],[-71.7658,-54.7176]]],[[[-71.2468,-54.6977],[-71.2609,-54.7003],[-71.253,-54.6948],[-71.2468,-54.6977]]],[[[-71.4289,-54.675],[-71.4218,-54.6816],[-71.4353,-54.6881],[-71.4438,-54.6805],[-71.4308,-54.6742],[-71.4289,-54.675]]],[[[-71.5651,-54.6627],[-71.5399,-54.6654],[-71.5249,-54.686],[-71.5764,-54.691],[-71.5956,-54.6823],[-71.5763,-54.6619],[-71.5651,-54.6627]]],[[[-71.7346,-54.6917],[-71.7368,-54.6766],[-71.77,-54.6824],[-71.7631,-54.6698],[-71.7806,-54.6546],[-71.7739,-54.6448],[-71.7299,-54.6456],[-71.6916,-54.6709],[-71.6894,-54.6857],[-71.7338,-54.6936],[-71.7346,-54.6917]]],[[[-71.3685816,-54.6691411],[-71.3764192,-54.6709322],[-71.3828046,-54.6696617],[-71.3843274,-54.6675721],[-71.387449,-54.6686907],[-71.3881802,-54.667238],[-71.387787,-54.6660361],[-71.3779816,-54.6656272],[-71.3743001,-54.66747],[-71.3726006,-54.6655616],[-71.3743086,-54.6634066],[-71.3659008,-54.6616309],[-71.3631718,-54.6622753],[-71.3664288,-54.6647805],[-71.3546296,-54.6636542],[-71.361924,-54.6665973],[-71.3543655,-54.6682231],[-71.357652,-54.6704684],[-71.3685816,-54.6691411]]],[[[-71.6025507,-54.6630442],[-71.5970093,-54.6638971],[-71.5895428,-54.6673294],[-71.5955276,-54.6683334],[-71.6082325,-54.66689],[-71.6076251,-54.6637977],[-71.6025507,-54.6630442]]],[[[-71.5366,-54.6512],[-71.5343,-54.6426],[-71.5301,-54.65],[-71.5366,-54.6512]]],[[[-71.6412,-54.6338],[-71.6282,-54.6232],[-71.6384,-54.6349],[-71.6412,-54.6338]]],[[[-71.7122,-54.6231],[-71.72,-54.6127],[-71.6987,-54.6119],[-71.7092,-54.6194],[-71.7122,-54.6231]]],[[[-71.6227142,-54.5244606],[-71.6137129,-54.5242693],[-71.6119346,-54.5269178],[-71.6204723,-54.5296778],[-71.631363,-54.5268499],[-71.6332733,-54.5250128],[-71.6300432,-54.5257706],[-71.6276424,-54.5228292],[-71.6227142,-54.5244606]]],[[[-71.7951,-54.5049],[-71.7767,-54.4925],[-71.7733,-54.5102],[-71.7905,-54.5133],[-71.7786,-54.5127],[-71.779,-54.526],[-71.7969,-54.5216],[-71.8014,-54.5031],[-71.7951,-54.5049]]],[[[-71.802,-54.5034],[-71.8015,-54.4923],[-71.7934,-54.4968],[-71.802,-54.5034]]],[[[-71.6362,-54.4503],[-71.622,-54.4574],[-71.6374,-54.4511],[-71.6362,-54.4503]]],[[[-71.6054,-54.4527],[-71.6593,-54.4259],[-71.6119,-54.4373],[-71.6008,-54.452],[-71.6054,-54.4527]]],[[[-71.5372,-54.4114],[-71.5599,-54.4044],[-71.5339,-54.4089],[-71.5372,-54.4114]]],[[[-71.6605,-54.4229],[-71.661,-54.4034],[-71.6738,-54.3962],[-71.6616,-54.3882],[-71.6072,-54.4234],[-71.6533,-54.4266],[-71.6605,-54.4229]]],[[[-71.4384,-54.4042],[-71.4573,-54.4054],[-71.4361,-54.4011],[-71.4384,-54.4042]]],[[[-71.5684,-54.4],[-71.5916,-54.3913],[-71.5656,-54.3995],[-71.5684,-54.4]]],[[[-71.4561,-54.4014],[-71.4725,-54.3986],[-71.4652,-54.392],[-71.4505,-54.3985],[-71.4561,-54.4014]]],[[[-71.508,-54.3896],[-71.5259,-54.3727],[-71.4971,-54.3783],[-71.5018,-54.3911],[-71.508,-54.3896]]],[[[-71.5851,-54.3686],[-71.5585,-54.3689],[-71.5366,-54.3858],[-71.6102,-54.3806],[-71.5858,-54.3728],[-71.5851,-54.3686]]],[[[-71.3073,-54.3758],[-71.2655,-54.3797],[-71.309,-54.3773],[-71.3073,-54.3758]]],[[[-71.4296181,-54.3697917],[-71.4354994,-54.3655427],[-71.432646,-54.3654018],[-71.4201815,-54.3687838],[-71.4183757,-54.3709812],[-71.4104321,-54.3705641],[-71.4115156,-54.3715443],[-71.4097575,-54.3735957],[-71.4190672,-54.3736083],[-71.4296181,-54.3697917]]],[[[-71.4345,-54.3714],[-71.466,-54.364],[-71.4335,-54.3681],[-71.4345,-54.3714]]],[[[-71.802,-54.3048],[-71.7895,-54.3134],[-71.8094,-54.3095],[-71.802,-54.3048]]],[[[-71.6486,-54.3146],[-71.6345,-54.306],[-71.6489,-54.3019],[-71.6337,-54.302],[-71.6058,-54.327],[-71.6448,-54.3156],[-71.6752,-54.3269],[-71.7364,-54.3194],[-71.7627,-54.2919],[-71.7485,-54.2824],[-71.6953,-54.272],[-71.6864,-54.2901],[-71.6605,-54.2864],[-71.6715,-54.2948],[-71.6492,-54.3112],[-71.6667,-54.3222],[-71.6486,-54.3146]]],[[[-71.6263,-54.2873],[-71.5881,-54.2931],[-71.5748,-54.3121],[-71.6237,-54.2886],[-71.6263,-54.2873]]],[[[-71.7966,-54.2856],[-71.7774,-54.282],[-71.7822,-54.2925],[-71.7977,-54.2899],[-71.7966,-54.2856]]],[[[-71.4012,-54.288],[-71.4289,-54.2819],[-71.4067,-54.2984],[-71.4192,-54.3055],[-71.3875,-54.3283],[-71.4628,-54.3381],[-71.5154,-54.3226],[-71.4996,-54.312],[-71.5088,-54.3042],[-71.4995,-54.2945],[-71.511,-54.2903],[-71.4983,-54.2565],[-71.5082,-54.2541],[-71.5057,-54.2285],[-71.4837,-54.2322],[-71.4834,-54.2629],[-71.4764,-54.2324],[-71.4296,-54.243],[-71.3958,-54.2625],[-71.3966,-54.2868],[-71.4012,-54.288]]],[[[-71.6537,-54.2561],[-71.6787,-54.2461],[-71.6709,-54.2399],[-71.652,-54.2535],[-71.6537,-54.2561]]],[[[-71.4783,-54.1941],[-71.4683,-54.1915],[-71.4767,-54.1964],[-71.4783,-54.1941]]],[[[-71.4218,-54.1406],[-71.4417,-54.1529],[-71.4669,-54.1356],[-71.5334,-54.1278],[-71.4549,-54.1584],[-71.4803,-54.192],[-71.5189,-54.184],[-71.5005,-54.1842],[-71.4955,-54.1981],[-71.5115,-54.1983],[-71.482,-54.2119],[-71.4871,-54.2274],[-71.5131,-54.2191],[-71.5139,-54.2635],[-71.5307,-54.2837],[-71.5531,-54.2698],[-71.5536,-54.2472],[-71.5812,-54.2627],[-71.6004,-54.2211],[-71.5878,-54.202],[-71.5231,-54.1851],[-71.6014,-54.194],[-71.5973,-54.2113],[-71.6141,-54.2278],[-71.5991,-54.2448],[-71.6223,-54.2484],[-71.6733,-54.2252],[-71.6903,-54.1593],[-71.7031,-54.1666],[-71.7057,-54.1522],[-71.6182,-54.1003],[-71.5859,-54.1027],[-71.5867,-54.0917],[-71.5629,-54.0829],[-71.598,-54.0915],[-71.6354,-54.0674],[-71.6175,-54.0723],[-71.6106,-54.0613],[-71.6541,-54.0223],[-71.6507,-53.9825],[-71.5979,-53.9354],[-71.5608,-53.9426],[-71.5928,-53.9529],[-71.5394,-53.9424],[-71.529,-53.9602],[-71.5364,-53.9743],[-71.5183,-53.9727],[-71.5248,-53.9607],[-71.511,-53.9648],[-71.4958,-53.9876],[-71.5025,-54.0089],[-71.4833,-53.9859],[-71.5096,-53.9504],[-71.4458,-53.9457],[-71.4322,-53.9789],[-71.4619,-53.996],[-71.445,-54.0072],[-71.4407,-53.9915],[-71.4228,-53.9897],[-71.4022,-54.0124],[-71.4064,-54.0515],[-71.4311,-54.0485],[-71.396,-54.0567],[-71.4027,-54.0927],[-71.3636,-54.0388],[-71.3922,-53.9717],[-71.3599,-53.9703],[-71.3315,-53.9904],[-71.2682,-54.0043],[-71.2753,-54.0257],[-71.2642,-54.0389],[-71.275,-54.0544],[-71.2537,-54.0624],[-71.2567,-54.0774],[-71.2414,-54.0904],[-71.2989,-54.1103],[-71.2426,-54.1064],[-71.2417,-54.1296],[-71.2118,-54.1178],[-71.2233,-54.1655],[-71.2051,-54.1607],[-71.2091,-54.186],[-71.189,-54.1801],[-71.1901,-54.1049],[-71.1452,-54.0883],[-71.1501,-54.1422],[-71.1189,-54.1626],[-71.1307,-54.1287],[-71.1187,-54.0928],[-71.079,-54.0592],[-71.053,-54.0659],[-71.0561,-54.0842],[-71.0299,-54.0769],[-71.0011,-54.0912],[-70.9925,-54.1208],[-71.0127,-54.1234],[-70.9896,-54.1411],[-71.0137,-54.1662],[-71.0351,-54.1542],[-71.0198,-54.1715],[-71.0399,-54.2027],[-71.0778,-54.204],[-71.0549,-54.2114],[-71.0603,-54.2222],[-71.0427,-54.222],[-70.9996,-54.174],[-70.9728,-54.1638],[-70.9625,-54.1962],[-70.9737,-54.2417],[-71.0381,-54.2435],[-70.9707,-54.2781],[-70.9878,-54.2975],[-71.0165,-54.2987],[-71.0083,-54.3098],[-71.0605,-54.2983],[-71.0232,-54.3343],[-71.0438,-54.3482],[-71.1298,-54.3221],[-71.1505,-54.3024],[-71.1636,-54.3087],[-71.0673,-54.3585],[-71.0985,-54.3827],[-71.0889,-54.388],[-71.0981,-54.3957],[-71.1539,-54.4011],[-71.1645,-54.3884],[-71.1471,-54.3712],[-71.1574,-54.361],[-71.168,-54.369],[-71.1596,-54.3587],[-71.1791,-54.3331],[-71.1881,-54.3398],[-71.174,-54.3488],[-71.1761,-54.377],[-71.1964,-54.3799],[-71.2424,-54.3465],[-71.3034,-54.3277],[-71.3035,-54.3149],[-71.3443,-54.3211],[-71.3682,-54.3001],[-71.3611,-54.2884],[-71.2995,-54.2854],[-71.3056,-54.313],[-71.2916,-54.3066],[-71.2899,-54.2839],[-71.2737,-54.2786],[-71.2063,-54.2915],[-71.2426,-54.2734],[-71.2279,-54.2633],[-71.2352,-54.2524],[-71.1723,-54.2434],[-71.2141,-54.2378],[-71.2085,-54.2252],[-71.2223,-54.2236],[-71.2071,-54.2207],[-71.2122,-54.2099],[-71.2206,-54.2187],[-71.2477,-54.2079],[-71.2279,-54.2339],[-71.2594,-54.243],[-71.2639,-54.2581],[-71.3277,-54.2676],[-71.3363,-54.2568],[-71.3208,-54.2342],[-71.3244,-54.217],[-71.3373,-54.2162],[-71.3524,-54.2214],[-71.3311,-54.2322],[-71.3455,-54.237],[-71.3489,-54.2563],[-71.3729,-54.2623],[-71.4542,-54.2087],[-71.4435,-54.1734],[-71.4128,-54.1782],[-71.4234,-54.1606],[-71.3674,-54.1457],[-71.4149,-54.155],[-71.4128,-54.1376],[-71.3862,-54.1239],[-71.3929,-54.1151],[-71.4209,-54.1369],[-71.4218,-54.1406]]],[[[-71.2022,-54.1467],[-71.2049,-54.1587],[-71.2065,-54.148],[-71.2022,-54.1467]]],[[[-71.1113115,-54.0756747],[-71.1142343,-54.0774558],[-71.1067876,-54.078205],[-71.1122334,-54.0833278],[-71.1164438,-54.0848245],[-71.1201484,-54.0813374],[-71.1192172,-54.0756407],[-71.1101256,-54.0727886],[-71.1113115,-54.0756747]]],[[[-71.196,-54.07],[-71.1797,-54.0846],[-71.2081,-54.1001],[-71.23,-54.0966],[-71.2468,-54.0567],[-71.2425,-54.0145],[-71.2172,-54.0232],[-71.2074,-54.0438],[-71.2147,-54.0529],[-71.2054,-54.0706],[-71.1999,-54.0646],[-71.196,-54.07]]],[[[-71.1345,-54.044],[-71.1205,-54.0436],[-71.1194,-54.0542],[-71.1336,-54.0669],[-71.1512,-54.056],[-71.1401,-54.0436],[-71.1345,-54.044]]],[[[-71.7958,-53.4756],[-71.7751,-53.469],[-71.7926,-53.4769],[-71.7958,-53.4756]]],[[[-70.5855655,-55.2480092],[-70.581167,-55.2455728],[-70.5825117,-55.244749],[-70.5807529,-55.2427799],[-70.5724507,-55.2454749],[-70.5711675,-55.247145],[-70.5733853,-55.25],[-70.5782908,-55.2497021],[-70.5791881,-55.2478122],[-70.5855655,-55.2480092]]],[[[-70.6004,-55.1625],[-70.61,-55.1742],[-70.6046,-55.1603],[-70.6004,-55.1625]]],[[[-70.6892,-55.1859],[-70.715,-55.1708],[-70.6767,-55.1569],[-70.6875,-55.1476],[-70.6584,-55.1504],[-70.6326,-55.136],[-70.6301,-55.1638],[-70.675,-55.1757],[-70.6699,-55.1914],[-70.6873,-55.1868],[-70.6892,-55.1859]]],[[[-70.9311,-55.1495],[-70.9547,-55.1543],[-70.9327,-55.1465],[-70.9311,-55.1495]]],[[[-70.9176,-55.1084],[-70.8931,-55.1046],[-70.9014,-55.1324],[-70.9183,-55.1119],[-70.9176,-55.1084]]],[[[-70.8209,-55.1133],[-70.814,-55.1226],[-70.8242,-55.1278],[-70.8416,-55.1223],[-70.838,-55.1128],[-70.8196,-55.1121],[-70.8209,-55.1133]]],[[[-71.0368,-55.0837],[-71.0283,-55.0955],[-71.0459,-55.0978],[-71.0399,-55.0852],[-71.0368,-55.0837]]],[[[-70.3973,-54.9457],[-70.4524,-54.9612],[-70.4569,-54.9485],[-70.4865,-54.9603],[-70.4955,-54.9526],[-70.4899,-54.9715],[-70.517,-54.9681],[-70.5319,-54.9797],[-70.4924,-55.002],[-70.6307,-55.0079],[-70.5919,-55.0088],[-70.6087,-55.0307],[-70.6618,-55.0317],[-70.7135,-54.9992],[-70.7501,-55.0017],[-70.7592,-55.0152],[-70.7544,-55.0283],[-70.7335,-55.0304],[-70.7474,-55.0474],[-70.7119,-55.0174],[-70.6554,-55.05],[-70.6108,-55.0475],[-70.6032,-55.0633],[-70.5485,-55.0375],[-70.5027,-55.0335],[-70.5136,-55.0431],[-70.4742,-55.0528],[-70.5337,-55.0584],[-70.4815,-55.0681],[-70.5116,-55.0844],[-70.4218,-55.0607],[-70.4191,-55.0785],[-70.4308,-55.083],[-70.4131,-55.0826],[-70.4026,-55.0602],[-70.3212,-55.0493],[-70.329,-55.0662],[-70.3508,-55.0668],[-70.293,-55.0647],[-70.297,-55.0845],[-70.4007,-55.1021],[-70.309,-55.0972],[-70.3079,-55.1101],[-70.3391,-55.1148],[-70.2662,-55.1181],[-70.2977,-55.1363],[-70.2892,-55.1451],[-70.3264,-55.1266],[-70.3197,-55.1469],[-70.354,-55.1465],[-70.376,-55.1362],[-70.3852,-55.1105],[-70.441,-55.1068],[-70.3923,-55.1238],[-70.4039,-55.1315],[-70.4604,-55.1125],[-70.4538,-55.1181],[-70.4678,-55.1194],[-70.4428,-55.1316],[-70.4749,-55.1373],[-70.4553,-55.1449],[-70.4653,-55.156],[-70.4471,-55.1472],[-70.3604,-55.1716],[-70.4102,-55.1692],[-70.3737,-55.1856],[-70.3994,-55.1985],[-70.4461,-55.181],[-70.4702,-55.1886],[-70.4918,-55.2059],[-70.482,-55.2262],[-70.5132,-55.2203],[-70.4935,-55.1952],[-70.5076,-55.172],[-70.5756,-55.1706],[-70.577,-55.1912],[-70.5193,-55.2072],[-70.5545,-55.2206],[-70.5999,-55.1931],[-70.5706,-55.1557],[-70.5775,-55.1383],[-70.5397,-55.1464],[-70.5684,-55.1266],[-70.5343,-55.1176],[-70.5528,-55.1034],[-70.5649,-55.1163],[-70.5979,-55.1188],[-70.5913,-55.0705],[-70.6791,-55.0632],[-70.6523,-55.0767],[-70.6058,-55.0775],[-70.6146,-55.0814],[-70.6038,-55.0997],[-70.6124,-55.1101],[-70.6078,-55.0958],[-70.6259,-55.1014],[-70.6439,-55.0918],[-70.638,-55.0854],[-70.6737,-55.0862],[-70.6824,-55.0924],[-70.669,-55.1198],[-70.6814,-55.1211],[-70.6697,-55.1293],[-70.7175,-55.118],[-70.7032,-55.1069],[-70.7316,-55.1124],[-70.7111,-55.1398],[-70.7734,-55.1184],[-70.7747,-55.1072],[-70.729,-55.0761],[-70.7654,-55.0523],[-70.7712,-55.0633],[-70.7947,-55.0562],[-70.802,-55.0761],[-70.8401,-55.0712],[-70.8341,-55.0995],[-70.8551,-55.0955],[-70.882,-55.0564],[-70.9026,-55.059],[-70.891,-55.0613],[-70.9026,-55.0672],[-70.8915,-55.0677],[-70.898,-55.085],[-70.9119,-55.0757],[-70.9498,-55.0911],[-70.956,-55.0738],[-70.9931,-55.0713],[-70.9917,-55.0553],[-70.9668,-55.0475],[-71.0106,-55.0663],[-71.0288,-55.0587],[-71.0122,-55.037],[-70.972,-55.0318],[-71.0223,-55.0186],[-70.9761,-54.9973],[-70.989,-54.9829],[-71.0059,-54.9918],[-71.0275,-54.9781],[-71.0002,-54.9569],[-70.9366,-54.9528],[-70.9365,-54.969],[-70.9229,-54.9502],[-70.862,-54.927],[-70.8531,-54.9363],[-70.8683,-54.9614],[-70.8817,-54.9613],[-70.8747,-54.9711],[-70.8911,-54.9769],[-70.8726,-54.9763],[-70.8691,-54.9917],[-70.853,-54.9635],[-70.7969,-54.9807],[-70.8185,-54.966],[-70.7913,-54.9297],[-70.7674,-54.9387],[-70.7774,-54.9478],[-70.7532,-54.9613],[-70.7176,-54.9669],[-70.7629,-54.981],[-70.6932,-54.9792],[-70.6816,-54.9647],[-70.6583,-54.9812],[-70.6588,-54.9946],[-70.6351,-54.9776],[-70.5779,-54.988],[-70.5677,-54.9724],[-70.6047,-54.9722],[-70.6206,-54.9565],[-70.6154,-54.9486],[-70.4436,-54.9025],[-70.3539,-54.9003],[-70.3048,-54.913],[-70.3114,-54.9285],[-70.3772,-54.946],[-70.3973,-54.9457]]],[[[-70.6625,-55.0414],[-70.6414,-55.0365],[-70.6287,-55.0399],[-70.6402,-55.0458],[-70.6625,-55.0414]]],[[[-70.3629,-55.0374],[-70.3491,-55.0421],[-70.3693,-55.0431],[-70.3629,-55.0374]]],[[[-70.4581,-55.0532],[-70.4463,-55.0333],[-70.3726,-55.0182],[-70.3724,-55.0398],[-70.4503,-55.0521],[-70.4581,-55.0532]]],[[[-70.6573,-55.0332],[-70.6303,-55.0324],[-70.6569,-55.0345],[-70.6573,-55.0332]]],[[[-70.5168837,-55.0265757],[-70.5172168,-55.0253528],[-70.5128707,-55.023874],[-70.5005942,-55.0238261],[-70.4967996,-55.024497],[-70.4964988,-55.0259631],[-70.5063838,-55.0282016],[-70.5168837,-55.0265757]]],[[[-70.2945544,-55.0283818],[-70.2936207,-55.0269833],[-70.297849,-55.0277349],[-70.3010749,-55.0258189],[-70.3058146,-55.027691],[-70.3112656,-55.0271459],[-70.3064079,-55.0246915],[-70.3046537,-55.0256094],[-70.2953843,-55.0227485],[-70.2897413,-55.025163],[-70.2924967,-55.0286517],[-70.2945544,-55.0283818]]],[[[-70.5293,-55.0304],[-70.598,-55.0401],[-70.5881,-55.01],[-70.5015,-55.0119],[-70.5555,-55.025],[-70.5264,-55.0265],[-70.5293,-55.0304]]],[[[-70.3102,-55.0182],[-70.3364,-55.0079],[-70.2964,-54.9915],[-70.2669,-54.9993],[-70.2827,-55.0207],[-70.3043,-55.0175],[-70.3102,-55.0182]]],[[[-70.2356,-54.9582],[-70.2529,-54.9603],[-70.2302,-54.9635],[-70.2521,-54.9808],[-70.2602,-54.9733],[-70.296,-54.9897],[-70.3012,-54.9686],[-70.3471,-54.9606],[-70.3212,-54.9676],[-70.3324,-54.9977],[-70.3899,-54.9952],[-70.3995,-55.0124],[-70.4577,-55.0147],[-70.4692,-54.9844],[-70.4628,-54.9649],[-70.3119,-54.9355],[-70.2722,-54.9517],[-70.2809,-54.9668],[-70.2671,-54.9678],[-70.2694,-54.9548],[-70.2357,-54.9549],[-70.2356,-54.9582]]],[[[-70.8379,-54.9571],[-70.8533,-54.9599],[-70.8423,-54.9539],[-70.8379,-54.9571]]],[[[-71.0342,-54.9547],[-71.0262,-54.9362],[-71.0233,-54.9512],[-71.0342,-54.9547]]],[[[-70.5731,-54.9329],[-70.5944,-54.9318],[-70.5739,-54.9306],[-70.5731,-54.9329]]],[[[-70.4368,-54.8538],[-70.3721,-54.8715],[-70.3794,-54.8844],[-70.5364,-54.9078],[-70.5714,-54.9015],[-70.5611,-54.9092],[-70.5926,-54.919],[-70.6294,-54.9195],[-70.6376,-54.9041],[-70.6677,-54.9156],[-70.6939,-54.8756],[-70.7232,-54.8916],[-70.7487,-54.89],[-70.7653,-54.8709],[-70.7007,-54.8442],[-70.6534,-54.8558],[-70.5942,-54.8226],[-70.5703,-54.8316],[-70.5688,-54.8497],[-70.5299,-54.8317],[-70.4361,-54.8521],[-70.4368,-54.8538]]],[[[-70.7519892,-54.8563695],[-70.7479563,-54.8575853],[-70.7594662,-54.8631822],[-70.7639658,-54.8621713],[-70.7648007,-54.8605938],[-70.76367,-54.859477],[-70.7646891,-54.8576107],[-70.7538721,-54.8579961],[-70.7519892,-54.8563695]]],[[[-70.7456,-54.8538],[-70.7653,-54.8491],[-70.7413,-54.8503],[-70.7456,-54.8538]]],[[[-70.9631,-54.8321],[-70.9411,-54.8211],[-70.9033,-54.8469],[-70.9162,-54.856],[-70.9311,-54.8373],[-70.9573,-54.8369],[-70.9631,-54.8321]]],[[[-70.9544277,-54.822117],[-70.961721,-54.8200722],[-70.9586656,-54.8171503],[-70.9584544,-54.8149476],[-70.9545702,-54.8148578],[-70.9477197,-54.8196735],[-70.9483127,-54.8207139],[-70.9544277,-54.822117]]],[[[-70.961238,-54.8029593],[-70.960385,-54.8016931],[-70.9574646,-54.8003999],[-70.9561073,-54.8015723],[-70.9479481,-54.8040824],[-70.9432232,-54.8107248],[-70.9397374,-54.8121842],[-70.9413797,-54.8147552],[-70.9487226,-54.8116864],[-70.953891,-54.8121813],[-70.9539137,-54.8091436],[-70.9573737,-54.809433],[-70.9635191,-54.8061525],[-70.9590711,-54.8037623],[-70.961238,-54.8029593]]],[[[-70.8812711,-54.7835961],[-70.8785135,-54.7869652],[-70.8867997,-54.7877052],[-70.8916944,-54.7855372],[-70.8939167,-54.7868451],[-70.8948278,-54.7858399],[-70.8875507,-54.7819489],[-70.8802556,-54.7826252],[-70.8812711,-54.7835961]]],[[[-70.9033,-54.7612],[-70.9236,-54.7701],[-70.9076,-54.7612],[-70.9033,-54.7612]]],[[[-71.0508,-54.7442],[-71.0399,-54.7461],[-71.0577,-54.7498],[-71.0492,-54.743],[-71.0508,-54.7442]]],[[[-71.0342,-54.7438],[-71.0427,-54.7371],[-71.0256,-54.7336],[-71.0321,-54.7406],[-71.0342,-54.7438]]],[[[-71.0688,-54.7232],[-71.0804,-54.7259],[-71.0785,-54.7111],[-71.0697,-54.7223],[-71.0688,-54.7232]]],[[[-71.0353,-54.6946],[-71.0271,-54.6779],[-71.0186,-54.6791],[-71.0259,-54.6891],[-71.0353,-54.6946]]],[[[-71.0038,-54.6811],[-71.0188,-54.6869],[-71.0034,-54.6772],[-71.0038,-54.6811]]],[[[-71.0777,-54.667],[-71.0605,-54.6671],[-71.0621,-54.6759],[-71.0804,-54.6709],[-71.0777,-54.667]]],[[[-68.6093,-54.8928],[-68.6599,-54.8965],[-68.7064,-54.8578],[-68.8057,-54.8415],[-68.8224,-54.8501],[-68.8192,-54.8598],[-68.7818,-54.8652],[-68.7033,-54.9035],[-68.7269,-54.9256],[-68.8413,-54.9541],[-69.0816,-54.9633],[-69.2305,-54.9165],[-69.2914,-54.9214],[-69.4042,-54.8991],[-69.4142,-54.8829],[-69.4192,-54.8927],[-69.4846,-54.8888],[-69.561,-54.861],[-69.6639,-54.8443],[-69.6481,-54.8022],[-69.6226,-54.7897],[-69.6291,-54.7969],[-69.6023,-54.7945],[-69.5907,-54.77],[-69.6047,-54.7717],[-69.6191,-54.7493],[-69.608,-54.7365],[-69.6205,-54.7328],[-69.6305,-54.7476],[-69.6135,-54.7753],[-69.6608,-54.8022],[-69.6721,-54.7901],[-69.6598,-54.7772],[-69.6787,-54.7526],[-69.674,-54.7339],[-69.7044,-54.7031],[-69.724,-54.7099],[-69.6905,-54.732],[-69.6912,-54.7545],[-69.6733,-54.7766],[-69.7177,-54.8136],[-69.6835,-54.798],[-69.6736,-54.8058],[-69.6884,-54.8372],[-69.7651,-54.8347],[-69.7502,-54.8214],[-69.759,-54.7901],[-69.7268,-54.7696],[-69.7388,-54.7607],[-69.7312,-54.7514],[-69.7859,-54.7266],[-69.745,-54.7491],[-69.7492,-54.7659],[-69.7336,-54.7733],[-69.7662,-54.7805],[-69.77,-54.8346],[-69.8516,-54.8466],[-69.8753,-54.8331],[-69.8625,-54.8455],[-69.9216,-54.8463],[-69.9592,-54.805],[-69.9508,-54.7945],[-69.9768,-54.7274],[-69.9594,-54.7197],[-69.9363,-54.6804],[-69.9881,-54.7261],[-69.9775,-54.759],[-69.9819,-54.8063],[-69.9586,-54.8236],[-69.9492,-54.8493],[-69.9674,-54.8544],[-70.0584,-54.8688],[-70.0998,-54.8593],[-70.0711,-54.8167],[-70.0702,-54.7932],[-70.0928,-54.8211],[-70.1507,-54.7984],[-70.0961,-54.8327],[-70.1505,-54.8618],[-70.2336,-54.8367],[-70.1684,-54.8742],[-70.3176,-54.86],[-70.3326,-54.8095],[-70.2825,-54.7673],[-70.2523,-54.7603],[-70.2603,-54.7453],[-70.2267,-54.7075],[-70.1838,-54.7001],[-70.2385,-54.7008],[-70.2305,-54.6872],[-70.2731,-54.7368],[-70.3116,-54.7517],[-70.2974,-54.7635],[-70.3288,-54.7849],[-70.3479,-54.8289],[-70.3453,-54.8543],[-70.457,-54.8197],[-70.4629,-54.8073],[-70.5147,-54.8116],[-70.5936,-54.7894],[-70.5625,-54.785],[-70.5771,-54.7731],[-70.6227,-54.7849],[-70.5977,-54.8061],[-70.6475,-54.8052],[-70.6661,-54.819],[-70.6574,-54.803],[-70.6852,-54.8342],[-70.7036,-54.8197],[-70.7251,-54.8223],[-70.7065,-54.8303],[-70.7347,-54.8523],[-70.7351,-54.8421],[-70.7713,-54.8358],[-70.7706,-54.8252],[-70.7858,-54.8477],[-70.8212,-54.8415],[-70.8301,-54.8244],[-70.8406,-54.8348],[-70.852,-54.8284],[-70.8179,-54.8006],[-70.8212,-54.7868],[-70.8345,-54.7932],[-70.8187,-54.7786],[-70.6518,-54.7592],[-70.6435,-54.7527],[-70.6612,-54.7476],[-70.5575,-54.7237],[-70.5014,-54.6882],[-70.4746,-54.6988],[-70.4898,-54.6767],[-70.4388,-54.6525],[-70.4424,-54.6341],[-70.5563,-54.6287],[-70.574,-54.6568],[-70.5548,-54.6646],[-70.6277,-54.6779],[-70.5753,-54.686],[-70.5602,-54.6994],[-70.5673,-54.7103],[-70.6282,-54.7281],[-70.6437,-54.7157],[-70.6471,-54.7292],[-70.7177,-54.7523],[-70.7365,-54.7425],[-70.7172,-54.7284],[-70.7274,-54.7264],[-70.7221,-54.7151],[-70.7705,-54.7414],[-70.7617,-54.7503],[-70.8015,-54.7479],[-70.783,-54.7574],[-70.7912,-54.7614],[-70.861,-54.7684],[-70.8792,-54.7671],[-70.881,-54.7535],[-70.9509,-54.7531],[-70.9044,-54.7302],[-70.9185,-54.7255],[-70.9093,-54.7111],[-70.8554,-54.7169],[-70.8332,-54.6986],[-70.7574,-54.6906],[-70.872,-54.6912],[-70.8877,-54.6714],[-70.9195,-54.67],[-70.9028,-54.6925],[-70.9143,-54.6848],[-70.9573,-54.7005],[-70.9108,-54.7015],[-70.9907,-54.7562],[-70.9899,-54.7738],[-71.024,-54.7802],[-71.0426,-54.7757],[-71.0488,-54.7578],[-70.9994,-54.7415],[-71.0018,-54.7188],[-70.9615,-54.7204],[-70.9813,-54.7129],[-70.9707,-54.7069],[-70.9946,-54.7113],[-70.9696,-54.7032],[-70.9914,-54.7018],[-70.9764,-54.6861],[-70.9257,-54.677],[-70.9615,-54.6873],[-70.9739,-54.6762],[-71.0002,-54.7045],[-71.0247,-54.7084],[-70.9859,-54.6842],[-71.0065,-54.6719],[-70.9768,-54.6486],[-70.9536,-54.6476],[-70.9557,-54.6354],[-70.9097,-54.6237],[-70.9572,-54.6239],[-70.9752,-54.6354],[-71.0191,-54.6203],[-71.0218,-54.6066],[-71.03,-54.6154],[-71.0583,-54.6008],[-71.0287,-54.6303],[-71.0419,-54.6515],[-71.083,-54.6592],[-71.0929,-54.6514],[-71.0728,-54.6398],[-71.0862,-54.6318],[-71.133,-54.6539],[-71.1361,-54.6801],[-71.1584,-54.6761],[-71.1395,-54.6843],[-71.1508,-54.6981],[-71.199,-54.6981],[-71.2104,-54.6924],[-71.1913,-54.6808],[-71.2171,-54.6803],[-71.2196,-54.6696],[-71.2685,-54.6788],[-71.3086,-54.6483],[-71.1472,-54.6379],[-71.1406,-54.6321],[-71.1579,-54.6301],[-71.1359,-54.6229],[-71.2006,-54.6339],[-71.2045,-54.6238],[-71.2527,-54.6177],[-71.2627,-54.5885],[-71.1783,-54.5765],[-71.2516,-54.5796],[-71.2505,-54.5535],[-71.2229,-54.5287],[-71.2497,-54.5362],[-71.2732,-54.563],[-71.3075,-54.5682],[-71.3167,-54.5637],[-71.2987,-54.5464],[-71.3354,-54.5294],[-71.3273,-54.5178],[-71.3441,-54.5103],[-71.3418,-54.5393],[-71.3151,-54.5492],[-71.3299,-54.5684],[-71.4068,-54.5241],[-71.3834,-54.5403],[-71.3922,-54.5469],[-71.3812,-54.5607],[-71.4189,-54.5492],[-71.4458,-54.5639],[-71.3981,-54.5625],[-71.3913,-54.5747],[-71.4051,-54.5764],[-71.342,-54.5876],[-71.3253,-54.6179],[-71.3437,-54.6258],[-71.3648,-54.6133],[-71.35,-54.5913],[-71.4144,-54.6038],[-71.3847,-54.6124],[-71.4052,-54.6162],[-71.3834,-54.6273],[-71.3999,-54.6284],[-71.3975,-54.6494],[-71.4257,-54.6574],[-71.4271,-54.6348],[-71.4649,-54.6342],[-71.4404,-54.6511],[-71.4572,-54.66],[-71.4809,-54.6469],[-71.4559,-54.6695],[-71.4891,-54.6891],[-71.5087,-54.6859],[-71.5154,-54.6536],[-71.5125,-54.6337],[-71.4948,-54.6259],[-71.518,-54.6324],[-71.4834,-54.5889],[-71.4993,-54.5915],[-71.4979,-54.583],[-71.522,-54.5953],[-71.5261,-54.6117],[-71.5159,-54.6124],[-71.5355,-54.6288],[-71.5315,-54.6415],[-71.5605,-54.6489],[-71.5912,-54.6455],[-71.5609,-54.6217],[-71.5709,-54.6188],[-71.5621,-54.6103],[-71.6033,-54.635],[-71.6222,-54.632],[-71.553,-54.5827],[-71.5851,-54.5897],[-71.5955,-54.605],[-71.6144,-54.5728],[-71.614,-54.604],[-71.6264,-54.6175],[-71.6579,-54.6167],[-71.6353,-54.6371],[-71.6546,-54.6607],[-71.6797,-54.6549],[-71.693,-54.6271],[-71.6793,-54.6149],[-71.6876,-54.6078],[-71.6597,-54.6122],[-71.6765,-54.6037],[-71.6395,-54.5827],[-71.6954,-54.6043],[-71.7915,-54.5748],[-71.7155,-54.6096],[-71.7371,-54.6002],[-71.7241,-54.6097],[-71.7625,-54.6243],[-71.815,-54.5812],[-71.8071,-54.6008],[-71.8482,-54.5932],[-71.8043,-54.6079],[-71.8275,-54.6081],[-71.7938,-54.6196],[-71.8049,-54.6232],[-71.7889,-54.6352],[-71.8226,-54.6451],[-71.8209,-54.6347],[-71.871,-54.6225],[-71.8889,-54.6255],[-71.8779,-54.6371],[-71.8878,-54.641],[-71.9502,-54.6251],[-71.9769,-54.6028],[-71.9454,-54.591],[-71.8649,-54.6067],[-71.9001,-54.5929],[-71.8968,-54.5776],[-71.9254,-54.5799],[-71.9419,-54.5657],[-71.9058,-54.5434],[-71.9324,-54.5423],[-71.9258,-54.5477],[-71.9547,-54.5529],[-71.9576,-54.566],[-71.9871,-54.5479],[-71.9721,-54.5399],[-71.9972,-54.5153],[-72.0115,-54.5166],[-72.0091,-54.5043],[-71.9477,-54.5332],[-71.9963,-54.4918],[-71.9186,-54.5162],[-71.9832,-54.4885],[-71.9649,-54.4742],[-71.9827,-54.4787],[-71.9935,-54.4536],[-71.9826,-54.45],[-71.9754,-54.4635],[-71.9516,-54.4429],[-71.9342,-54.4667],[-71.9046,-54.4449],[-71.8915,-54.4532],[-71.9008,-54.4556],[-71.8909,-54.4617],[-71.8888,-54.5022],[-71.8859,-54.4638],[-71.8398,-54.4719],[-71.8533,-54.4959],[-71.8345,-54.4812],[-71.8274,-54.4947],[-71.8391,-54.4966],[-71.8286,-54.5037],[-71.8491,-54.5176],[-71.8092,-54.5188],[-71.848,-54.5236],[-71.8108,-54.5246],[-71.8355,-54.529],[-71.7758,-54.5514],[-71.7968,-54.5346],[-71.7534,-54.5389],[-71.6414,-54.5763],[-71.7124,-54.5488],[-71.7106,-54.5321],[-71.6948,-54.5351],[-71.759,-54.4983],[-71.7554,-54.4897],[-71.6744,-54.5106],[-71.6804,-54.5198],[-71.6674,-54.5265],[-71.6618,-54.5136],[-71.6085,-54.5376],[-71.618,-54.5302],[-71.6067,-54.5275],[-71.5171,-54.549],[-71.5264,-54.5381],[-71.6502,-54.5094],[-71.6592,-54.5047],[-71.6497,-54.4947],[-71.6619,-54.5011],[-71.6929,-54.4864],[-71.7102,-54.4734],[-71.652,-54.4646],[-71.7279,-54.4691],[-71.7226,-54.458],[-71.7623,-54.4694],[-71.8305,-54.4557],[-71.8671,-54.4344],[-71.788,-54.443],[-71.8224,-54.4284],[-71.8025,-54.4243],[-71.8368,-54.4171],[-71.7655,-54.4149],[-71.8052,-54.4079],[-71.788,-54.4057],[-71.7977,-54.4008],[-71.7274,-54.3977],[-71.7071,-54.4197],[-71.7432,-54.4309],[-71.7043,-54.4268],[-71.6677,-54.4541],[-71.6436,-54.4551],[-71.6299,-54.4663],[-71.6475,-54.4663],[-71.6103,-54.4738],[-71.6047,-54.4901],[-71.59,-54.4937],[-71.5968,-54.4766],[-71.5403,-54.5092],[-71.5847,-54.4739],[-71.5532,-54.4854],[-71.5478,-54.4743],[-71.435,-54.4899],[-71.5902,-54.4605],[-71.6011,-54.4539],[-71.5815,-54.4506],[-71.5884,-54.4306],[-71.6139,-54.4051],[-71.5902,-54.4031],[-71.5255,-54.4338],[-71.507,-54.4282],[-71.5415,-54.3992],[-71.5108,-54.3972],[-71.4946,-54.4052],[-71.5008,-54.4146],[-71.4711,-54.4173],[-71.4772,-54.4397],[-71.4561,-54.4233],[-71.4377,-54.4288],[-71.4625,-54.4365],[-71.4453,-54.4396],[-71.3977,-54.433],[-71.3838,-54.4412],[-71.3944,-54.4517],[-71.3858,-54.4482],[-71.3839,-54.4635],[-71.3655,-54.4512],[-71.3823,-54.4447],[-71.3503,-54.4323],[-71.3035,-54.4397],[-71.3266,-54.4276],[-71.3102,-54.4206],[-71.3731,-54.4305],[-71.3823,-54.4275],[-71.3665,-54.424],[-71.4113,-54.4123],[-71.3986,-54.3966],[-71.4122,-54.4091],[-71.4246,-54.4013],[-71.4169,-54.3903],[-71.3983,-54.3946],[-71.4141,-54.3761],[-71.3936,-54.392],[-71.3875,-54.3797],[-71.3585,-54.3927],[-71.3713,-54.3735],[-71.2695,-54.3948],[-71.2417,-54.4097],[-71.2603,-54.4221],[-71.2302,-54.4125],[-71.1959,-54.4245],[-71.2143,-54.4409],[-71.2046,-54.4485],[-71.2327,-54.4615],[-71.1917,-54.4523],[-71.1772,-54.4294],[-71.1421,-54.4299],[-71.1526,-54.4493],[-71.1035,-54.4894],[-71.1385,-54.4964],[-71.0897,-54.4959],[-71.0671,-54.5299],[-71.0623,-54.5153],[-71.1333,-54.4491],[-71.1211,-54.4347],[-71.0671,-54.4558],[-71.0663,-54.446],[-70.9769,-54.454],[-70.943,-54.5189],[-70.9331,-54.4953],[-70.9566,-54.444],[-70.9266,-54.4391],[-70.9155,-54.4163],[-70.9361,-54.3697],[-70.9129,-54.3534],[-70.8782,-54.3537],[-70.8809,-54.3361],[-70.7987,-54.3262],[-70.7909,-54.3374],[-70.7761,-54.3285],[-70.723,-54.3377],[-70.7383,-54.3453],[-70.727,-54.3506],[-70.7335,-54.3703],[-70.7017,-54.3511],[-70.6647,-54.3628],[-70.6634,-54.3381],[-70.5875,-54.3442],[-70.5757,-54.355],[-70.6489,-54.4042],[-70.677,-54.4402],[-70.7119,-54.4357],[-70.707,-54.4543],[-70.6837,-54.4609],[-70.7013,-54.4991],[-70.7832,-54.5795],[-70.7557,-54.5771],[-70.7683,-54.6285],[-70.7412,-54.5892],[-70.7442,-54.5704],[-70.7191,-54.5515],[-70.6667,-54.5861],[-70.6707,-54.6058],[-70.6205,-54.6063],[-70.6166,-54.5983],[-70.6788,-54.5684],[-70.707,-54.5376],[-70.697,-54.5261],[-70.6764,-54.5299],[-70.6905,-54.5178],[-70.6449,-54.447],[-70.5572,-54.4017],[-70.4941,-54.4407],[-70.4999,-54.4494],[-70.4623,-54.4571],[-70.5005,-54.465],[-70.4575,-54.4619],[-70.4374,-54.4755],[-70.4725,-54.4817],[-70.3329,-54.5088],[-70.3246,-54.5194],[-70.3517,-54.5152],[-70.234,-54.5881],[-70.2303,-54.5771],[-70.1949,-54.5844],[-70.2758,-54.5546],[-70.308,-54.5248],[-70.3015,-54.5014],[-70.2479,-54.5099],[-70.1386,-54.5612],[-70.1066,-54.5611],[-70.2022,-54.5219],[-70.1751,-54.5147],[-70.4081,-54.4517],[-70.454,-54.416],[-70.4404,-54.4085],[-70.446,-54.4006],[-70.4293,-54.4013],[-70.4346,-54.3938],[-70.4749,-54.4021],[-70.5114,-54.3904],[-70.5046,-54.3582],[-70.4896,-54.3494],[-70.5275,-54.3026],[-70.6181,-54.2838],[-70.8192,-54.2733],[-70.8738,-54.2559],[-70.8641,-54.2453],[-70.8854,-54.2321],[-70.9097,-54.1615],[-70.8235,-54.1956],[-70.9277,-54.1356],[-70.9421,-54.1213],[-70.9338,-54.1175],[-70.8682,-54.1445],[-70.8297,-54.1414],[-70.7677,-54.1784],[-70.711,-54.1899],[-70.6009,-54.246],[-70.4976,-54.2774],[-70.5022,-54.2843],[-70.4653,-54.2787],[-70.3987,-54.3098],[-70.3908,-54.3008],[-70.3705,-54.3172],[-70.3301,-54.3233],[-70.3063,-54.3403],[-70.3149,-54.3482],[-70.2789,-54.3427],[-70.2698,-54.3562],[-70.3029,-54.3595],[-70.2042,-54.3732],[-70.2188,-54.3791],[-70.2162,-54.3993],[-70.1258,-54.4333],[-70.1114,-54.4312],[-70.1584,-54.3998],[-70.1404,-54.3999],[-70.1469,-54.3861],[-70.0761,-54.383],[-70.0478,-54.3876],[-70.0496,-54.3964],[-70.0371,-54.3842],[-70.0772,-54.3698],[-70.1474,-54.3684],[-70.2061,-54.3399],[-70.1983,-54.3161],[-70.1663,-54.3019],[-70.1192,-54.302],[-70.1273,-54.2911],[-70.0821,-54.2548],[-69.9876,-54.269],[-69.9675,-54.3057],[-69.935,-54.3091],[-69.9794,-54.3306],[-69.9511,-54.331],[-69.9531,-54.3429],[-69.9312,-54.3611],[-69.9373,-54.3749],[-69.9694,-54.3823],[-69.9523,-54.3979],[-69.9024,-54.3775],[-69.8793,-54.3972],[-69.8851,-54.4258],[-69.857,-54.419],[-69.8556,-54.4349],[-69.8162,-54.4492],[-69.8885,-54.4774],[-69.8615,-54.4891],[-69.9105,-54.5182],[-69.8507,-54.5035],[-69.8027,-54.4677],[-69.7469,-54.5185],[-69.8515,-54.5789],[-69.7721,-54.5446],[-69.7786,-54.5515],[-69.7304,-54.5805],[-69.7609,-54.5874],[-69.7744,-54.599],[-69.7668,-54.6047],[-69.7184,-54.5874],[-69.7493,-54.5453],[-69.7163,-54.5022],[-69.7369,-54.4704],[-69.7666,-54.4539],[-69.7627,-54.4431],[-69.8014,-54.4269],[-69.793,-54.4062],[-69.8249,-54.3794],[-69.8281,-54.3501],[-69.8691,-54.3228],[-69.8468,-54.2874],[-69.7354,-54.3109],[-69.6114,-54.3651],[-69.6371,-54.3914],[-69.6205,-54.405],[-69.6199,-54.4238],[-69.6421,-54.4489],[-69.6314,-54.4744],[-69.5845,-54.4998],[-69.5655,-54.4889],[-69.6029,-54.4532],[-69.5939,-54.4359],[-69.5682,-54.426],[-69.598,-54.4054],[-69.5624,-54.4176],[-69.5593,-54.4361],[-69.5171,-54.4478],[-69.5095,-54.4376],[-69.5371,-54.4312],[-69.5303,-54.4263],[-69.5546,-54.4055],[-69.5491,-54.3866],[-69.5605,-54.3776],[-69.5453,-54.3765],[-69.548,-54.3404],[-69.4561,-54.3463],[-69.4113,-54.3667],[-69.431,-54.3718],[-69.3817,-54.3984],[-69.1997,-54.4506],[-69.2101,-54.454],[-69.201,-54.4688],[-69.2086,-54.4914],[-69.254,-54.5035],[-69.2968,-54.5464],[-69.3456,-54.5668],[-69.3667,-54.61],[-69.4065,-54.6125],[-69.3786,-54.6197],[-69.4052,-54.6471],[-69.4592,-54.6722],[-69.5145,-54.6747],[-69.4689,-54.6886],[-69.3845,-54.6469],[-69.3404,-54.7237],[-69.3365,-54.6956],[-69.3762,-54.6391],[-69.3281,-54.6284],[-69.2971,-54.5946],[-69.2886,-54.5653],[-69.2162,-54.5249],[-69.1966,-54.5272],[-69.1943,-54.5484],[-69.1731,-54.5641],[-69.1303,-54.5707],[-69.1519,-54.5194],[-69.1729,-54.5093],[-69.1414,-54.482],[-69.1307,-54.4529],[-68.996,-54.4821],[-68.9672,-54.4736],[-68.9962,-54.4587],[-68.9684,-54.4465],[-69.1622,-54.3847],[-69.1691,-54.3779],[-69.1534,-54.3699],[-69.2084,-54.3636],[-69.3214,-54.3169],[-69.662,-54.2124],[-69.8915,-54.1682],[-69.9588,-54.1234],[-70.0218,-54.107],[-70.0506,-54.0906],[-70.025,-54.0921],[-70.0764,-54.0663],[-70.0467,-54.07],[-70.042,-54.0565],[-70.0794,-53.9897],[-70.1373,-53.9377],[-70.1389,-53.9075],[-70.1516,-53.8962],[-70.1416,-53.8874],[-70.1635,-53.8743],[-70.1556,-53.8642],[-70.1753,-53.8356],[-70.1718,-53.7743],[-70.1423,-53.7619],[-70.1362,-53.7448],[-69.983,-53.7203],[-69.9481,-53.7036],[-69.9075,-53.6615],[-69.7805,-53.6663],[-69.6662,-53.6442],[-69.57,-53.5955],[-69.3577,-53.5235],[-69.3083,-53.4781],[-69.3286,-53.4099],[-69.3583,-53.3672],[-69.4337,-53.3516],[-69.5036,-53.3617],[-69.5726,-53.3464],[-69.75,-53.3737],[-69.8802,-53.3785],[-69.9464,-53.3918],[-70.1051,-53.4543],[-70.2144,-53.4774],[-70.2818,-53.4539],[-70.3271,-53.396],[-70.4023,-53.3896],[-70.4514,-53.3763],[-70.4589,-53.364],[-70.4463,-53.3416],[-70.4523,-53.3262],[-70.4259,-53.3025],[-70.3664,-53.3042],[-70.4083,-53.2944],[-70.4565,-53.3156],[-70.4641,-53.3046],[-70.4605,-53.2222],[-70.431,-53.1595],[-70.4417,-53.1055],[-70.4183,-53.0129],[-70.3217,-52.9676],[-70.3186,-52.981],[-70.341,-53.0061],[-70.3115,-53.0352],[-70.3392,-53.0483],[-70.3413,-53.0644],[-70.2509,-53.0628],[-70.1375,-53.0127],[-70.0896,-52.9295],[-70.1017,-52.8994],[-70.1206,-52.8872],[-70.168,-52.897],[-70.2361,-52.8815],[-70.3009,-52.9115],[-70.2886,-52.884],[-70.2593,-52.8641],[-70.2808,-52.8039],[-70.3236,-52.7817],[-70.4362,-52.7825],[-70.4237,-52.7673],[-70.3304,-52.744],[-70.1426,-52.7304],[-70.0027,-52.8381],[-69.963,-52.8496],[-69.9146,-52.8439],[-69.838,-52.7868],[-69.747,-52.7764],[-69.6983,-52.7513],[-69.6898,-52.7281],[-69.5908,-52.6438],[-69.6155,-52.5758],[-69.587,-52.5261],[-69.5309,-52.4946],[-69.4637,-52.4772],[-69.4307,-52.4514],[-69.3893,-52.4499],[-69.3496,-52.4765],[-69.2144,-52.5022],[-69.2377,-52.5112],[-69.2246,-52.5099],[-69.2315,-52.5181],[-69.2152,-52.5267],[-69.2354,-52.5337],[-69.2034,-52.5437],[-69.2159,-52.5521],[-69.1883,-52.5531],[-69.2075,-52.5626],[-69.2324,-52.55],[-69.212,-52.5656],[-69.2349,-52.5687],[-69.2148,-52.5751],[-69.2279,-52.5816],[-69.1875,-52.5882],[-69.195,-52.5995],[-69.1806,-52.6217],[-69.16,-52.6243],[-69.1652,-52.6701],[-69.09,-52.6794],[-68.9429,-52.6416],[-68.7925,-52.5851],[-68.7652,-52.5425],[-68.704,-52.5982],[-68.6054,-52.6571],[-68.6084,-54.3856],[-68.5964,-54.873],[-68.6093,-54.8928]]],[[[-70.9994,-54.6564],[-71.0252,-54.6596],[-71.0126,-54.6394],[-70.9956,-54.6455],[-70.9994,-54.6564]]],[[[-70.994,-54.3319],[-71.0154,-54.3255],[-70.993,-54.3302],[-70.994,-54.3319]]],[[[-71.033825,-54.3210719],[-71.0366213,-54.3158266],[-71.0358334,-54.3138149],[-71.0324628,-54.3150023],[-71.0245295,-54.3180612],[-71.0251108,-54.3209797],[-71.0274397,-54.322609],[-71.033825,-54.3210719]]],[[[-70.9927444,-54.3079822],[-70.9897717,-54.3053489],[-70.9879369,-54.3056021],[-70.9796532,-54.3073378],[-70.9740926,-54.3132008],[-70.9784799,-54.3153225],[-70.994701,-54.3097097],[-70.9999877,-54.3096012],[-70.9993943,-54.3082691],[-70.9927444,-54.3079822]]],[[[-70.3096,-54.1481],[-70.3656,-54.1573],[-70.422,-54.1407],[-70.4876,-54.1056],[-70.5113,-54.0615],[-70.499,-54.0724],[-70.4868,-54.0606],[-70.4154,-54.0816],[-70.3127,-54.0433],[-70.2802,-54.0825],[-70.3094,-54.1153],[-70.2977,-54.1248],[-70.3177,-54.1399],[-70.3067,-54.1453],[-70.3096,-54.1481]]],[[[-70.5219,-54.0463],[-70.4978,-54.0571],[-70.5197,-54.0507],[-70.5219,-54.0463]]],[[[-70.5036893,-54.0442161],[-70.4985456,-54.0501698],[-70.5004472,-54.0503071],[-70.5013239,-54.0484582],[-70.5046342,-54.049435],[-70.5127117,-54.0449241],[-70.5166581,-54.0421648],[-70.5150698,-54.0405525],[-70.5106505,-54.0408871],[-70.5086117,-54.0420101],[-70.5096644,-54.0430741],[-70.5036893,-54.0442161]]],[[[-70.4337,-53.7932],[-70.412,-53.8059],[-70.4346,-53.8131],[-70.4469,-53.7957],[-70.4543,-53.8026],[-70.4209,-53.8356],[-70.4504,-53.8387],[-70.4156,-53.8741],[-70.4534,-53.8804],[-70.3615,-53.9681],[-70.373,-53.9849],[-70.3408,-53.9945],[-70.3332,-54.0209],[-70.353,-54.04],[-70.4355,-54.0507],[-70.4121,-54.0647],[-70.4446,-54.0589],[-70.6719,-53.9167],[-70.6798,-53.9287],[-70.663,-53.9436],[-70.6708,-53.9618],[-70.5611,-54.0388],[-70.5455,-54.1076],[-70.5808,-54.1043],[-70.5849,-54.1145],[-70.5159,-54.1383],[-70.5364,-54.1435],[-70.5293,-54.1513],[-70.4891,-54.1425],[-70.3683,-54.1827],[-70.3572,-54.2012],[-70.2836,-54.1927],[-70.2927,-54.2057],[-70.2649,-54.2101],[-70.2959,-54.2436],[-70.2447,-54.2181],[-70.2174,-54.2364],[-70.2417,-54.2748],[-70.3073,-54.2851],[-70.4561,-54.2496],[-70.4981,-54.2251],[-70.4818,-54.2197],[-70.5242,-54.1819],[-70.5238,-54.1627],[-70.5174,-54.199],[-70.5308,-54.2074],[-70.4572,-54.2554],[-70.4916,-54.2525],[-70.6906,-54.1954],[-70.8414,-54.1219],[-70.8404,-54.1078],[-70.7945,-54.106],[-70.7916,-54.0968],[-70.8636,-54.0813],[-70.8814,-54.0606],[-70.8687,-54.0392],[-70.8701,-53.9867],[-70.9018,-53.9338],[-70.8891,-53.9206],[-70.8425,-53.9364],[-70.9066,-53.8824],[-70.8522,-53.8653],[-70.8513,-53.8536],[-70.8732,-53.8476],[-70.8545,-53.842],[-70.8607,-53.8355],[-70.8051,-53.8356],[-70.7843,-53.8239],[-70.6259,-53.8731],[-70.6005,-53.8434],[-70.6011,-53.8244],[-70.6229,-53.8107],[-70.712,-53.776],[-70.6992,-53.7266],[-70.7074,-53.6914],[-70.6614,-53.6861],[-70.5975,-53.65],[-70.5427,-53.6003],[-70.5368,-53.5676],[-70.48,-53.5642],[-70.4606,-53.5835],[-70.4799,-53.6645],[-70.4467,-53.7823],[-70.4337,-53.7932]]],[[[-70.8939843,-53.8988838],[-70.8937979,-53.9011693],[-70.8875994,-53.9033547],[-70.8875576,-53.9056793],[-70.8947991,-53.9050877],[-70.8950894,-53.9026218],[-70.9024193,-53.9015737],[-70.9052899,-53.8998159],[-70.9050688,-53.8971472],[-70.9071633,-53.8970028],[-70.9044774,-53.8944828],[-70.8977568,-53.8969907],[-70.8939843,-53.8988838]]],[[[-70.9072,-53.8958],[-70.9171,-53.8935],[-70.906,-53.8931],[-70.9072,-53.8958]]],[[[-70.3419,-52.9363],[-70.3609,-52.9528],[-70.3668,-52.9447],[-70.3487,-52.9374],[-70.3419,-52.9363]]],[[[-70.5685,-52.9169],[-70.5877,-52.9214],[-70.5664,-52.9141],[-70.5685,-52.9169]]],[[[-70.6993,-52.8553],[-70.6323,-52.8321],[-70.6176,-52.838],[-70.7259,-52.908],[-70.7834,-52.9112],[-70.7855,-52.8919],[-70.7043,-52.86],[-70.6993,-52.8553]]],[[[-69.2783,-55.543],[-69.2933,-55.5476],[-69.281,-55.5686],[-69.313,-55.5563],[-69.3224,-55.5436],[-69.3058,-55.5416],[-69.3098,-55.5215],[-69.2805,-55.5307],[-69.2807,-55.5211],[-69.2516,-55.521],[-69.2268,-55.5393],[-69.2532,-55.5567],[-69.2811,-55.5438],[-69.2783,-55.543]]],[[[-69.6329,-55.5316],[-69.6084,-55.532],[-69.6321,-55.534],[-69.6329,-55.5316]]],[[[-69.5541,-55.4895],[-69.5326,-55.4832],[-69.5041,-55.4966],[-69.5312,-55.4946],[-69.5357,-55.516],[-69.5724,-55.5116],[-69.5506,-55.4918],[-69.5541,-55.4895]]],[[[-69.5868,-55.4758],[-69.5756,-55.4766],[-69.5779,-55.4887],[-69.5972,-55.4802],[-69.5868,-55.4758]]],[[[-69.7853,-55.4808],[-69.7602,-55.4701],[-69.7811,-55.4819],[-69.7853,-55.4808]]],[[[-69.4621,-55.4722],[-69.4359,-55.481],[-69.4653,-55.4959],[-69.4447,-55.5088],[-69.4929,-55.5121],[-69.5137,-55.4692],[-69.5567,-55.4785],[-69.5688,-55.4588],[-69.5947,-55.4714],[-69.5816,-55.4476],[-69.5673,-55.4473],[-69.5856,-55.4355],[-69.6006,-55.4422],[-69.5986,-55.429],[-69.5415,-55.4344],[-69.5449,-55.4453],[-69.517,-55.4417],[-69.4598,-55.4679],[-69.4621,-55.4722]]],[[[-69.6118,-55.4266],[-69.6052,-55.4391],[-69.6165,-55.4392],[-69.6191,-55.4549],[-69.6381,-55.4546],[-69.6412,-55.4456],[-69.6136,-55.4261],[-69.6118,-55.4266]]],[[[-69.5440605,-55.4200576],[-69.5280128,-55.4233516],[-69.526989,-55.4254789],[-69.5337387,-55.4275591],[-69.5456515,-55.4241593],[-69.5481948,-55.4200234],[-69.5440605,-55.4200576]]],[[[-69.6279,-55.4168],[-69.6235,-55.4264],[-69.6403,-55.4364],[-69.6701,-55.4254],[-69.6688,-55.4118],[-69.7027,-55.4194],[-69.6791,-55.4251],[-69.7076,-55.4372],[-69.6645,-55.4408],[-69.6836,-55.471],[-69.7025,-55.4506],[-69.6964,-55.4688],[-69.7178,-55.4665],[-69.7275,-55.4435],[-69.7344,-55.4543],[-69.7985,-55.4563],[-69.7565,-55.4444],[-69.775,-55.4392],[-69.7538,-55.4226],[-69.7744,-55.4139],[-69.7444,-55.4163],[-69.782,-55.4081],[-69.7712,-55.3922],[-69.783,-55.3734],[-69.6354,-55.4017],[-69.6281,-55.4149],[-69.6279,-55.4168]]],[[[-69.5852017,-55.4224646],[-69.5928112,-55.4210239],[-69.5943567,-55.4194237],[-69.5880712,-55.4168144],[-69.5845677,-55.4189497],[-69.5777203,-55.4220307],[-69.5795253,-55.4232083],[-69.5852017,-55.4224646]]],[[[-69.2007566,-55.3969903],[-69.205731,-55.398451],[-69.2083109,-55.3942517],[-69.2120336,-55.3931871],[-69.20982,-55.3882595],[-69.2029413,-55.3865343],[-69.202351,-55.3886488],[-69.1994238,-55.3891654],[-69.1996052,-55.3930758],[-69.2015852,-55.3959854],[-69.2007566,-55.3969903]]],[[[-69.633,-55.3853],[-69.616,-55.3897],[-69.6263,-55.3964],[-69.6417,-55.3855],[-69.633,-55.3853]]],[[[-69.9794,-55.3829],[-69.947,-55.3836],[-69.9578,-55.3973],[-69.9699,-55.3903],[-69.9829,-55.3994],[-69.998,-55.387],[-69.9785,-55.384],[-69.9794,-55.3829]]],[[[-69.839,-55.3797],[-69.8678,-55.37],[-69.8627,-55.3573],[-69.7963,-55.3732],[-69.8036,-55.3901],[-69.8352,-55.3816],[-69.839,-55.3797]]],[[[-69.9212,-55.3763],[-69.9323,-55.3547],[-69.9228,-55.3415],[-69.8997,-55.3849],[-69.9198,-55.3981],[-69.9178,-55.3775],[-69.9212,-55.3763]]],[[[-69.991,-55.3525],[-69.9445,-55.3641],[-69.9891,-55.3732],[-69.9778,-55.3768],[-69.9947,-55.3851],[-70.0126,-55.3742],[-70.0134,-55.4204],[-70.0436,-55.4064],[-70.0272,-55.389],[-70.0792,-55.3822],[-70.0689,-55.3696],[-70.0804,-55.3664],[-70.0391,-55.3643],[-70.0791,-55.3486],[-70.1071,-55.3556],[-70.1448,-55.3288],[-70.0429,-55.3228],[-70.0288,-55.3258],[-70.0449,-55.345],[-70.0252,-55.3517],[-70.013,-55.3389],[-70.0208,-55.3278],[-69.9669,-55.3163],[-69.9627,-55.3299],[-69.9363,-55.3365],[-69.9432,-55.3553],[-69.9905,-55.351],[-69.991,-55.3525]]],[[[-69.8256975,-55.3571166],[-69.8364241,-55.3509712],[-69.8299233,-55.350164],[-69.823912,-55.3512247],[-69.8189737,-55.3554319],[-69.8145486,-55.3535474],[-69.8038792,-55.3579023],[-69.8108806,-55.3607586],[-69.8178939,-55.3579036],[-69.8256975,-55.3571166]]],[[[-70.1616,-55.3524],[-70.1307,-55.3455],[-70.1298,-55.3659],[-70.1625,-55.3544],[-70.1616,-55.3524]]],[[[-69.2156612,-55.3341579],[-69.2120871,-55.3364962],[-69.2140644,-55.3392676],[-69.2218781,-55.3390495],[-69.2317457,-55.3346173],[-69.2323589,-55.3333768],[-69.2300191,-55.3317594],[-69.2307673,-55.3303202],[-69.2259013,-55.3279024],[-69.2217331,-55.3293478],[-69.2253144,-55.3320356],[-69.2156612,-55.3341579]]],[[[-69.8404112,-55.3181349],[-69.8463844,-55.3200595],[-69.8622851,-55.3179646],[-69.856352,-55.3168156],[-69.856568,-55.3155538],[-69.8487649,-55.3149837],[-69.8404112,-55.3181349]]],[[[-70.1432,-55.313],[-70.118,-55.3144],[-70.1423,-55.3145],[-70.1432,-55.313]]],[[[-69.1842,-55.3145],[-69.2192,-55.3139],[-69.2268,-55.2932],[-69.2044,-55.2909],[-69.1793,-55.3136],[-69.1842,-55.3145]]],[[[-70.0894,-55.2964],[-70.1442,-55.3051],[-70.2128,-55.2792],[-70.1558,-55.2753],[-70.0619,-55.2953],[-70.0434,-55.3034],[-70.0598,-55.3068],[-70.0888,-55.2978],[-70.0894,-55.2964]]],[[[-69.2771,-55.3041],[-69.3348,-55.3046],[-69.3166,-55.2974],[-69.3468,-55.3008],[-69.3625,-55.2848],[-69.3607,-55.3024],[-69.3908,-55.2979],[-69.3942,-55.2853],[-69.2674,-55.2596],[-69.2167,-55.2666],[-69.2129,-55.2794],[-69.2385,-55.301],[-69.2743,-55.3079],[-69.2771,-55.3041]]],[[[-69.7214,-55.293],[-69.6733,-55.27],[-69.6783,-55.2838],[-69.7166,-55.2932],[-69.7214,-55.293]]],[[[-69.999214,-55.2727731],[-70.001166,-55.2716541],[-69.997365,-55.2700474],[-69.9946344,-55.2708223],[-69.9863928,-55.272473],[-69.9824297,-55.272114],[-69.9931147,-55.2762086],[-69.9995964,-55.2748594],[-70.0005916,-55.2732763],[-69.999214,-55.2727731]]],[[[-70.0342,-55.2683],[-70.0614,-55.2738],[-70.0682,-55.2641],[-70.0419,-55.2649],[-70.0342,-55.2683]]],[[[-69.292409,-55.2535283],[-69.3003665,-55.2546447],[-69.3023343,-55.2525695],[-69.2890053,-55.2492921],[-69.2815624,-55.2488724],[-69.2809647,-55.2519075],[-69.2781385,-55.2508903],[-69.2734078,-55.2525285],[-69.2817823,-55.2550457],[-69.292409,-55.2535283]]],[[[-70.0514,-55.2492],[-70.0008,-55.2571],[-69.9857,-55.2632],[-69.9993,-55.2667],[-70.098,-55.2566],[-70.0673,-55.2509],[-70.1106,-55.2415],[-70.1027,-55.2287],[-70.1273,-55.2268],[-70.1327,-55.2046],[-70.1018,-55.2024],[-70.0927,-55.219],[-70.0389,-55.2287],[-70.0509,-55.2462],[-70.0514,-55.2492]]],[[[-69.9363,-55.2289],[-69.951,-55.2392],[-69.9678,-55.2246],[-69.9486,-55.2251],[-69.9363,-55.2289]]],[[[-69.203493,-55.224239],[-69.2002809,-55.2272865],[-69.2015269,-55.2299443],[-69.2128905,-55.2295541],[-69.2164911,-55.2268478],[-69.2088946,-55.2230423],[-69.203493,-55.224239]]],[[[-70.0128226,-55.1993711],[-70.0115679,-55.2014327],[-70.018673,-55.2046155],[-70.0393529,-55.2041512],[-70.0376061,-55.2007871],[-70.0282038,-55.1975642],[-70.0128226,-55.1993711]]],[[[-70.0094934,-55.1918859],[-70.0121593,-55.1942228],[-70.029448,-55.1926941],[-70.0163645,-55.1892834],[-70.0094934,-55.1918859]]],[[[-70.2763,-55.1078],[-70.2587,-55.1006],[-70.2628,-55.1103],[-70.2763,-55.1078]]],[[[-69.8074,-55.0626],[-69.8226,-55.0675],[-69.8103,-55.0608],[-69.8074,-55.0626]]],[[[-70.0327,-55.0733],[-70.0337,-55.0823],[-70.076,-55.0848],[-70.0976,-55.0582],[-70.0776,-55.0341],[-69.9872,-55.0189],[-70.0091,-55.052],[-70.037,-55.0468],[-70.043,-55.0563],[-70.0194,-55.0611],[-70.0314,-55.0698],[-70.0327,-55.0733]]],[[[-69.9452,-55.0691],[-70.0119,-55.0707],[-69.956,-55.0034],[-69.9312,-55.0419],[-69.9434,-55.0613],[-69.9452,-55.0691]]],[[[-70.1906,-55.0347],[-70.2212,-55.0405],[-70.1902,-55.0322],[-70.1906,-55.0347]]],[[[-70.1513,-55.0288],[-70.1271,-55.0335],[-70.1578,-55.0456],[-70.1766,-55.0345],[-70.1646,-55.0312],[-70.1513,-55.0288]]],[[[-70.1069938,-55.0307395],[-70.1036314,-55.0343648],[-70.1074014,-55.0381612],[-70.1178174,-55.0371943],[-70.1183815,-55.0316554],[-70.1153437,-55.0297515],[-70.1069938,-55.0307395]]],[[[-70.2653127,-55.0035616],[-70.2640028,-55.000012],[-70.2607529,-54.9986592],[-70.2568125,-55.0007753],[-70.2627615,-55.0033577],[-70.2591105,-55.0047199],[-70.2612082,-55.0087877],[-70.2659051,-55.0121279],[-70.2718022,-55.0095743],[-70.2653127,-55.0035616]]],[[[-70.0151,-55.0033],[-70.0452,-54.9997],[-70.0052,-54.9641],[-70.0138,-54.9607],[-70.0561,-54.9903],[-70.0823,-54.9783],[-70.0826,-55.0105],[-70.1005,-55.023],[-70.1437,-55.023],[-70.1465,-54.9967],[-70.1466,-55.0212],[-70.2053,-55.0279],[-70.191,-54.9921],[-70.2008,-54.9892],[-70.1689,-54.9787],[-70.1752,-54.9701],[-70.1336,-54.967],[-70.1298,-54.9759],[-70.1278,-54.9557],[-70.144,-54.958],[-70.1123,-54.9487],[-70.0612,-54.941],[-70.0585,-54.9558],[-70.0462,-54.9401],[-69.9896,-54.9369],[-69.985,-54.9528],[-69.9497,-54.9574],[-70.0016,-54.9966],[-70.0151,-55.0033]]],[[[-69.496,-54.9242],[-69.4776,-54.9324],[-69.4941,-54.9589],[-69.5357,-54.9684],[-69.4815,-54.962],[-69.4809,-54.9488],[-69.4602,-54.9375],[-69.465,-54.921],[-69.4344,-54.9135],[-69.2893,-54.9438],[-69.2207,-54.9394],[-69.1346,-54.9758],[-69.2794,-54.9921],[-69.3439,-54.9723],[-69.2858,-54.9936],[-69.2955,-54.9997],[-69.438,-55.0248],[-69.4456,-54.9999],[-69.4742,-54.9935],[-69.4554,-55.011],[-69.475,-55.0249],[-69.4947,-55.0176],[-69.4806,-55.0296],[-69.4923,-55.0365],[-69.5958,-55.0443],[-69.6113,-55.0324],[-69.6051,-55.0428],[-69.672,-55.0592],[-69.6978,-55.0587],[-69.7009,-55.0482],[-69.7043,-55.0598],[-69.7857,-55.0649],[-69.8029,-55.0636],[-69.8117,-55.0321],[-69.8093,-55.0593],[-69.8376,-55.0526],[-69.8342,-55.0678],[-69.9304,-55.0673],[-69.9212,-55.0463],[-69.8936,-55.0407],[-69.8911,-55.0267],[-69.9214,-55.0371],[-69.9351,-55.024],[-69.94,-55.0123],[-69.9118,-54.9921],[-69.9345,-54.9991],[-69.9596,-54.9888],[-69.9444,-54.9672],[-69.8996,-54.9558],[-69.8069,-54.9673],[-69.8825,-54.9505],[-69.8971,-54.9339],[-69.9277,-54.9422],[-69.9423,-54.9236],[-69.9174,-54.9098],[-69.8565,-54.9097],[-69.8764,-54.8989],[-69.8576,-54.8897],[-69.7982,-54.8849],[-69.8034,-54.8941],[-69.7737,-54.9157],[-69.7811,-54.9273],[-69.7517,-54.942],[-69.7654,-54.9476],[-69.7414,-54.9552],[-69.7534,-54.9649],[-69.7427,-54.9698],[-69.7538,-54.9916],[-69.7257,-54.9608],[-69.6818,-54.9641],[-69.7086,-54.9682],[-69.6814,-54.9764],[-69.6639,-54.9668],[-69.714,-54.9496],[-69.7268,-54.9328],[-69.6612,-54.9441],[-69.7609,-54.9011],[-69.746,-54.8812],[-69.6745,-54.8789],[-69.6459,-54.8861],[-69.6393,-54.8976],[-69.6496,-54.9049],[-69.6006,-54.8832],[-69.4986,-54.9072],[-69.4797,-54.918],[-69.5013,-54.9197],[-69.496,-54.9242]]],[[[-70.2433,-54.9296],[-70.2408,-54.9404],[-70.2549,-54.9406],[-70.2531,-54.9321],[-70.2433,-54.9296]]],[[[-70.1575,-54.9428],[-70.2031,-54.941],[-70.1445,-54.911],[-70.1244,-54.9154],[-70.1304,-54.9246],[-70.0777,-54.9257],[-70.0682,-54.9312],[-70.1039,-54.9448],[-70.1647,-54.9577],[-70.1779,-54.952],[-70.1545,-54.9443],[-70.1575,-54.9428]]],[[[-69.7531,-54.9167],[-69.7357,-54.9227],[-69.7544,-54.9177],[-69.7531,-54.9167]]],[[[-70.2356,-54.9023],[-70.2502,-54.9078],[-70.2404,-54.9002],[-70.2356,-54.9023]]],[[[-70.2616,-54.8982],[-70.3003,-54.8993],[-70.2597,-54.8965],[-70.2616,-54.8982]]],[[[-70.103,-54.8929],[-70.0026,-54.8907],[-69.9942,-54.8942],[-70.0129,-54.9045],[-70.0841,-54.8969],[-70.103,-54.8929]]],[[[-69.6403041,-54.3088395],[-69.6435164,-54.3078639],[-69.6461576,-54.3040806],[-69.6437067,-54.3018915],[-69.6357355,-54.3017963],[-69.6292158,-54.3037475],[-69.6291206,-54.3050324],[-69.6358545,-54.3087919],[-69.6403041,-54.3088395]]],[[[-69.929,-54.293],[-69.9589,-54.2797],[-69.957,-54.2678],[-69.9156,-54.2754],[-69.9223,-54.2882],[-69.929,-54.293]]],[[[-70.2741,-54.2094],[-70.2831,-54.2009],[-70.2662,-54.2058],[-70.2741,-54.2094]]],[[[-70.2429399,-54.190391],[-70.2473491,-54.1874972],[-70.244119,-54.1828844],[-70.2374329,-54.1827019],[-70.2334766,-54.1851226],[-70.2348693,-54.1890287],[-70.2371606,-54.1902096],[-70.2429399,-54.190391]]],[[[-70.2922,-54.1805],[-70.2959,-54.1723],[-70.2812,-54.1686],[-70.2635,-54.1782],[-70.2875,-54.1835],[-70.2922,-54.1805]]],[[[-68.7098,-56.5248],[-68.7283,-56.5223],[-68.7094,-56.5229],[-68.7098,-56.5248]]],[[[-68.7301,-56.5121],[-68.7408,-56.5065],[-68.7267,-56.5019],[-68.7149,-56.5155],[-68.7259,-56.5154],[-68.7301,-56.5121]]],[[[-69.1433,-55.6502],[-69.1481,-55.6364],[-69.1357,-55.6455],[-69.1433,-55.6502]]],[[[-69.1066,-55.6386],[-69.0873,-55.6345],[-69.1062,-55.6402],[-69.1066,-55.6386]]],[[[-68.9072,-55.6394],[-68.9165,-55.6389],[-68.9078,-55.6264],[-68.894,-55.6253],[-68.904,-55.641],[-68.9072,-55.6394]]],[[[-69.1484,-55.6348],[-69.1453,-55.6155],[-69.1658,-55.5944],[-69.1459,-55.5925],[-69.1193,-55.6144],[-69.1291,-55.6225],[-69.1145,-55.6316],[-69.1396,-55.6263],[-69.1496,-55.6356],[-69.1484,-55.6348]]],[[[-68.9918,-55.6111],[-68.9683,-55.6169],[-68.9841,-55.6212],[-68.9645,-55.6399],[-69.0144,-55.6531],[-69.0206,-55.6176],[-69.0358,-55.6049],[-69.0194,-55.5856],[-69.0325,-55.5725],[-69.0191,-55.5662],[-68.9887,-55.5787],[-68.998,-55.5976],[-68.9775,-55.6065],[-68.9918,-55.6087],[-68.9918,-55.6111]]],[[[-69.1212,-55.582],[-69.1119,-55.591],[-69.1231,-55.5961],[-69.1602,-55.5862],[-69.1202,-55.5768],[-69.1212,-55.582]]],[[[-69.170246,-55.57636],[-69.1683145,-55.5768888],[-69.1691989,-55.5782063],[-69.1643072,-55.5785235],[-69.1617275,-55.5769829],[-69.1589195,-55.5791977],[-69.1664497,-55.5822385],[-69.1705809,-55.582043],[-69.1725319,-55.5847604],[-69.1822339,-55.5827134],[-69.1814768,-55.5814379],[-69.1831677,-55.580475],[-69.1773218,-55.5774731],[-69.170246,-55.57636]]],[[[-68.52,-55.5734],[-68.5055,-55.5817],[-68.529,-55.5803],[-68.5244,-55.5707],[-68.52,-55.5734]]],[[[-68.605,-55.5562],[-68.5934,-55.5581],[-68.604,-55.5595],[-68.605,-55.5562]]],[[[-68.6161,-55.5696],[-68.6245,-55.5851],[-68.694,-55.5658],[-68.7246,-55.525],[-68.7358,-55.5362],[-68.744,-55.5295],[-68.7302,-55.5206],[-68.6751,-55.5293],[-68.625,-55.5521],[-68.6176,-55.57],[-68.6161,-55.5696]]],[[[-68.5860347,-55.5539933],[-68.5906789,-55.5478684],[-68.5843467,-55.5471469],[-68.5720884,-55.5511045],[-68.569402,-55.5538317],[-68.5710552,-55.555974],[-68.5744759,-55.5535986],[-68.5860347,-55.5539933]]],[[[-69.1392936,-55.5519511],[-69.1514949,-55.5538861],[-69.1539058,-55.5529457],[-69.1395447,-55.5483911],[-69.133032,-55.5482603],[-69.1178542,-55.5507085],[-69.12782,-55.5535422],[-69.1392936,-55.5519511]]],[[[-68.5521,-55.5618],[-68.5436,-55.552],[-68.5706,-55.5384],[-68.5233,-55.5304],[-68.5478,-55.5478],[-68.5277,-55.5466],[-68.5212,-55.5685],[-68.5513,-55.5626],[-68.5521,-55.5618]]],[[[-68.8595,-55.5597],[-68.8813,-55.529],[-68.8388,-55.5286],[-68.7938,-55.5527],[-68.812,-55.5659],[-68.856,-55.5599],[-68.8595,-55.5597]]],[[[-68.6683,-55.5293],[-68.6804,-55.5217],[-68.6618,-55.521],[-68.6385,-55.5449],[-68.6704,-55.5304],[-68.6683,-55.5293]]],[[[-68.5882,-55.5248],[-68.5564,-55.5053],[-68.5569,-55.5204],[-68.5361,-55.5246],[-68.5666,-55.5364],[-68.5826,-55.5253],[-68.5882,-55.5248]]],[[[-69.1816,-55.5141],[-69.1686,-55.5035],[-69.1804,-55.5156],[-69.1816,-55.5141]]],[[[-68.9148,-55.4991],[-68.8919,-55.488],[-68.8738,-55.5069],[-68.8728,-55.5251],[-68.898,-55.5222],[-68.9092,-55.5002],[-68.9148,-55.4991]]],[[[-68.5352,-55.4981],[-68.5293,-55.5074],[-68.541,-55.5026],[-68.5352,-55.4981]]],[[[-68.5935,-55.504],[-68.5989,-55.519],[-68.6255,-55.5277],[-68.6694,-55.5086],[-68.6118,-55.4862],[-68.678,-55.4977],[-68.6836,-55.4803],[-68.5773,-55.4812],[-68.5722,-55.4954],[-68.5879,-55.5018],[-68.5935,-55.504]]],[[[-68.5528,-55.4986],[-68.563,-55.4887],[-68.5451,-55.4896],[-68.5503,-55.4982],[-68.5528,-55.4986]]],[[[-68.5327555,-55.4896248],[-68.5307698,-55.4909428],[-68.5322563,-55.4924322],[-68.5286181,-55.4940587],[-68.5297586,-55.495899],[-68.5357416,-55.4968866],[-68.53927,-55.4953413],[-68.5395822,-55.4876795],[-68.537155,-55.4841321],[-68.5355985,-55.4840788],[-68.5311492,-55.4875627],[-68.5327555,-55.4896248]]],[[[-68.8644694,-55.4904741],[-68.8624017,-55.4930468],[-68.8694993,-55.4947899],[-68.875748,-55.4932053],[-68.8756344,-55.490923],[-68.8797985,-55.4886512],[-68.8871502,-55.4886225],[-68.8884482,-55.4862261],[-68.8758647,-55.4849267],[-68.8717724,-55.4869591],[-68.8716633,-55.4912669],[-68.8644694,-55.4904741]]],[[[-68.5442118,-55.4810146],[-68.5431473,-55.4830882],[-68.5532966,-55.4842528],[-68.560788,-55.4831412],[-68.5604382,-55.48068],[-68.5578449,-55.4816656],[-68.5506172,-55.4792009],[-68.5493849,-55.4800374],[-68.5442118,-55.4810146]]],[[[-69.0291,-55.4619],[-68.9801,-55.4755],[-69.0284,-55.4662],[-69.0291,-55.4619]]],[[[-69.1701,-55.4134],[-69.1663,-55.4281],[-69.1776,-55.4142],[-69.1701,-55.4134]]],[[[-69.0538,-55.408],[-69.0203,-55.415],[-69.0335,-55.4203],[-69.0153,-55.4401],[-68.9768,-55.4297],[-68.9573,-55.4459],[-69.0023,-55.4623],[-69.0226,-55.454],[-69.0187,-55.4449],[-69.0383,-55.4446],[-69.0136,-55.4422],[-69.0314,-55.4404],[-69.0247,-55.4351],[-69.0637,-55.4323],[-69.0751,-55.4159],[-69.101,-55.4126],[-69.113,-55.3866],[-69.1342,-55.3764],[-69.1201,-55.3587],[-69.055,-55.3851],[-69.0639,-55.3896],[-69.0566,-55.3953],[-69.0875,-55.4031],[-69.0614,-55.4085],[-69.0538,-55.408]]],[[[-69.1727,-55.4034],[-69.1842,-55.4117],[-69.1907,-55.4028],[-69.18,-55.4017],[-69.1727,-55.4034]]],[[[-69.1886,-55.3898],[-69.1994,-55.3869],[-69.1897,-55.3909],[-69.1886,-55.3898]]],[[[-69.176,-55.3337],[-69.1616,-55.3296],[-69.1289,-55.3493],[-69.1377,-55.3548],[-69.1311,-55.3677],[-69.1525,-55.3621],[-69.1922,-55.3426],[-69.1752,-55.3351],[-69.176,-55.3337]]],[[[-69.2457,-55.4588],[-69.2051,-55.4488],[-69.2263,-55.4674],[-69.2578,-55.4679],[-69.2193,-55.476],[-69.1946,-55.4623],[-69.2012,-55.4713],[-69.1813,-55.4726],[-69.2087,-55.4773],[-69.2028,-55.4841],[-69.1812,-55.4758],[-69.1746,-55.4861],[-69.1676,-55.4638],[-69.1542,-55.4595],[-69.1346,-55.472],[-69.0728,-55.4762],[-69.1479,-55.4811],[-69.0998,-55.4893],[-69.1358,-55.4878],[-69.1353,-55.4968],[-69.1088,-55.4953],[-69.1255,-55.5053],[-69.071,-55.5102],[-69.1048,-55.5125],[-69.0919,-55.5227],[-69.1062,-55.5272],[-69.0868,-55.5332],[-69.1485,-55.5252],[-69.158,-55.4993],[-69.1814,-55.4916],[-69.2067,-55.5212],[-69.2188,-55.5087],[-69.2322,-55.5229],[-69.2948,-55.5151],[-69.3069,-55.482],[-69.2996,-55.4756],[-69.3241,-55.4391],[-69.3072,-55.422],[-69.331,-55.4221],[-69.342,-55.4575],[-69.3333,-55.4688],[-69.3443,-55.4781],[-69.32,-55.4779],[-69.3174,-55.5012],[-69.3386,-55.4886],[-69.3311,-55.5067],[-69.354,-55.5048],[-69.3431,-55.5253],[-69.3588,-55.5551],[-69.3944,-55.5243],[-69.3734,-55.5115],[-69.3687,-55.4882],[-69.3929,-55.4715],[-69.4155,-55.4776],[-69.3956,-55.4591],[-69.4254,-55.454],[-69.3997,-55.4504],[-69.394,-55.4347],[-69.4234,-55.4489],[-69.4841,-55.4412],[-69.4583,-55.4358],[-69.4794,-55.4303],[-69.45,-55.4171],[-69.461,-55.4148],[-69.3501,-55.4001],[-69.4806,-55.4098],[-69.4695,-55.3862],[-69.4252,-55.3795],[-69.4235,-55.3693],[-69.4811,-55.3801],[-69.4949,-55.4086],[-69.5258,-55.4185],[-69.6053,-55.4035],[-69.6106,-55.3922],[-69.5004,-55.3599],[-69.5843,-55.3798],[-69.5784,-55.3656],[-69.5353,-55.3544],[-69.6119,-55.3654],[-69.6103,-55.382],[-69.6606,-55.3685],[-69.6443,-55.3533],[-69.6676,-55.3571],[-69.6054,-55.3392],[-69.6715,-55.3456],[-69.6852,-55.3615],[-69.7878,-55.347],[-69.7525,-55.3429],[-69.7877,-55.3369],[-69.7712,-55.3256],[-69.6704,-55.3375],[-69.7231,-55.3305],[-69.7514,-55.319],[-69.7463,-55.3095],[-69.5245,-55.3049],[-69.6725,-55.2958],[-69.5934,-55.2811],[-69.6606,-55.2853],[-69.6513,-55.2668],[-69.5662,-55.2304],[-69.5244,-55.2368],[-69.5325,-55.2221],[-69.4759,-55.2093],[-69.4804,-55.1947],[-69.5296,-55.2152],[-69.5533,-55.2189],[-69.5627,-55.2084],[-69.5656,-55.224],[-69.6341,-55.2501],[-69.6837,-55.2341],[-69.6482,-55.2533],[-69.7319,-55.2795],[-69.7691,-55.2657],[-69.7375,-55.2553],[-69.7674,-55.2453],[-69.7535,-55.2374],[-69.7704,-55.2308],[-69.7901,-55.2604],[-69.7553,-55.2816],[-69.8076,-55.2945],[-69.8184,-55.2823],[-69.8241,-55.2977],[-69.8545,-55.3058],[-69.8789,-55.2959],[-69.8689,-55.2895],[-69.8937,-55.2877],[-69.8383,-55.2654],[-69.946,-55.2724],[-69.9731,-55.2578],[-69.8877,-55.2603],[-69.8581,-55.241],[-69.8601,-55.2291],[-69.9701,-55.2031],[-69.9342,-55.1974],[-69.8906,-55.2189],[-69.8261,-55.2023],[-69.8464,-55.201],[-69.8514,-55.1842],[-69.8578,-55.2004],[-69.9043,-55.2024],[-69.948,-55.1936],[-69.9382,-55.1816],[-70.0341,-55.1821],[-70.0275,-55.1654],[-70.0067,-55.1643],[-70.0328,-55.1572],[-70.0251,-55.1432],[-69.9976,-55.1382],[-70.0136,-55.1361],[-70.0015,-55.1277],[-69.9729,-55.1311],[-69.9844,-55.1576],[-69.9761,-55.1641],[-69.9604,-55.1502],[-69.9024,-55.1467],[-69.9687,-55.1499],[-69.959,-55.1398],[-69.9659,-55.1308],[-69.9406,-55.1155],[-69.8789,-55.1254],[-69.9392,-55.112],[-69.9147,-55.0933],[-69.8335,-55.0844],[-69.8214,-55.1059],[-69.8015,-55.1003],[-69.816,-55.0968],[-69.8102,-55.0807],[-69.7577,-55.0873],[-69.7728,-55.0781],[-69.7226,-55.0732],[-69.6758,-55.0785],[-69.6833,-55.0903],[-69.6587,-55.104],[-69.6802,-55.1197],[-69.6337,-55.1098],[-69.673,-55.092],[-69.6624,-55.0749],[-69.5704,-55.0535],[-69.5536,-55.0747],[-69.5677,-55.0864],[-69.5458,-55.0875],[-69.5286,-55.1592],[-69.5348,-55.1783],[-69.5824,-55.1852],[-69.543,-55.1865],[-69.5164,-55.1646],[-69.5251,-55.1053],[-69.5469,-55.0617],[-69.5311,-55.0465],[-69.4075,-55.034],[-69.3946,-55.0499],[-69.4577,-55.079],[-69.4148,-55.075],[-69.384,-55.0544],[-69.3191,-55.0746],[-69.3156,-55.0662],[-69.3761,-55.0423],[-69.3755,-55.0306],[-69.2828,-55.0071],[-69.2172,-55.0011],[-69.1681,-55.0377],[-69.1627,-55.0312],[-69.1959,-55.0074],[-69.1684,-54.9969],[-69.075,-54.9943],[-69.0192,-55.0148],[-68.981,-54.9923],[-68.9093,-54.9817],[-68.8064,-54.9881],[-68.714,-54.9501],[-68.6283,-54.939],[-68.6102,-54.9483],[-68.5909,-54.9376],[-68.5818,-54.9455],[-68.5178,-54.9239],[-68.4012,-54.9503],[-68.3616,-54.9922],[-68.3436,-54.9887],[-68.3501,-54.9996],[-68.3037,-55.0328],[-68.3164,-55.0388],[-68.325,-55.0776],[-68.4108,-55.063],[-68.4406,-55.0236],[-68.4485,-55.0287],[-68.405,-55.0779],[-68.4054,-55.092],[-68.4929,-55.1164],[-68.5242,-55.1113],[-68.5576,-55.0855],[-68.6167,-55.0914],[-68.6392,-55.1004],[-68.562,-55.098],[-68.5383,-55.134],[-68.55,-55.1474],[-68.6165,-55.164],[-68.7488,-55.144],[-68.7979,-55.1168],[-68.9996,-55.05],[-69.0118,-55.0272],[-69.0327,-55.0335],[-69.0523,-55.0764],[-69.0688,-55.0804],[-68.9656,-55.076],[-68.9565,-55.0836],[-68.9704,-55.1167],[-68.9035,-55.1254],[-68.7923,-55.1745],[-68.8236,-55.1555],[-68.8121,-55.1529],[-68.7355,-55.1876],[-68.7014,-55.1781],[-68.702,-55.1668],[-68.4989,-55.1957],[-68.4745,-55.1852],[-68.3443,-55.1829],[-68.3331,-55.1863],[-68.3432,-55.2116],[-68.2447,-55.2268],[-68.3267,-55.2345],[-68.2271,-55.2554],[-68.176,-55.2779],[-68.1764,-55.295],[-68.2512,-55.2887],[-68.3836,-55.3093],[-68.4652,-55.2839],[-68.4589,-55.2954],[-68.4846,-55.2905],[-68.4464,-55.306],[-68.5342,-55.3221],[-68.5742,-55.316],[-68.6078,-55.2726],[-68.6445,-55.2557],[-68.7235,-55.2809],[-68.6765,-55.2686],[-68.6317,-55.2736],[-68.6201,-55.2899],[-68.6599,-55.2924],[-68.6427,-55.3016],[-68.6498,-55.3078],[-68.6005,-55.306],[-68.5935,-55.3188],[-68.6174,-55.3375],[-68.6115,-55.3499],[-68.5785,-55.3316],[-68.5239,-55.3362],[-68.5366,-55.3606],[-68.5741,-55.3754],[-68.5329,-55.3701],[-68.4925,-55.3409],[-68.3822,-55.3412],[-68.31,-55.3522],[-68.2961,-55.3685],[-68.3034,-55.3806],[-68.266,-55.3744],[-68.3145,-55.3966],[-68.3177,-55.4061],[-68.3059,-55.4091],[-68.2335,-55.383],[-68.2031,-55.4001],[-68.2128,-55.4038],[-68.2063,-55.4107],[-68.1559,-55.3873],[-68.1363,-55.3904],[-68.1104,-55.4197],[-68.1281,-55.4304],[-68.1272,-55.4505],[-68.1626,-55.4599],[-68.1419,-55.4731],[-68.1684,-55.4781],[-68.0431,-55.4658],[-68.0492,-55.4752],[-68.0228,-55.4772],[-68.0752,-55.5037],[-68.0966,-55.5212],[-68.0903,-55.5283],[-68.1171,-55.5255],[-68.0739,-55.5282],[-68.0465,-55.5476],[-68.0583,-55.5513],[-68.0416,-55.5494],[-68.0375,-55.5807],[-68.0078,-55.5757],[-67.9758,-55.589],[-68.0228,-55.6138],[-67.977,-55.6111],[-67.9952,-55.615],[-67.9791,-55.6274],[-67.9836,-55.6379],[-68.0294,-55.6497],[-68.0124,-55.6539],[-68.0189,-55.6675],[-67.9824,-55.6748],[-68.0135,-55.6757],[-68.0406,-55.7065],[-68.0718,-55.7166],[-68.1335,-55.6656],[-68.1123,-55.632],[-68.1369,-55.6384],[-68.1323,-55.6229],[-68.1459,-55.6126],[-68.1242,-55.5926],[-68.1776,-55.6],[-68.177,-55.6118],[-68.2074,-55.6113],[-68.2094,-55.6254],[-68.2161,-55.6184],[-68.2369,-55.6334],[-68.2749,-55.6252],[-68.2799,-55.6111],[-68.2292,-55.573],[-68.2423,-55.5652],[-68.2145,-55.5338],[-68.265,-55.528],[-68.265,-55.5147],[-68.3055,-55.5058],[-68.3034,-55.4953],[-68.3201,-55.4923],[-68.3037,-55.4877],[-68.3156,-55.4814],[-68.333,-55.4927],[-68.3399,-55.4844],[-68.319,-55.4784],[-68.318,-55.4673],[-68.3383,-55.4672],[-68.3388,-55.4574],[-68.3408,-55.4667],[-68.3691,-55.4678],[-68.3609,-55.4826],[-68.4399,-55.494],[-68.4454,-55.4785],[-68.4934,-55.4742],[-68.4889,-55.4628],[-68.5311,-55.4627],[-68.5153,-55.4469],[-68.5316,-55.4073],[-68.549,-55.4376],[-68.5685,-55.4106],[-68.5962,-55.3994],[-68.6069,-55.4078],[-68.5612,-55.4279],[-68.5992,-55.4289],[-68.5824,-55.4397],[-68.5924,-55.4458],[-68.5593,-55.4563],[-68.5635,-55.4696],[-68.6074,-55.4525],[-68.6104,-55.4673],[-68.6947,-55.473],[-68.7253,-55.4553],[-68.7279,-55.4369],[-68.7502,-55.4314],[-68.776,-55.4438],[-68.7297,-55.4561],[-68.7412,-55.4613],[-68.7323,-55.4719],[-68.7842,-55.4744],[-68.7382,-55.4796],[-68.726,-55.4985],[-68.7785,-55.5136],[-68.804,-55.5035],[-68.8029,-55.4882],[-68.8497,-55.4952],[-68.8784,-55.4817],[-68.8357,-55.4592],[-68.8766,-55.4721],[-68.9167,-55.4621],[-68.8956,-55.4501],[-68.9304,-55.4474],[-68.9297,-55.4294],[-68.8502,-55.3908],[-68.8026,-55.3852],[-68.7639,-55.4061],[-68.7505,-55.3869],[-68.6853,-55.3879],[-68.7391,-55.3871],[-68.7808,-55.3721],[-68.7553,-55.3539],[-68.7225,-55.3536],[-68.7515,-55.3448],[-68.8068,-55.3761],[-68.8438,-55.3737],[-68.9119,-55.4092],[-68.9331,-55.4051],[-68.9199,-55.3923],[-68.9299,-55.3848],[-68.878,-55.3636],[-68.8582,-55.3308],[-68.8374,-55.323],[-68.8603,-55.318],[-68.8698,-55.2839],[-68.8088,-55.2576],[-68.8086,-55.2477],[-68.8568,-55.2344],[-68.8342,-55.2332],[-68.7722,-55.195],[-68.7753,-55.1872],[-68.8272,-55.2177],[-68.861,-55.2127],[-68.8519,-55.2212],[-68.8889,-55.236],[-68.9194,-55.2225],[-68.9181,-55.2374],[-68.9524,-55.2317],[-68.9282,-55.247],[-68.9529,-55.2843],[-68.9732,-55.2842],[-68.9611,-55.2722],[-68.9689,-55.2695],[-68.9989,-55.2848],[-69.0472,-55.2791],[-69.0526,-55.2417],[-69.1041,-55.2087],[-69.0861,-55.1615],[-69.1291,-55.2051],[-69.1198,-55.2244],[-69.0747,-55.2536],[-69.0972,-55.2644],[-69.1366,-55.2529],[-69.1578,-55.2322],[-69.1932,-55.2314],[-69.1984,-55.2101],[-69.2206,-55.209],[-69.2097,-55.2023],[-69.2258,-55.2038],[-69.2282,-55.19],[-69.2706,-55.1998],[-69.2815,-55.1891],[-69.2148,-55.2457],[-69.2264,-55.2545],[-69.2834,-55.2411],[-69.3092,-55.2525],[-69.3286,-55.2462],[-69.3029,-55.2606],[-69.3836,-55.2807],[-69.394,-55.2706],[-69.3888,-55.2555],[-69.4843,-55.2656],[-69.4027,-55.2643],[-69.4158,-55.2847],[-69.4582,-55.2914],[-69.4058,-55.2861],[-69.4111,-55.2991],[-69.4573,-55.3088],[-69.4098,-55.3004],[-69.409,-55.3149],[-69.3987,-55.3126],[-69.4191,-55.3272],[-69.4075,-55.3373],[-69.4313,-55.3456],[-69.4026,-55.3386],[-69.3887,-55.3201],[-69.3979,-55.307],[-69.3583,-55.3064],[-69.3186,-55.3184],[-69.345,-55.3287],[-69.2902,-55.3248],[-69.3278,-55.3391],[-69.3209,-55.3465],[-69.2573,-55.3481],[-69.25,-55.3548],[-69.2736,-55.3619],[-69.2774,-55.3746],[-69.2447,-55.3815],[-69.2826,-55.3903],[-69.1974,-55.4009],[-69.1961,-55.4129],[-69.2266,-55.4185],[-69.1896,-55.4142],[-69.1848,-55.4209],[-69.2093,-55.4234],[-69.18,-55.4323],[-69.2234,-55.4407],[-69.2474,-55.4328],[-69.2331,-55.4481],[-69.2507,-55.4538],[-69.2457,-55.4588]]],[[[-69.0077,-55.3184],[-69.0211,-55.3082],[-69.0134,-55.2991],[-68.967,-55.2894],[-68.9489,-55.3375],[-68.9814,-55.3407],[-69.0036,-55.3204],[-69.0077,-55.3184]]],[[[-68.8831,-55.322],[-68.9048,-55.3543],[-68.9478,-55.3675],[-68.9503,-55.3597],[-68.9271,-55.3586],[-68.9438,-55.3555],[-68.9339,-55.3392],[-68.9552,-55.3127],[-68.946,-55.2911],[-68.9047,-55.2758],[-68.9097,-55.2547],[-68.8594,-55.2433],[-68.8489,-55.2526],[-68.8847,-55.2835],[-68.8805,-55.3175],[-68.8831,-55.322]]],[[[-69.0998,-55.308],[-69.1144,-55.3024],[-69.0963,-55.3059],[-69.0998,-55.308]]],[[[-69.0296,-55.2908],[-69.0397,-55.2967],[-69.0463,-55.2911],[-69.0358,-55.2892],[-69.0296,-55.2908]]],[[[-69.1259,-55.2777],[-69.1168,-55.2819],[-69.1253,-55.2886],[-69.1441,-55.2842],[-69.1288,-55.2763],[-69.1259,-55.2777]]],[[[-69.2,-55.267],[-69.2089,-55.2719],[-69.2028,-55.265],[-69.2,-55.267]]],[[[-68.842,-55.26],[-68.8151,-55.2554],[-68.8401,-55.2618],[-68.842,-55.26]]],[[[-69.1767,-55.2521],[-69.1961,-55.2524],[-69.1932,-55.2428],[-69.1625,-55.2404],[-69.175,-55.2506],[-69.1767,-55.2521]]],[[[-68.6701747,-55.1709552],[-68.6763559,-55.1682471],[-68.6724342,-55.1675789],[-68.650229,-55.1687544],[-68.6445083,-55.1707472],[-68.6469581,-55.1726579],[-68.6538332,-55.1735691],[-68.6701747,-55.1709552]]],[[[-68.7856,-55.1569],[-68.7745,-55.149],[-68.7147,-55.1579],[-68.706,-55.173],[-68.7535,-55.1784],[-68.7877,-55.1575],[-68.7856,-55.1569]]],[[[-68.844,-55.1383],[-68.8244,-55.1434],[-68.8447,-55.1395],[-68.844,-55.1383]]],[[[-68.48,-55.1432],[-68.4877,-55.1365],[-68.4782,-55.1307],[-68.4394,-55.1231],[-68.4096,-55.1302],[-68.4409,-55.1388],[-68.4229,-55.146],[-68.4573,-55.1437],[-68.48,-55.1432]]],[[[-69.1291,-54.9547],[-69.1087,-54.9641],[-69.1288,-54.9568],[-69.1291,-54.9547]]],[[[-69.0689387,-54.4428992],[-69.0888688,-54.4441961],[-69.0925958,-54.4437691],[-69.0955127,-54.4408665],[-69.0779805,-54.4362302],[-69.0762184,-54.4384285],[-69.062205,-54.4391109],[-69.0539049,-54.4419219],[-69.0633014,-54.4446422],[-69.0689387,-54.4428992]]],[[[-67.219,-55.9701],[-67.2502,-55.9629],[-67.261,-55.978],[-67.292,-55.9796],[-67.3164,-55.9683],[-67.292,-55.9577],[-67.2938,-55.9463],[-67.3431,-55.9391],[-67.3469,-55.9223],[-67.272,-55.926],[-67.2169,-55.966],[-67.219,-55.9701]]],[[[-67.4231,-55.8984],[-67.4289,-55.8763],[-67.406,-55.8836],[-67.4093,-55.9005],[-67.4231,-55.8984]]],[[[-67.0904,-55.8574],[-67.1133,-55.8707],[-67.0653,-55.9075],[-67.114,-55.9056],[-67.1722,-55.8751],[-67.1773,-55.8582],[-67.1657,-55.8402],[-67.101,-55.8137],[-67.0736,-55.8351],[-67.1192,-55.8461],[-67.0911,-55.8559],[-67.0904,-55.8574]]],[[[-67.5189,-55.8299],[-67.549,-55.8354],[-67.5291,-55.8521],[-67.5722,-55.8591],[-67.5395,-55.8718],[-67.5594,-55.8965],[-67.6172,-55.8767],[-67.6136,-55.9124],[-67.6421,-55.915],[-67.6536,-55.9038],[-67.6271,-55.8749],[-67.6256,-55.8489],[-67.6617,-55.8431],[-67.6527,-55.8531],[-67.6602,-55.8637],[-67.6956,-55.8545],[-67.7004,-55.8872],[-67.7292,-55.8808],[-67.7323,-55.8558],[-67.7551,-55.8474],[-67.766,-55.8645],[-67.8003,-55.8667],[-67.8,-55.8926],[-67.8144,-55.8955],[-67.8294,-55.8892],[-67.8261,-55.8686],[-67.8723,-55.8841],[-67.9077,-55.8732],[-67.8963,-55.862],[-67.9143,-55.8354],[-67.8917,-55.8228],[-67.8564,-55.8304],[-67.8268,-55.8156],[-67.7291,-55.8338],[-67.7135,-55.8227],[-67.6883,-55.8298],[-67.6688,-55.8148],[-67.6425,-55.8324],[-67.6248,-55.8245],[-67.5722,-55.8375],[-67.5727,-55.8192],[-67.6062,-55.8052],[-67.5955,-55.7955],[-67.5582,-55.8152],[-67.5294,-55.8071],[-67.5098,-55.828],[-67.5189,-55.8299]]],[[[-67.218,-55.8481],[-67.208,-55.8525],[-67.2169,-55.8751],[-67.1955,-55.8809],[-67.2357,-55.8941],[-67.2824,-55.8796],[-67.2913,-55.8661],[-67.348,-55.8665],[-67.3396,-55.8529],[-67.3569,-55.8217],[-67.3707,-55.8352],[-67.4173,-55.8347],[-67.4189,-55.8243],[-67.3892,-55.8116],[-67.3015,-55.805],[-67.2875,-55.8114],[-67.2993,-55.8231],[-67.2221,-55.8466],[-67.218,-55.8481]]],[[[-67.4876,-55.8116],[-67.4679,-55.8147],[-67.4787,-55.8299],[-67.47,-55.8426],[-67.5043,-55.8279],[-67.5014,-55.8154],[-67.4876,-55.8116]]],[[[-67.4883,-55.7967],[-67.4763,-55.8006],[-67.4869,-55.7991],[-67.4883,-55.7967]]],[[[-67.531,-55.8047],[-67.5241,-55.7939],[-67.5097,-55.8031],[-67.5211,-55.8083],[-67.531,-55.8047]]],[[[-67.3659,-55.8036],[-67.3832,-55.8033],[-67.3702,-55.8],[-67.3659,-55.8036]]],[[[-67.2373,-55.8058],[-67.2635,-55.7975],[-67.2465,-55.777],[-67.2096,-55.7575],[-67.1698,-55.7568],[-67.1549,-55.7818],[-67.2086,-55.7832],[-67.2046,-55.8004],[-67.2144,-55.8063],[-67.2373,-55.8058]]],[[[-67.3743,-55.6972],[-67.3653,-55.7013],[-67.376,-55.6982],[-67.3743,-55.6972]]],[[[-67.3435,-55.6168],[-67.3782,-55.6358],[-67.323,-55.6428],[-67.3769,-55.6669],[-67.3692,-55.6755],[-67.3917,-55.6885],[-67.3792,-55.6988],[-67.3851,-55.7074],[-67.3647,-55.7197],[-67.3249,-55.6888],[-67.2743,-55.706],[-67.2564,-55.7257],[-67.3164,-55.7255],[-67.2992,-55.7337],[-67.2962,-55.7526],[-67.2488,-55.7543],[-67.268,-55.7751],[-67.2624,-55.7853],[-67.3531,-55.7936],[-67.3452,-55.7854],[-67.3585,-55.7573],[-67.3913,-55.7719],[-67.3963,-55.765],[-67.3813,-55.7574],[-67.3942,-55.7403],[-67.4219,-55.7695],[-67.4505,-55.7735],[-67.4621,-55.7397],[-67.4775,-55.7397],[-67.4928,-55.7603],[-67.4888,-55.7528],[-67.5249,-55.7436],[-67.5267,-55.7319],[-67.5734,-55.7384],[-67.5817,-55.7275],[-67.5359,-55.728],[-67.5084,-55.7106],[-67.5535,-55.7107],[-67.5455,-55.7053],[-67.5649,-55.6915],[-67.5642,-55.6561],[-67.5366,-55.6449],[-67.5064,-55.6483],[-67.5081,-55.6761],[-67.4859,-55.6672],[-67.4352,-55.6855],[-67.4221,-55.7066],[-67.4309,-55.7174],[-67.4136,-55.7151],[-67.4113,-55.6948],[-67.3982,-55.6897],[-67.4231,-55.6383],[-67.4546,-55.6176],[-67.4983,-55.6214],[-67.472,-55.6045],[-67.4663,-55.5841],[-67.37,-55.5674],[-67.3611,-55.5853],[-67.3789,-55.6021],[-67.34,-55.6149],[-67.3435,-55.6168]]],[[[-67.6016,-55.6833],[-67.6366,-55.6854],[-67.6626,-55.7037],[-67.6791,-55.6976],[-67.6625,-55.6949],[-67.6695,-55.6798],[-67.6959,-55.6764],[-67.6765,-55.6578],[-67.6043,-55.6512],[-67.6352,-55.6205],[-67.6214,-55.5951],[-67.5979,-55.5946],[-67.5967,-55.606],[-67.5461,-55.6284],[-67.572,-55.6442],[-67.5924,-55.6806],[-67.6016,-55.6833]]],[[[-67.5444,-55.6089],[-67.5309,-55.6194],[-67.5504,-55.6187],[-67.5482,-55.6078],[-67.5444,-55.6089]]],[[[-67.3063,-55.6064],[-67.3258,-55.6143],[-67.3348,-55.611],[-67.3219,-55.6046],[-67.3063,-55.6064]]],[[[-67.5341277,-55.6044208],[-67.5384714,-55.6003762],[-67.5331912,-55.6004217],[-67.5281921,-55.6031304],[-67.5183916,-55.6049039],[-67.5194303,-55.605782],[-67.5175627,-55.6086078],[-67.529317,-55.6111532],[-67.531405,-55.6047592],[-67.5341277,-55.6044208]]],[[[-66.7863,-55.5712],[-66.8083,-55.5681],[-66.7994,-55.5616],[-66.7788,-55.5673],[-66.7863,-55.5712]]],[[[-67.6102,-55.5548],[-67.6108,-55.578],[-67.5666,-55.5976],[-67.6173,-55.5808],[-67.6126,-55.5873],[-67.6393,-55.5914],[-67.653,-55.6138],[-67.7452,-55.6201],[-67.74,-55.5985],[-67.7016,-55.5835],[-67.6965,-55.5687],[-67.6697,-55.573],[-67.6918,-55.5627],[-67.6873,-55.5448],[-67.7081,-55.5382],[-67.6926,-55.5064],[-67.6753,-55.5075],[-67.6668,-55.4949],[-67.634,-55.5089],[-67.6081,-55.5324],[-67.6151,-55.5512],[-67.6102,-55.5548]]],[[[-68.0133,-55.5361],[-67.9726,-55.5477],[-68.0317,-55.5639],[-68.0312,-55.5394],[-68.0167,-55.5355],[-68.0133,-55.5361]]],[[[-68.2898,-55.5399],[-68.3078,-55.5483],[-68.315,-55.5349],[-68.2873,-55.5347],[-68.2898,-55.5399]]],[[[-68.0307,-55.5343],[-68.0351,-55.5439],[-68.0466,-55.5363],[-68.0296,-55.5326],[-68.0307,-55.5343]]],[[[-68.4053,-55.5309],[-68.4229,-55.5463],[-68.4346,-55.5339],[-68.4187,-55.5182],[-68.407,-55.5281],[-68.4053,-55.5309]]],[[[-68.3853,-55.5219],[-68.3808,-55.5374],[-68.3952,-55.5123],[-68.3673,-55.5229],[-68.3842,-55.5209],[-68.3853,-55.5219]]],[[[-68.0354336,-55.513719],[-68.031926,-55.5146848],[-68.031449,-55.5195537],[-68.0385757,-55.5219232],[-68.0430981,-55.5207322],[-68.0428586,-55.5189583],[-68.0354336,-55.513719]]],[[[-68.4212,-55.5113],[-68.409,-55.5003],[-68.3899,-55.5076],[-68.4228,-55.5119],[-68.4212,-55.5113]]],[[[-68.3475,-55.469],[-68.3312,-55.4706],[-68.339,-55.4799],[-68.3459,-55.4718],[-68.3475,-55.469]]],[[[-68.043,-55.4307],[-68.0493,-55.4374],[-68.0528,-55.4277],[-68.043,-55.4307]]],[[[-68.0777,-55.4324],[-68.0673,-55.4272],[-68.0759,-55.4333],[-68.0777,-55.4324]]],[[[-68.0627,-55.3958],[-68.0532,-55.4042],[-68.1143,-55.4054],[-68.0849,-55.3969],[-68.0627,-55.3958]]],[[[-66.7756,-55.3154],[-66.788,-55.3248],[-66.8071,-55.3182],[-66.803,-55.3027],[-66.7801,-55.3107],[-66.7756,-55.3154]]],[[[-66.8548,-55.2732],[-66.841,-55.2982],[-66.8167,-55.3026],[-66.8563,-55.3123],[-66.8526,-55.327],[-66.8713,-55.3348],[-66.8595,-55.3428],[-67.0118,-55.3477],[-67.0346,-55.3373],[-67.0429,-55.2913],[-67.0616,-55.2765],[-67.0033,-55.2471],[-66.9955,-55.2317],[-66.9038,-55.217],[-66.8654,-55.2256],[-66.842,-55.2698],[-66.8617,-55.2697],[-66.8548,-55.2732]]],[[[-66.6802531,-55.2717015],[-66.6773776,-55.2738386],[-66.6791895,-55.2771521],[-66.6886986,-55.2813824],[-66.6931856,-55.2817808],[-66.6945341,-55.2797296],[-66.6917834,-55.2774628],[-66.6916415,-55.2751332],[-66.6802531,-55.2717015]]],[[[-67.8185,-55.2811],[-67.8414,-55.2783],[-67.8138,-55.2688],[-67.8185,-55.2811]]],[[[-67.8710018,-55.237768],[-67.86804503813575,-55.239982793769045],[-67.86810459832772,-55.240028530205386],[-67.8753595,-55.2393928],[-67.8724718,-55.2420205],[-67.8759654,-55.2434273],[-67.88741,-55.2387814],[-67.882015,-55.2366271],[-67.8710018,-55.237768]]],[[[-67.96,-55.251],[-67.9778,-55.2469],[-67.93,-55.2108],[-67.9054,-55.2126],[-67.916,-55.2235],[-67.9053,-55.2238],[-67.9333,-55.2491],[-67.9605,-55.253],[-67.96,-55.251]]],[[[-66.4184,-55.2234],[-66.4791,-55.2235],[-66.5185,-55.2576],[-66.5031,-55.2712],[-66.5179,-55.2757],[-66.6449,-55.2873],[-66.654,-55.206],[-66.5263,-55.1732],[-66.431,-55.1936],[-66.4166,-55.2214],[-66.4184,-55.2234]]],[[[-68.2108,-55.232],[-68.2462,-55.2337],[-68.2357,-55.2223],[-68.2185,-55.2279],[-68.2108,-55.232]]],[[[-67.898,-55.2243],[-67.875,-55.2303],[-67.8991,-55.2262],[-67.898,-55.2243]]],[[[-68.2619,-55.2239],[-68.2832,-55.2206],[-68.258,-55.2217],[-68.2619,-55.2239]]],[[[-68.2147,-55.2208],[-68.3218,-55.196],[-68.3277,-55.1687],[-68.2607,-55.1588],[-68.2055,-55.2041],[-68.2088,-55.222],[-68.2147,-55.2208]]],[[[-68.3119,-55.1311],[-68.2868,-55.1297],[-68.3117,-55.1328],[-68.3119,-55.1311]]],[[[-67.8092,-55.2359],[-67.7365,-55.244],[-67.7355,-55.2307],[-67.8739,-55.1992],[-67.8649,-55.1881],[-67.9147,-55.2004],[-67.9179,-55.1857],[-67.9533,-55.2203],[-68.0116,-55.2199],[-68.0277,-55.2381],[-68.0978,-55.2168],[-68.1186,-55.2223],[-68.109,-55.2138],[-68.1341,-55.1887],[-68.1176,-55.1732],[-68.0559,-55.1762],[-68.1234,-55.1709],[-68.15,-55.1501],[-68.1715,-55.1003],[-68.1456,-55.051],[-68.1798,-55.0072],[-68.1731,-54.9925],[-68.1973,-54.9981],[-68.1824,-54.9859],[-68.2113,-54.972],[-68.1993,-54.9985],[-68.304,-55.0015],[-68.3519,-54.9815],[-68.3783,-54.947],[-68.3294,-54.9211],[-68.2818,-54.9302],[-68.208,-54.9193],[-68.2199,-54.9099],[-68.2044,-54.9078],[-68.2266,-54.9018],[-68.1121,-54.9082],[-67.9666,-54.894],[-67.877,-54.9125],[-67.7729,-54.9156],[-67.7788,-54.9243],[-67.7091,-54.9291],[-67.7255,-54.931],[-67.71,-54.9408],[-67.529,-54.9234],[-67.4772,-54.9374],[-67.4543,-54.9227],[-67.283,-54.9282],[-67.3,-54.9368],[-67.2162,-54.9493],[-67.163,-54.9765],[-67.1421,-55.0145],[-67.0895,-55.0501],[-67.0745,-55.0822],[-67.0523,-55.0828],[-67.0615,-55.1003],[-67.0448,-55.1286],[-67.0462,-55.1595],[-67.0828,-55.1872],[-67.0868,-55.2106],[-67.1428,-55.2296],[-67.1526,-55.251],[-67.2225,-55.2961],[-67.2205,-55.3209],[-67.2982,-55.3314],[-67.4349,-55.3174],[-67.4689,-55.2693],[-67.4176,-55.208],[-67.505,-55.1768],[-67.5958,-55.1976],[-67.6238,-55.2379],[-67.6085,-55.258],[-67.6136,-55.2783],[-67.7143,-55.2651],[-67.7446,-55.25],[-67.8561,-55.2568],[-67.8718,-55.2415],[-67.8552,-55.2327],[-67.8797,-55.2197],[-67.8138,-55.2365],[-67.8092,-55.2359]]],[[[-66.8509,-55.0631],[-66.8138,-55.1177],[-66.839,-55.1177],[-66.8229,-55.1171],[-66.8315,-55.0958],[-66.841,-55.1081],[-66.8286,-55.1144],[-66.8584,-55.1165],[-66.8847,-55.095],[-67.0442,-55.0285],[-67.0602,-54.9975],[-67.0293,-54.9881],[-66.929,-55.0234],[-66.8767,-55.0234],[-66.8602,-55.0283],[-66.8522,-55.0566],[-66.8509,-55.0631]]],[[[-68.1610629,-55.0527435],[-68.1703178,-55.0489909],[-68.1704734,-55.0459153],[-68.1661145,-55.0454101],[-68.1556386,-55.0470941],[-68.1512677,-55.0515136],[-68.1558982,-55.0533416],[-68.1610629,-55.0527435]]],[[[-68.2293,-55.0459],[-68.2636,-55.0365],[-68.2826,-55.0072],[-68.2161,-55.0145],[-68.2311,-55.0242],[-68.2249,-55.044],[-68.2293,-55.0459]]],[[[-68.2889,-55.0131],[-68.3081,-55.0089],[-68.287,-55.0101],[-68.2889,-55.0131]]],[[[-66.9377443,-55.0146358],[-66.9356352,-55.0101445],[-66.9295932,-55.0073846],[-66.9256191,-55.0082251],[-66.9216652,-55.0094245],[-66.9233299,-55.0125081],[-66.9255315,-55.0135099],[-66.9322522,-55.0110608],[-66.933558,-55.0144267],[-66.9377443,-55.0146358]]],[[[-68.2768,-54.9157],[-68.2528,-54.9212],[-68.2945,-54.9212],[-68.2964,-54.9113],[-68.2726,-54.9132],[-68.2768,-54.9157]]],[[[-68.329,-54.9124],[-68.3407,-54.9081],[-68.3271,-54.9102],[-68.329,-54.9124]]],[[[-68.1859354,-54.9003761],[-68.1846269,-54.8993336],[-68.1863622,-54.8974331],[-68.1819693,-54.8973057],[-68.1728877,-54.8980274],[-68.169749,-54.8978347],[-68.1741934,-54.902133],[-68.1859354,-54.9003761]]]]}},{"type":"Feature","properties":{"codigo_region":"13","region":"Región Metropolitana de Santiago","area_km2":15392.0307},"geometry":{"type":"MultiPolygon","coordinates":[[[[-70.8249,-33.9618],[-70.7977,-33.9752],[-70.7918,-33.9936],[-70.8088,-34.0258],[-70.8197,-34.0363],[-70.8454,-34.0283],[-70.8883,-34.0391],[-70.8928,-34.0752],[-70.9378,-34.0894],[-70.9293,-34.1371],[-70.9145,-34.1445],[-70.9707,-34.1725],[-71.0326,-34.1648],[-71.0719,-34.1839],[-71.1179,-34.1634],[-71.1857,-34.1572],[-71.2674,-34.0836],[-71.2707,-34.0524],[-71.3015,-34.0313],[-71.3901,-34.0759],[-71.415,-34.0573],[-71.4124,-34.0366],[-71.4483,-34.0139],[-71.5664,-33.9839],[-71.5879,-34.0331],[-71.6164,-34.0031],[-71.6678,-33.9971],[-71.6711,-33.9734],[-71.7115,-33.9675],[-71.7134,-33.9447],[-71.677,-33.9189],[-71.5819,-33.8673],[-71.5563,-33.8738],[-71.5557,-33.7814],[-71.5457,-33.7655],[-71.5214,-33.7789],[-71.4952,-33.769],[-71.4758,-33.7836],[-71.4288,-33.7891],[-71.359,-33.7563],[-71.3585,-33.7465],[-71.393,-33.7376],[-71.3987,-33.7187],[-71.4201,-33.7082],[-71.4199,-33.6882],[-71.4376,-33.6794],[-71.4267,-33.6604],[-71.3997,-33.6632],[-71.3807,-33.6221],[-71.3362,-33.6076],[-71.3316,-33.5354],[-71.351,-33.5286],[-71.3532,-33.4925],[-71.3361,-33.456],[-71.3425,-33.4158],[-71.2839,-33.4106],[-71.2669,-33.3877],[-71.2231,-33.3731],[-71.1958,-33.312],[-71.2268,-33.2684],[-71.2108,-33.2317],[-71.1624,-33.2255],[-71.1402,-33.2377],[-71.0939,-33.2194],[-71.0751,-33.2306],[-71.0601,-33.2251],[-71.057,-33.2045],[-71.0274,-33.2166],[-71.0272,-33.2021],[-70.9977,-33.1986],[-70.9896,-33.1767],[-71.0106,-33.1549],[-71.015,-33.0954],[-71.0298,-33.0842],[-71.0013,-33.0471],[-71.0269,-32.9883],[-71.0142,-32.9763],[-70.9397,-32.9729],[-70.9072,-32.9364],[-70.8419,-32.9224],[-70.7715,-32.9355],[-70.7359,-32.9219],[-70.7219,-32.926],[-70.7203,-32.953],[-70.7059,-32.9599],[-70.6043,-32.9421],[-70.5928,-32.9697],[-70.5463,-33.0137],[-70.5525,-33.034],[-70.5278,-33.0504],[-70.5089,-33.0886],[-70.4813,-33.0804],[-70.4359,-33.0229],[-70.4138,-33.025],[-70.3988,-33.0328],[-70.4056,-33.0656],[-70.3726,-33.1058],[-70.3361,-33.0975],[-70.2996,-33.1134],[-70.2929,-33.1285],[-70.2706,-33.1331],[-70.2659,-33.1813],[-70.2429,-33.1869],[-70.2262,-33.1494],[-70.234,-33.1386],[-70.1824,-33.1019],[-70.1555,-33.1131],[-70.1586,-33.0992],[-70.1341,-33.094],[-70.0929,-33.0517],[-70.0674,-33.0872],[-70.0762,-33.12],[-70.052,-33.1366],[-70.0672,-33.1553],[-70.0574,-33.1716],[-70.0648,-33.205],[-70.0552,-33.2258],[-70.0266,-33.2349],[-70.0387,-33.2702],[-70.0062,-33.286],[-70.0029,-33.3226],[-69.9173,-33.2673],[-69.9166,-33.2442],[-69.904,-33.2729],[-69.8597,-33.2832],[-69.8406,-33.2717],[-69.7999,-33.288],[-69.7719,-33.3412],[-69.7842,-33.3881],[-69.8128,-33.3924],[-69.7957,-33.4216],[-69.818,-33.4292],[-69.8151,-33.4692],[-69.8299,-33.4807],[-69.8353,-33.5153],[-69.8715,-33.5394],[-69.8657,-33.5874],[-69.8808,-33.6185],[-69.87,-33.6519],[-69.8843,-33.6837],[-69.8642,-33.7164],[-69.9041,-33.7724],[-69.8923,-33.7926],[-69.899,-33.8451],[-69.8732,-33.8608],[-69.8554,-33.8922],[-69.8907,-33.9211],[-69.9055,-33.9647],[-69.8823,-33.9766],[-69.857,-33.9633],[-69.8393,-34.0077],[-69.8218,-34.016],[-69.8537,-34.0552],[-69.8331,-34.0709],[-69.8344,-34.0865],[-69.8601,-34.104],[-69.8729,-34.1339],[-69.8012,-34.1934],[-69.806,-34.2468],[-69.897,-34.2657],[-69.9088,-34.2909],[-69.9406,-34.2798],[-69.9708,-34.2499],[-70.003,-34.2613],[-70.0301,-34.2887],[-70.0528,-34.2801],[-70.0504,-34.2265],[-70.0717,-34.2025],[-70.1149,-34.201],[-70.1635,-34.1596],[-70.1613,-34.1339],[-70.1417,-34.1207],[-70.1639,-34.1015],[-70.1694,-34.0452],[-70.1839,-34.0331],[-70.2438,-34.0341],[-70.2616,-34.0712],[-70.3402,-34.0532],[-70.3443,-34.0397],[-70.3211,-34.0002],[-70.3763,-33.928],[-70.3746,-33.8849],[-70.3988,-33.8799],[-70.4188,-33.8563],[-70.4962,-33.8608],[-70.5173,-33.8877],[-70.5536,-33.8812],[-70.5789,-33.8972],[-70.6001,-33.8944],[-70.6548,-33.9366],[-70.7012,-33.9055],[-70.7581,-33.9428],[-70.7968,-33.9309],[-70.8227,-33.9559],[-70.8249,-33.9618]]]]}},{"type":"Feature","properties":{"codigo_region":"14","region":"Región de Los Ríos","area_km2":18245.0805},"geometry":{"type":"MultiPolygon","coordinates":[[[[-73.6977,-39.9955],[-73.6766,-39.9836],[-73.6788,-39.9657],[-73.5933,-39.957],[-73.5847,-39.9412],[-73.5928,-39.9314],[-73.5168,-39.9157],[-73.4859,-39.8921],[-73.4676,-39.8511],[-73.4249,-39.8701],[-73.4309,-39.8858],[-73.4026,-39.9067],[-73.4044,-39.9264],[-73.3891,-39.9457],[-73.3741,-39.9377],[-73.3841,-39.9075],[-73.3759,-39.8951],[-73.3558,-39.9162],[-73.3388,-39.9126],[-73.3222,-39.9526],[-73.2816,-39.9466],[-73.2545,-39.9028],[-73.2219,-39.9375],[-73.2463,-39.9169],[-73.2572,-39.8723],[-73.2065,-39.8927],[-73.1802,-39.8878],[-73.1486,-39.9138],[-73.1593,-39.909],[-73.153,-39.893],[-73.164,-39.8741],[-73.2064,-39.891],[-73.2667,-39.8694],[-73.2671,-39.8404],[-73.2456,-39.8092],[-73.2165,-39.8222],[-73.2087,-39.7954],[-73.1917,-39.7851],[-73.1606,-39.8062],[-73.1282,-39.7901],[-73.1615,-39.804],[-73.1905,-39.7824],[-73.2118,-39.7943],[-73.2226,-39.82],[-73.2642,-39.7847],[-73.2492,-39.775],[-73.2405,-39.7253],[-73.1897,-39.7221],[-73.1391,-39.7398],[-73.1359,-39.725],[-73.1423,-39.736],[-73.1832,-39.7278],[-73.1899,-39.7203],[-73.18,-39.7116],[-73.1586,-39.7005],[-73.1303,-39.7079],[-73.1035,-39.6874],[-73.0824,-39.7053],[-73.093,-39.6915],[-73.0798,-39.6781],[-73.1318,-39.703],[-73.1858,-39.6923],[-73.1499,-39.6531],[-73.132,-39.6503],[-73.161,-39.6608],[-73.1402,-39.622],[-73.1654,-39.6638],[-73.1769,-39.6349],[-73.1284,-39.595],[-73.1819,-39.6192],[-73.1892,-39.6535],[-73.1793,-39.67],[-73.196,-39.6807],[-73.22,-39.677],[-73.2218,-39.661],[-73.2355,-39.6653],[-73.1999,-39.6808],[-73.217,-39.7155],[-73.2384,-39.7153],[-73.2331,-39.7032],[-73.2458,-39.6928],[-73.2412,-39.7191],[-73.2626,-39.7373],[-73.2846,-39.7322],[-73.2687,-39.7391],[-73.2583,-39.7697],[-73.2799,-39.7979],[-73.2656,-39.8296],[-73.2772,-39.8447],[-73.4003,-39.8748],[-73.3923,-39.848],[-73.4052,-39.8442],[-73.4085,-39.8216],[-73.3897,-39.7638],[-73.4116,-39.7172],[-73.4049,-39.6938],[-73.3672,-39.6861],[-73.3508,-39.6702],[-73.3607,-39.6555],[-73.32,-39.6366],[-73.3064,-39.6016],[-73.2831,-39.5885],[-73.2904,-39.5568],[-73.2794,-39.5415],[-73.2539,-39.5389],[-73.2501,-39.5188],[-73.2613,-39.5088],[-73.2459,-39.4903],[-73.2646,-39.4544],[-73.1876,-39.4465],[-73.2214,-39.4436],[-73.2223,-39.4036],[-73.2433,-39.3905],[-73.1676,-39.4179],[-73.1313,-39.3935],[-73.0954,-39.3933],[-73.0709,-39.3594],[-73.0331,-39.3364],[-73.0241,-39.2983],[-73.0092,-39.2919],[-72.9459,-39.3174],[-72.9084,-39.2896],[-72.8478,-39.2938],[-72.8329,-39.3151],[-72.8585,-39.3348],[-72.8572,-39.3553],[-72.8996,-39.38],[-72.8975,-39.4302],[-72.8566,-39.398],[-72.8446,-39.4127],[-72.7934,-39.4053],[-72.7863,-39.4308],[-72.7436,-39.4409],[-72.7216,-39.4259],[-72.6871,-39.4336],[-72.6588,-39.4601],[-72.5337,-39.4344],[-72.5169,-39.4773],[-72.438,-39.4757],[-72.3731,-39.5058],[-72.3296,-39.5102],[-72.2844,-39.4908],[-72.2688,-39.5134],[-72.1191,-39.5104],[-72.011,-39.4475],[-71.9639,-39.4454],[-71.9397,-39.4195],[-71.9206,-39.4213],[-71.8663,-39.4367],[-71.8109,-39.4896],[-71.7596,-39.5086],[-71.7262,-39.4961],[-71.7018,-39.5054],[-71.7082,-39.5352],[-71.697,-39.5619],[-71.6809,-39.5647],[-71.697,-39.5873],[-71.6948,-39.6242],[-71.7158,-39.6343],[-71.7162,-39.6492],[-71.6695,-39.6821],[-71.6714,-39.6923],[-71.7052,-39.6954],[-71.694,-39.7071],[-71.7122,-39.7239],[-71.6803,-39.7691],[-71.6839,-39.8022],[-71.6672,-39.8079],[-71.6929,-39.8258],[-71.6907,-39.8447],[-71.6785,-39.8602],[-71.6406,-39.8556],[-71.633,-39.8825],[-71.6142,-39.8745],[-71.5933,-39.9017],[-71.5998,-39.925],[-71.6255,-39.9388],[-71.6194,-39.9721],[-71.6458,-39.971],[-71.6676,-39.9929],[-71.6732,-40.0254],[-71.6884,-40.0328],[-71.6665,-40.0728],[-71.6744,-40.1048],[-71.699,-40.1175],[-71.8124,-40.0802],[-71.8314,-40.1062],[-71.8038,-40.1098],[-71.7997,-40.1373],[-71.8121,-40.1393],[-71.8089,-40.1518],[-71.8289,-40.1725],[-71.7985,-40.1869],[-71.8276,-40.2052],[-71.824,-40.2328],[-71.8079,-40.2322],[-71.7851,-40.2693],[-71.7612,-40.2761],[-71.7619,-40.2989],[-71.7355,-40.305],[-71.7156,-40.2792],[-71.6714,-40.311],[-71.673,-40.3429],[-71.6587,-40.3469],[-71.657,-40.3636],[-71.693,-40.3723],[-71.6916,-40.4018],[-71.7101,-40.4243],[-71.7493,-40.435],[-71.7597,-40.4158],[-71.7732,-40.4233],[-71.8088,-40.4066],[-71.8423,-40.4529],[-71.8421,-40.4901],[-71.8563,-40.5084],[-71.843,-40.5253],[-71.8597,-40.5353],[-71.8586,-40.5545],[-71.8892,-40.5514],[-71.8803,-40.5797],[-71.9287,-40.5906],[-71.97,-40.6344],[-72.0538,-40.6303],[-72.079,-40.6599],[-72.1617,-40.658],[-72.1999,-40.6716],[-72.2495,-40.6662],[-72.2861,-40.6463],[-72.3348,-40.6758],[-72.3542,-40.6603],[-72.4375,-40.6542],[-72.6068,-40.6811],[-72.6444,-40.6564],[-72.6579,-40.6242],[-72.6908,-40.626],[-72.7812,-40.5958],[-72.7967,-40.5657],[-72.8192,-40.5565],[-72.8146,-40.5451],[-72.8323,-40.5491],[-72.8924,-40.5063],[-72.9068,-40.4408],[-72.9216,-40.4411],[-72.9803,-40.3852],[-73.0598,-40.3709],[-73.0795,-40.3447],[-73.1496,-40.3608],[-73.1776,-40.3474],[-73.2758,-40.3512],[-73.3075,-40.3342],[-73.4069,-40.3376],[-73.429,-40.3062],[-73.4465,-40.3049],[-73.4562,-40.2695],[-73.5131,-40.2888],[-73.5779,-40.2835],[-73.5962,-40.3016],[-73.6694,-40.2781],[-73.6831,-40.2612],[-73.6808,-40.2378],[-73.7167,-40.2438],[-73.7254,-40.1997],[-73.6944,-40.1902],[-73.6825,-40.1588],[-73.6616,-40.1591],[-73.6544,-40.1394],[-73.6637,-40.0555],[-73.6841,-40.0192],[-73.7071,-40.0063],[-73.6977,-39.9955]]],[[[-73.2824,-39.885],[-73.2573,-39.9011],[-73.2857,-39.9458],[-73.33,-39.9302],[-73.3253,-39.9212],[-73.3446,-39.9015],[-73.3291,-39.8987],[-73.38,-39.8834],[-73.3114,-39.8575],[-73.2817,-39.8812],[-73.2824,-39.885]]],[[[-73.3967,-39.8934],[-73.392,-39.8865],[-73.3892,-39.8962],[-73.3967,-39.8934]]],[[[-73.2624,-39.8955],[-73.2691,-39.8835],[-73.2593,-39.8957],[-73.2624,-39.8955]]],[[[-73.2659,-39.8762],[-73.2742,-39.8866],[-73.2817,-39.8787],[-73.2657,-39.8717],[-73.2659,-39.8762]]],[[[-73.3102754,-39.8490319],[-73.3042758,-39.8508002],[-73.293181,-39.8538943],[-73.2909554,-39.8559067],[-73.2941343,-39.8590346],[-73.2991423,-39.857455],[-73.3102754,-39.8490319]]],[[[-73.2787,-39.8485],[-73.2934,-39.8485],[-73.2778,-39.8454],[-73.2787,-39.8485]]],[[[-73.2694,-39.8011],[-73.2664,-39.7852],[-73.2576,-39.7906],[-73.2454,-39.8065],[-73.2541,-39.8211],[-73.2608,-39.8263],[-73.2718,-39.805],[-73.2694,-39.8011]]],[[[-73.1982,-39.705],[-73.202,-39.7129],[-73.2044,-39.7039],[-73.1982,-39.705]]]]}},{"type":"Feature","properties":{"codigo_region":"15","region":"Región de Arica y Parinacota","area_km2":16866.8198},"geometry":{"type":"MultiPolygon","coordinates":[[[[-69.0736,-19.0392],[-69.158,-19.1048],[-69.1923,-19.0955],[-69.2032,-19.11],[-69.2349,-19.0945],[-69.3182,-19.1343],[-69.3149,-19.1031],[-69.3948,-19.0622],[-69.4039,-19.0337],[-69.4201,-19.025],[-69.4735,-19.0364],[-69.6429,-19.0209],[-69.8276,-19.0469],[-69.8861,-19.0343],[-69.9531,-19.0511],[-70.099,-19.1194],[-70.1306,-19.1543],[-70.2866,-19.23],[-70.2691,-19.204],[-70.2688,-19.1454],[-70.3174,-19.0206],[-70.3099,-18.9636],[-70.3585,-18.799],[-70.3372,-18.7458],[-70.3481,-18.6421],[-70.3384,-18.5597],[-70.3166,-18.5144],[-70.3294,-18.4919],[-70.3034,-18.4481],[-70.3805,-18.3501],[-70.3216,-18.3118],[-70.1494,-18.3192],[-70.0502,-18.2691],[-69.9851,-18.2698],[-69.8601,-18.1703],[-69.8162,-18.1166],[-69.755,-17.9895],[-69.7506,-17.9475],[-69.799,-17.8657],[-69.8006,-17.7626],[-69.822,-17.7439],[-69.8259,-17.7053],[-69.7968,-17.6465],[-69.6661,-17.6606],[-69.4684,-17.4978],[-69.4674,-17.6052],[-69.3428,-17.724],[-69.3333,-17.7661],[-69.313,-17.7897],[-69.2999,-17.8608],[-69.3108,-17.8998],[-69.2881,-17.9605],[-69.2672,-17.9674],[-69.2561,-17.9545],[-69.256,-17.9748],[-69.2324,-17.9882],[-69.2195,-17.9805],[-69.1211,-18.0043],[-69.0576,-18.0599],[-69.1038,-18.1194],[-69.1264,-18.1259],[-69.1435,-18.163],[-69.0629,-18.2353],[-69.0735,-18.2904],[-69.0381,-18.3226],[-69.0518,-18.3375],[-69.0566,-18.376],[-69.0483,-18.4266],[-69.0028,-18.4825],[-69.0171,-18.5726],[-69.0073,-18.6015],[-69.0283,-18.6018],[-69.0369,-18.6217],[-69.0104,-18.6367],[-68.9844,-18.6786],[-68.9845,-18.7124],[-68.916,-18.8902],[-68.9569,-18.9448],[-69.0202,-18.9537],[-69.0276,-18.9743],[-69.0098,-18.9975],[-69.0475,-19.0313],[-69.071,-19.029],[-69.0736,-19.0392]]]]}},{"type":"Feature","properties":{"codigo_region":"16","region":"Región de Ñuble","area_km2":13104.4132},"geometry":{"type":"MultiPolygon","coordinates":[[[[-72.3895,-36.9162],[-72.4134,-36.9299],[-72.4615,-36.9275],[-72.4514,-36.9083],[-72.4694,-36.9131],[-72.4828,-36.8969],[-72.5037,-36.8952],[-72.5166,-36.9393],[-72.527,-36.9289],[-72.6536,-36.92],[-72.6429,-36.8816],[-72.5677,-36.8928],[-72.5605,-36.8829],[-72.5731,-36.8658],[-72.5565,-36.8473],[-72.5387,-36.8492],[-72.593,-36.816],[-72.603,-36.7674],[-72.5875,-36.7517],[-72.5973,-36.7463],[-72.591,-36.7333],[-72.6186,-36.6894],[-72.6542,-36.6667],[-72.7201,-36.655],[-72.7351,-36.64],[-72.7336,-36.6174],[-72.7768,-36.6241],[-72.7674,-36.603],[-72.7989,-36.6055],[-72.7991,-36.5621],[-72.8265,-36.543],[-72.828,-36.5263],[-72.8191,-36.5128],[-72.7931,-36.5106],[-72.8135,-36.482],[-72.81,-36.4596],[-72.873,-36.4575],[-72.8861,-36.4433],[-72.8708,-36.3832],[-72.8098,-36.2776],[-72.8241,-36.1952],[-72.8047,-36.1431],[-72.814,-36.093],[-72.7787,-36.0406],[-72.7807,-36.014],[-72.76,-36.0054],[-72.7192,-36.0235],[-72.684,-36.0195],[-72.6553,-36.0468],[-72.6465,-36.0155],[-72.6202,-36.0365],[-72.6206,-36.0548],[-72.5927,-36.0621],[-72.5879,-36.0751],[-72.4933,-36.072],[-72.5006,-36.0977],[-72.4891,-36.1269],[-72.5016,-36.1433],[-72.4264,-36.1574],[-72.4014,-36.1763],[-72.359,-36.1572],[-72.3385,-36.1743],[-72.3376,-36.2054],[-72.3603,-36.2149],[-72.4124,-36.2079],[-72.4125,-36.2231],[-72.3806,-36.2532],[-72.3211,-36.2325],[-72.2776,-36.2615],[-72.2373,-36.207],[-72.1391,-36.2459],[-72.1314,-36.1924],[-72.0987,-36.1557],[-72.1031,-36.1247],[-72.097,-36.1372],[-72.0766,-36.1308],[-72.073,-36.1563],[-72.0226,-36.1749],[-72.022,-36.1888],[-71.99,-36.2095],[-71.9994,-36.2275],[-71.9726,-36.2595],[-71.9584,-36.25],[-71.9087,-36.2689],[-71.8631,-36.2458],[-71.8126,-36.2549],[-71.7899,-36.2904],[-71.6887,-36.359],[-71.628,-36.3723],[-71.5719,-36.4043],[-71.4669,-36.4127],[-71.4386,-36.4337],[-71.4094,-36.5038],[-71.3538,-36.5125],[-71.3384,-36.5436],[-71.3207,-36.5319],[-71.3074,-36.4843],[-71.2809,-36.4474],[-71.2633,-36.4398],[-71.2333,-36.4659],[-71.1992,-36.4408],[-71.1873,-36.409],[-71.1559,-36.4057],[-71.138,-36.3757],[-71.113,-36.3618],[-71.0792,-36.3701],[-71.0588,-36.3868],[-71.0616,-36.4641],[-71.036,-36.475],[-71.0575,-36.6174],[-71.0261,-36.6641],[-71.0108,-36.6638],[-71.007,-36.6829],[-71.012,-36.6969],[-71.0661,-36.7145],[-71.0863,-36.6774],[-71.1137,-36.6795],[-71.1111,-36.7273],[-71.1318,-36.8143],[-71.1519,-36.8259],[-71.1637,-36.8193],[-71.1797,-36.8413],[-71.1624,-36.8614],[-71.1386,-36.8534],[-71.1219,-36.8641],[-71.1481,-36.9155],[-71.1446,-36.9291],[-71.0882,-36.9293],[-71.0999,-36.9651],[-71.1467,-36.9817],[-71.1735,-36.9688],[-71.2223,-36.9787],[-71.1667,-36.9981],[-71.1432,-37.0321],[-71.1399,-37.0701],[-71.1205,-37.0729],[-71.1209,-37.092],[-71.0961,-37.1091],[-71.156,-37.1165],[-71.1885,-37.0981],[-71.2694,-37.1117],[-71.3013,-37.103],[-71.3288,-37.0778],[-71.3826,-37.0672],[-71.4089,-37.0905],[-71.4583,-37.0663],[-71.4781,-37.0207],[-71.5108,-37.0042],[-71.551,-37.0212],[-71.5413,-37.0748],[-71.5634,-37.1334],[-71.5809,-37.1241],[-71.6782,-37.145],[-71.7118,-37.1256],[-71.7982,-37.1087],[-71.8423,-37.1284],[-71.8496,-37.161],[-71.8906,-37.1827],[-71.9898,-37.1933],[-72.0352,-37.1655],[-72.0655,-37.1668],[-72.0543,-37.1742],[-72.0618,-37.1927],[-72.1132,-37.1783],[-72.1665,-37.1978],[-72.219,-37.1858],[-72.2712,-37.195],[-72.2796,-37.155],[-72.2653,-37.1482],[-72.2612,-37.1234],[-72.2715,-37.1205],[-72.2565,-37.1057],[-72.2612,-37.0926],[-72.2275,-37.0827],[-72.1829,-37.0459],[-72.2297,-37.009],[-72.3433,-36.9704],[-72.3528,-36.9389],[-72.3855,-36.9117],[-72.3895,-36.9162]]]]}}]}